2020-06-02,00:00,Tue,493,True,P34 - P+R_Meijersplein,496
2020-06-02,00:01,Tue,493,True,P34 - P+R_Meijersplein,496
2020-06-02,00:02,Tue,493,True,P34 - P+R_Meijersplein,496
2020-06-02,00:03,Tue,493,True,P34 - P+R_Meijersplein,496
2020-06-02,00:04,Tue,493,True,P34 - P+R_Meijersplein,496
2020-06-02,00:05,Tue,493,True,P34 - P+R_Meijersplein,496
2020-06-02,00:06,Tue,493,True,P34 - P+R_Meijersplein,496
2020-06-02,00:07,Tue,493,True,P34 - P+R_Meijersplein,496
2020-06-02,00:08,Tue,493,True,P34 - P+R_Meijersplein,496
2020-06-02,00:09,Tue,493,True,P34 - P+R_Meijersplein,496
2020-06-02,00:10,Tue,493,True,P34 - P+R_Meijersplein,496
2020-06-02,00:11,Tue,493,True,P34 - P+R_Meijersplein,496
2020-06-02,00:12,Tue,493,True,P34 - P+R_Meijersplein,496
2020-06-02,00:13,Tue,493,True,P34 - P+R_Meijersplein,496
2020-06-02,00:14,Tue,493,True,P34 - P+R_Meijersplein,496
2020-06-02,00:15,Tue,493,True,P34 - P+R_Meijersplein,496
2020-06-02,00:16,Tue,493,True,P34 - P+R_Meijersplein,496
2020-06-02,00:17,Tue,493,True,P34 - P+R_Meijersplein,496
2020-06-02,00:18,Tue,493,True,P34 - P+R_Meijersplein,496
2020-06-02,00:19,Tue,493,True,P34 - P+R_Meijersplein,496
2020-06-02,00:20,Tue,493,True,P34 - P+R_Meijersplein,496
2020-06-02,00:21,Tue,493,True,P34 - P+R_Meijersplein,496
2020-06-02,00:22,Tue,493,True,P34 - P+R_Meijersplein,496
2020-06-02,00:23,Tue,493,True,P34 - P+R_Meijersplein,496
2020-06-02,00:24,Tue,493,True,P34 - P+R_Meijersplein,496
2020-06-02,00:25,Tue,493,True,P34 - P+R_Meijersplein,496
2020-06-02,00:26,Tue,493,True,P34 - P+R_Meijersplein,496
2020-06-02,00:27,Tue,493,True,P34 - P+R_Meijersplein,496
2020-06-02,00:28,Tue,493,True,P34 - P+R_Meijersplein,496
2020-06-02,00:29,Tue,493,True,P34 - P+R_Meijersplein,496
2020-06-02,00:30,Tue,493,True,P34 - P+R_Meijersplein,496
2020-06-02,00:31,Tue,493,True,P34 - P+R_Meijersplein,496
2020-06-02,00:32,Tue,493,True,P34 - P+R_Meijersplein,496
2020-06-02,00:33,Tue,493,True,P34 - P+R_Meijersplein,496
2020-06-02,00:34,Tue,493,True,P34 - P+R_Meijersplein,496
2020-06-02,00:35,Tue,493,True,P34 - P+R_Meijersplein,496
2020-06-02,00:36,Tue,493,True,P34 - P+R_Meijersplein,496
2020-06-02,00:37,Tue,493,True,P34 - P+R_Meijersplein,496
2020-06-02,00:38,Tue,493,True,P34 - P+R_Meijersplein,496
2020-06-02,00:39,Tue,493,True,P34 - P+R_Meijersplein,496
2020-06-02,00:40,Tue,493,True,P34 - P+R_Meijersplein,496
2020-06-02,00:41,Tue,493,True,P34 - P+R_Meijersplein,496
2020-06-02,00:42,Tue,493,True,P34 - P+R_Meijersplein,496
2020-06-02,00:43,Tue,493,True,P34 - P+R_Meijersplein,496
2020-06-02,00:44,Tue,493,True,P34 - P+R_Meijersplein,496
2020-06-02,00:45,Tue,493,True,P34 - P+R_Meijersplein,496
2020-06-02,00:46,Tue,493,True,P34 - P+R_Meijersplein,496
2020-06-02,00:47,Tue,493,True,P34 - P+R_Meijersplein,496
2020-06-02,00:48,Tue,493,True,P34 - P+R_Meijersplein,496
2020-06-02,00:49,Tue,493,True,P34 - P+R_Meijersplein,496
2020-06-02,00:50,Tue,493,True,P34 - P+R_Meijersplein,496
2020-06-02,00:51,Tue,493,True,P34 - P+R_Meijersplein,496
2020-06-02,00:52,Tue,493,True,P34 - P+R_Meijersplein,496
2020-06-02,00:53,Tue,493,True,P34 - P+R_Meijersplein,496
2020-06-02,00:54,Tue,493,True,P34 - P+R_Meijersplein,496
2020-06-02,00:55,Tue,493,True,P34 - P+R_Meijersplein,496
2020-06-02,00:56,Tue,493,True,P34 - P+R_Meijersplein,496
2020-06-02,00:57,Tue,493,True,P34 - P+R_Meijersplein,496
2020-06-02,00:58,Tue,493,True,P34 - P+R_Meijersplein,496
2020-06-02,00:59,Tue,493,True,P34 - P+R_Meijersplein,496
2020-06-02,01:00,Tue,493,True,P34 - P+R_Meijersplein,496
2020-06-02,01:01,Tue,493,True,P34 - P+R_Meijersplein,496
2020-06-02,01:02,Tue,493,True,P34 - P+R_Meijersplein,496
2020-06-02,01:03,Tue,493,True,P34 - P+R_Meijersplein,496
2020-06-02,01:04,Tue,493,True,P34 - P+R_Meijersplein,496
2020-06-02,01:05,Tue,493,True,P34 - P+R_Meijersplein,496
2020-06-02,01:06,Tue,493,True,P34 - P+R_Meijersplein,496
2020-06-02,01:07,Tue,493,True,P34 - P+R_Meijersplein,496
2020-06-02,01:08,Tue,493,True,P34 - P+R_Meijersplein,496
2020-06-02,01:09,Tue,493,True,P34 - P+R_Meijersplein,496
2020-06-02,01:10,Tue,493,True,P34 - P+R_Meijersplein,496
2020-06-02,01:11,Tue,493,True,P34 - P+R_Meijersplein,496
2020-06-02,01:12,Tue,493,True,P34 - P+R_Meijersplein,496
2020-06-02,01:13,Tue,493,True,P34 - P+R_Meijersplein,496
2020-06-02,01:14,Tue,493,True,P34 - P+R_Meijersplein,496
2020-06-02,01:15,Tue,493,True,P34 - P+R_Meijersplein,496
2020-06-02,01:16,Tue,493,True,P34 - P+R_Meijersplein,496
2020-06-02,01:17,Tue,493,True,P34 - P+R_Meijersplein,496
2020-06-02,01:18,Tue,493,True,P34 - P+R_Meijersplein,496
2020-06-02,01:19,Tue,493,True,P34 - P+R_Meijersplein,496
2020-06-02,01:20,Tue,493,True,P34 - P+R_Meijersplein,496
2020-06-02,01:21,Tue,493,True,P34 - P+R_Meijersplein,496
2020-06-02,01:22,Tue,493,True,P34 - P+R_Meijersplein,496
2020-06-02,01:23,Tue,493,True,P34 - P+R_Meijersplein,496
2020-06-02,01:24,Tue,493,True,P34 - P+R_Meijersplein,496
2020-06-02,01:25,Tue,493,True,P34 - P+R_Meijersplein,496
2020-06-02,01:26,Tue,493,True,P34 - P+R_Meijersplein,496
2020-06-02,01:27,Tue,493,True,P34 - P+R_Meijersplein,496
2020-06-02,01:28,Tue,493,True,P34 - P+R_Meijersplein,496
2020-06-02,01:29,Tue,493,True,P34 - P+R_Meijersplein,496
2020-06-02,01:30,Tue,493,True,P34 - P+R_Meijersplein,496
2020-06-02,01:31,Tue,493,True,P34 - P+R_Meijersplein,496
2020-06-02,01:32,Tue,493,True,P34 - P+R_Meijersplein,496
2020-06-02,01:33,Tue,493,True,P34 - P+R_Meijersplein,496
2020-06-02,01:34,Tue,493,True,P34 - P+R_Meijersplein,496
2020-06-02,01:35,Tue,493,True,P34 - P+R_Meijersplein,496
2020-06-02,01:36,Tue,493,True,P34 - P+R_Meijersplein,496
2020-06-02,01:37,Tue,493,True,P34 - P+R_Meijersplein,496
2020-06-02,01:38,Tue,493,True,P34 - P+R_Meijersplein,496
2020-06-02,01:39,Tue,493,True,P34 - P+R_Meijersplein,496
2020-06-02,01:40,Tue,493,True,P34 - P+R_Meijersplein,496
2020-06-02,01:41,Tue,493,True,P34 - P+R_Meijersplein,496
2020-06-02,01:42,Tue,493,True,P34 - P+R_Meijersplein,496
2020-06-02,01:43,Tue,493,True,P34 - P+R_Meijersplein,496
2020-06-02,01:44,Tue,493,True,P34 - P+R_Meijersplein,496
2020-06-02,01:45,Tue,493,True,P34 - P+R_Meijersplein,496
2020-06-02,01:46,Tue,493,True,P34 - P+R_Meijersplein,496
2020-06-02,01:47,Tue,493,True,P34 - P+R_Meijersplein,496
2020-06-02,01:48,Tue,493,True,P34 - P+R_Meijersplein,496
2020-06-02,01:49,Tue,493,True,P34 - P+R_Meijersplein,496
2020-06-02,01:50,Tue,493,True,P34 - P+R_Meijersplein,496
2020-06-02,01:51,Tue,493,True,P34 - P+R_Meijersplein,496
2020-06-02,01:52,Tue,493,True,P34 - P+R_Meijersplein,496
2020-06-02,01:53,Tue,492,True,P34 - P+R_Meijersplein,496
2020-06-02,01:54,Tue,492,True,P34 - P+R_Meijersplein,496
2020-06-02,01:55,Tue,493,True,P34 - P+R_Meijersplein,496
2020-06-02,01:56,Tue,493,True,P34 - P+R_Meijersplein,496
2020-06-02,01:57,Tue,493,True,P34 - P+R_Meijersplein,496
2020-06-02,01:58,Tue,493,True,P34 - P+R_Meijersplein,496
2020-06-02,01:59,Tue,493,True,P34 - P+R_Meijersplein,496
2020-06-02,02:00,Tue,493,True,P34 - P+R_Meijersplein,496
2020-06-02,02:01,Tue,493,True,P34 - P+R_Meijersplein,496
2020-06-02,02:02,Tue,493,True,P34 - P+R_Meijersplein,496
2020-06-02,02:03,Tue,493,True,P34 - P+R_Meijersplein,496
2020-06-02,02:04,Tue,493,True,P34 - P+R_Meijersplein,496
2020-06-02,02:05,Tue,493,True,P34 - P+R_Meijersplein,496
2020-06-02,02:06,Tue,493,True,P34 - P+R_Meijersplein,496
2020-06-02,02:07,Tue,493,True,P34 - P+R_Meijersplein,496
2020-06-02,02:08,Tue,493,True,P34 - P+R_Meijersplein,496
2020-06-02,02:09,Tue,493,True,P34 - P+R_Meijersplein,496
2020-06-02,02:10,Tue,493,True,P34 - P+R_Meijersplein,496
2020-06-02,02:11,Tue,493,True,P34 - P+R_Meijersplein,496
2020-06-02,02:12,Tue,493,True,P34 - P+R_Meijersplein,496
2020-06-02,02:13,Tue,493,True,P34 - P+R_Meijersplein,496
2020-06-02,02:14,Tue,493,True,P34 - P+R_Meijersplein,496
2020-06-02,02:15,Tue,493,True,P34 - P+R_Meijersplein,496
2020-06-02,02:16,Tue,493,True,P34 - P+R_Meijersplein,496
2020-06-02,02:17,Tue,493,True,P34 - P+R_Meijersplein,496
2020-06-02,02:18,Tue,493,True,P34 - P+R_Meijersplein,496
2020-06-02,02:19,Tue,493,True,P34 - P+R_Meijersplein,496
2020-06-02,02:20,Tue,493,True,P34 - P+R_Meijersplein,496
2020-06-02,02:21,Tue,493,True,P34 - P+R_Meijersplein,496
2020-06-02,02:22,Tue,493,True,P34 - P+R_Meijersplein,496
2020-06-02,02:23,Tue,493,True,P34 - P+R_Meijersplein,496
2020-06-02,02:24,Tue,493,True,P34 - P+R_Meijersplein,496
2020-06-02,02:25,Tue,493,True,P34 - P+R_Meijersplein,496
2020-06-02,02:26,Tue,493,True,P34 - P+R_Meijersplein,496
2020-06-02,02:27,Tue,493,True,P34 - P+R_Meijersplein,496
2020-06-02,02:28,Tue,493,True,P34 - P+R_Meijersplein,496
2020-06-02,02:29,Tue,493,True,P34 - P+R_Meijersplein,496
2020-06-02,02:30,Tue,493,True,P34 - P+R_Meijersplein,496
2020-06-02,02:31,Tue,493,True,P34 - P+R_Meijersplein,496
2020-06-02,02:32,Tue,493,True,P34 - P+R_Meijersplein,496
2020-06-02,02:33,Tue,493,True,P34 - P+R_Meijersplein,496
2020-06-02,02:34,Tue,493,True,P34 - P+R_Meijersplein,496
2020-06-02,02:35,Tue,493,True,P34 - P+R_Meijersplein,496
2020-06-02,02:36,Tue,493,True,P34 - P+R_Meijersplein,496
2020-06-02,02:37,Tue,493,True,P34 - P+R_Meijersplein,496
2020-06-02,02:38,Tue,493,True,P34 - P+R_Meijersplein,496
2020-06-02,02:39,Tue,493,True,P34 - P+R_Meijersplein,496
2020-06-02,02:40,Tue,493,True,P34 - P+R_Meijersplein,496
2020-06-02,02:41,Tue,493,True,P34 - P+R_Meijersplein,496
2020-06-02,02:42,Tue,493,True,P34 - P+R_Meijersplein,496
2020-06-02,02:43,Tue,493,True,P34 - P+R_Meijersplein,496
2020-06-02,02:44,Tue,493,True,P34 - P+R_Meijersplein,496
2020-06-02,02:45,Tue,493,True,P34 - P+R_Meijersplein,496
2020-06-02,02:46,Tue,493,True,P34 - P+R_Meijersplein,496
2020-06-02,02:47,Tue,493,True,P34 - P+R_Meijersplein,496
2020-06-02,02:48,Tue,493,True,P34 - P+R_Meijersplein,496
2020-06-02,02:49,Tue,493,True,P34 - P+R_Meijersplein,496
2020-06-02,02:50,Tue,493,True,P34 - P+R_Meijersplein,496
2020-06-02,02:51,Tue,493,True,P34 - P+R_Meijersplein,496
2020-06-02,02:52,Tue,493,True,P34 - P+R_Meijersplein,496
2020-06-02,02:53,Tue,493,True,P34 - P+R_Meijersplein,496
2020-06-02,02:54,Tue,493,True,P34 - P+R_Meijersplein,496
2020-06-02,02:55,Tue,493,True,P34 - P+R_Meijersplein,496
2020-06-02,02:56,Tue,493,True,P34 - P+R_Meijersplein,496
2020-06-02,02:57,Tue,493,True,P34 - P+R_Meijersplein,496
2020-06-02,02:58,Tue,493,True,P34 - P+R_Meijersplein,496
2020-06-02,02:59,Tue,493,True,P34 - P+R_Meijersplein,496
2020-06-02,03:00,Tue,493,True,P34 - P+R_Meijersplein,496
2020-06-02,03:01,Tue,493,True,P34 - P+R_Meijersplein,496
2020-06-02,03:02,Tue,493,True,P34 - P+R_Meijersplein,496
2020-06-02,03:03,Tue,493,True,P34 - P+R_Meijersplein,496
2020-06-02,03:04,Tue,493,True,P34 - P+R_Meijersplein,496
2020-06-02,03:05,Tue,493,True,P34 - P+R_Meijersplein,496
2020-06-02,03:06,Tue,493,True,P34 - P+R_Meijersplein,496
2020-06-02,03:07,Tue,493,True,P34 - P+R_Meijersplein,496
2020-06-02,03:08,Tue,493,True,P34 - P+R_Meijersplein,496
2020-06-02,03:09,Tue,493,True,P34 - P+R_Meijersplein,496
2020-06-02,03:10,Tue,493,True,P34 - P+R_Meijersplein,496
2020-06-02,03:11,Tue,493,True,P34 - P+R_Meijersplein,496
2020-06-02,03:12,Tue,493,True,P34 - P+R_Meijersplein,496
2020-06-02,03:13,Tue,493,True,P34 - P+R_Meijersplein,496
2020-06-02,03:14,Tue,493,True,P34 - P+R_Meijersplein,496
2020-06-02,03:15,Tue,493,True,P34 - P+R_Meijersplein,496
2020-06-02,03:16,Tue,493,True,P34 - P+R_Meijersplein,496
2020-06-02,03:17,Tue,493,True,P34 - P+R_Meijersplein,496
2020-06-02,03:18,Tue,493,True,P34 - P+R_Meijersplein,496
2020-06-02,03:19,Tue,493,True,P34 - P+R_Meijersplein,496
2020-06-02,03:20,Tue,493,True,P34 - P+R_Meijersplein,496
2020-06-02,03:21,Tue,493,True,P34 - P+R_Meijersplein,496
2020-06-02,03:22,Tue,493,True,P34 - P+R_Meijersplein,496
2020-06-02,03:23,Tue,493,True,P34 - P+R_Meijersplein,496
2020-06-02,03:24,Tue,493,True,P34 - P+R_Meijersplein,496
2020-06-02,03:25,Tue,493,True,P34 - P+R_Meijersplein,496
2020-06-02,03:26,Tue,493,True,P34 - P+R_Meijersplein,496
2020-06-02,03:27,Tue,493,True,P34 - P+R_Meijersplein,496
2020-06-02,03:28,Tue,493,True,P34 - P+R_Meijersplein,496
2020-06-02,03:29,Tue,493,True,P34 - P+R_Meijersplein,496
2020-06-02,03:30,Tue,493,True,P34 - P+R_Meijersplein,496
2020-06-02,03:31,Tue,493,True,P34 - P+R_Meijersplein,496
2020-06-02,03:32,Tue,493,True,P34 - P+R_Meijersplein,496
2020-06-02,03:33,Tue,493,True,P34 - P+R_Meijersplein,496
2020-06-02,03:34,Tue,493,True,P34 - P+R_Meijersplein,496
2020-06-02,03:35,Tue,493,True,P34 - P+R_Meijersplein,496
2020-06-02,03:36,Tue,493,True,P34 - P+R_Meijersplein,496
2020-06-02,03:37,Tue,493,True,P34 - P+R_Meijersplein,496
2020-06-02,03:38,Tue,493,True,P34 - P+R_Meijersplein,496
2020-06-02,03:39,Tue,493,True,P34 - P+R_Meijersplein,496
2020-06-02,03:40,Tue,493,True,P34 - P+R_Meijersplein,496
2020-06-02,03:41,Tue,493,True,P34 - P+R_Meijersplein,496
2020-06-02,03:42,Tue,493,True,P34 - P+R_Meijersplein,496
2020-06-02,03:43,Tue,493,True,P34 - P+R_Meijersplein,496
2020-06-02,03:44,Tue,493,True,P34 - P+R_Meijersplein,496
2020-06-02,03:45,Tue,493,True,P34 - P+R_Meijersplein,496
2020-06-02,03:46,Tue,493,True,P34 - P+R_Meijersplein,496
2020-06-02,03:47,Tue,493,True,P34 - P+R_Meijersplein,496
2020-06-02,03:48,Tue,493,True,P34 - P+R_Meijersplein,496
2020-06-02,03:49,Tue,493,True,P34 - P+R_Meijersplein,496
2020-06-02,03:50,Tue,493,True,P34 - P+R_Meijersplein,496
2020-06-02,03:51,Tue,493,True,P34 - P+R_Meijersplein,496
2020-06-02,03:52,Tue,493,True,P34 - P+R_Meijersplein,496
2020-06-02,03:53,Tue,493,True,P34 - P+R_Meijersplein,496
2020-06-02,03:54,Tue,493,True,P34 - P+R_Meijersplein,496
2020-06-02,03:55,Tue,493,True,P34 - P+R_Meijersplein,496
2020-06-02,03:56,Tue,493,True,P34 - P+R_Meijersplein,496
2020-06-02,03:57,Tue,493,True,P34 - P+R_Meijersplein,496
2020-06-02,03:58,Tue,493,True,P34 - P+R_Meijersplein,496
2020-06-02,03:59,Tue,493,True,P34 - P+R_Meijersplein,496
2020-06-02,04:00,Tue,493,True,P34 - P+R_Meijersplein,496
2020-06-02,04:01,Tue,493,True,P34 - P+R_Meijersplein,496
2020-06-02,04:02,Tue,493,True,P34 - P+R_Meijersplein,496
2020-06-02,04:03,Tue,493,True,P34 - P+R_Meijersplein,496
2020-06-02,04:04,Tue,493,True,P34 - P+R_Meijersplein,496
2020-06-02,04:05,Tue,493,True,P34 - P+R_Meijersplein,496
2020-06-02,04:06,Tue,493,True,P34 - P+R_Meijersplein,496
2020-06-02,04:07,Tue,493,True,P34 - P+R_Meijersplein,496
2020-06-02,04:08,Tue,493,True,P34 - P+R_Meijersplein,496
2020-06-02,04:09,Tue,493,True,P34 - P+R_Meijersplein,496
2020-06-02,04:10,Tue,493,True,P34 - P+R_Meijersplein,496
2020-06-02,04:11,Tue,493,True,P34 - P+R_Meijersplein,496
2020-06-02,04:12,Tue,493,True,P34 - P+R_Meijersplein,496
2020-06-02,04:13,Tue,493,True,P34 - P+R_Meijersplein,496
2020-06-02,04:14,Tue,493,True,P34 - P+R_Meijersplein,496
2020-06-02,04:15,Tue,493,True,P34 - P+R_Meijersplein,496
2020-06-02,04:16,Tue,493,True,P34 - P+R_Meijersplein,496
2020-06-02,04:17,Tue,493,True,P34 - P+R_Meijersplein,496
2020-06-02,04:18,Tue,493,True,P34 - P+R_Meijersplein,496
2020-06-02,04:19,Tue,493,True,P34 - P+R_Meijersplein,496
2020-06-02,04:20,Tue,493,True,P34 - P+R_Meijersplein,496
2020-06-02,04:21,Tue,493,True,P34 - P+R_Meijersplein,496
2020-06-02,04:22,Tue,493,True,P34 - P+R_Meijersplein,496
2020-06-02,04:23,Tue,493,True,P34 - P+R_Meijersplein,496
2020-06-02,04:24,Tue,493,True,P34 - P+R_Meijersplein,496
2020-06-02,04:25,Tue,493,True,P34 - P+R_Meijersplein,496
2020-06-02,04:26,Tue,493,True,P34 - P+R_Meijersplein,496
2020-06-02,04:27,Tue,493,True,P34 - P+R_Meijersplein,496
2020-06-02,04:28,Tue,493,True,P34 - P+R_Meijersplein,496
2020-06-02,04:29,Tue,493,True,P34 - P+R_Meijersplein,496
2020-06-02,04:30,Tue,493,True,P34 - P+R_Meijersplein,496
2020-06-02,04:31,Tue,493,True,P34 - P+R_Meijersplein,496
2020-06-02,04:32,Tue,493,True,P34 - P+R_Meijersplein,496
2020-06-02,04:33,Tue,493,True,P34 - P+R_Meijersplein,496
2020-06-02,04:34,Tue,493,True,P34 - P+R_Meijersplein,496
2020-06-02,04:35,Tue,493,True,P34 - P+R_Meijersplein,496
2020-06-02,04:36,Tue,493,True,P34 - P+R_Meijersplein,496
2020-06-02,04:37,Tue,493,True,P34 - P+R_Meijersplein,496
2020-06-02,04:38,Tue,493,True,P34 - P+R_Meijersplein,496
2020-06-02,04:39,Tue,493,True,P34 - P+R_Meijersplein,496
2020-06-02,04:40,Tue,493,True,P34 - P+R_Meijersplein,496
2020-06-02,04:41,Tue,493,True,P34 - P+R_Meijersplein,496
2020-06-02,04:42,Tue,493,True,P34 - P+R_Meijersplein,496
2020-06-02,04:43,Tue,493,True,P34 - P+R_Meijersplein,496
2020-06-02,04:44,Tue,493,True,P34 - P+R_Meijersplein,496
2020-06-02,04:45,Tue,493,True,P34 - P+R_Meijersplein,496
2020-06-02,04:46,Tue,493,True,P34 - P+R_Meijersplein,496
2020-06-02,04:47,Tue,493,True,P34 - P+R_Meijersplein,496
2020-06-02,04:48,Tue,493,True,P34 - P+R_Meijersplein,496
2020-06-02,04:49,Tue,493,True,P34 - P+R_Meijersplein,496
2020-06-02,04:50,Tue,493,True,P34 - P+R_Meijersplein,496
2020-06-02,04:51,Tue,493,True,P34 - P+R_Meijersplein,496
2020-06-02,04:52,Tue,493,True,P34 - P+R_Meijersplein,496
2020-06-02,04:53,Tue,493,True,P34 - P+R_Meijersplein,496
2020-06-02,04:54,Tue,493,True,P34 - P+R_Meijersplein,496
2020-06-02,04:55,Tue,493,True,P34 - P+R_Meijersplein,496
2020-06-02,04:56,Tue,493,True,P34 - P+R_Meijersplein,496
2020-06-02,04:57,Tue,493,True,P34 - P+R_Meijersplein,496
2020-06-02,04:58,Tue,493,True,P34 - P+R_Meijersplein,496
2020-06-02,04:59,Tue,493,True,P34 - P+R_Meijersplein,496
2020-06-02,05:00,Tue,493,True,P34 - P+R_Meijersplein,496
2020-06-02,05:01,Tue,493,True,P34 - P+R_Meijersplein,496
2020-06-02,05:02,Tue,493,True,P34 - P+R_Meijersplein,496
2020-06-02,05:03,Tue,493,True,P34 - P+R_Meijersplein,496
2020-06-02,05:04,Tue,493,True,P34 - P+R_Meijersplein,496
2020-06-02,05:05,Tue,493,True,P34 - P+R_Meijersplein,496
2020-06-02,05:06,Tue,493,True,P34 - P+R_Meijersplein,496
2020-06-02,05:07,Tue,493,True,P34 - P+R_Meijersplein,496
2020-06-02,05:08,Tue,493,True,P34 - P+R_Meijersplein,496
2020-06-02,05:09,Tue,493,True,P34 - P+R_Meijersplein,496
2020-06-02,05:10,Tue,493,True,P34 - P+R_Meijersplein,496
2020-06-02,05:11,Tue,493,True,P34 - P+R_Meijersplein,496
2020-06-02,05:12,Tue,493,True,P34 - P+R_Meijersplein,496
2020-06-02,05:13,Tue,493,True,P34 - P+R_Meijersplein,496
2020-06-02,05:14,Tue,493,True,P34 - P+R_Meijersplein,496
2020-06-02,05:15,Tue,493,True,P34 - P+R_Meijersplein,496
2020-06-02,05:16,Tue,493,True,P34 - P+R_Meijersplein,496
2020-06-02,05:17,Tue,493,True,P34 - P+R_Meijersplein,496
2020-06-02,05:18,Tue,493,True,P34 - P+R_Meijersplein,496
2020-06-02,05:19,Tue,493,True,P34 - P+R_Meijersplein,496
2020-06-02,05:20,Tue,493,True,P34 - P+R_Meijersplein,496
2020-06-02,05:21,Tue,493,True,P34 - P+R_Meijersplein,496
2020-06-02,05:22,Tue,493,True,P34 - P+R_Meijersplein,496
2020-06-02,05:23,Tue,493,True,P34 - P+R_Meijersplein,496
2020-06-02,05:24,Tue,493,True,P34 - P+R_Meijersplein,496
2020-06-02,05:25,Tue,493,True,P34 - P+R_Meijersplein,496
2020-06-02,05:26,Tue,493,True,P34 - P+R_Meijersplein,496
2020-06-02,05:27,Tue,493,True,P34 - P+R_Meijersplein,496
2020-06-02,05:28,Tue,493,True,P34 - P+R_Meijersplein,496
2020-06-02,05:29,Tue,493,True,P34 - P+R_Meijersplein,496
2020-06-02,05:30,Tue,493,True,P34 - P+R_Meijersplein,496
2020-06-02,05:31,Tue,493,True,P34 - P+R_Meijersplein,496
2020-06-02,05:32,Tue,493,True,P34 - P+R_Meijersplein,496
2020-06-02,05:33,Tue,493,True,P34 - P+R_Meijersplein,496
2020-06-02,05:34,Tue,493,True,P34 - P+R_Meijersplein,496
2020-06-02,05:35,Tue,493,True,P34 - P+R_Meijersplein,496
2020-06-02,05:36,Tue,493,True,P34 - P+R_Meijersplein,496
2020-06-02,05:37,Tue,493,True,P34 - P+R_Meijersplein,496
2020-06-02,05:38,Tue,493,True,P34 - P+R_Meijersplein,496
2020-06-02,05:39,Tue,493,True,P34 - P+R_Meijersplein,496
2020-06-02,05:40,Tue,493,True,P34 - P+R_Meijersplein,496
2020-06-02,05:41,Tue,493,True,P34 - P+R_Meijersplein,496
2020-06-02,05:42,Tue,493,True,P34 - P+R_Meijersplein,496
2020-06-02,05:43,Tue,493,True,P34 - P+R_Meijersplein,496
2020-06-02,05:44,Tue,493,True,P34 - P+R_Meijersplein,496
2020-06-02,05:45,Tue,493,True,P34 - P+R_Meijersplein,496
2020-06-02,05:46,Tue,493,True,P34 - P+R_Meijersplein,496
2020-06-02,05:47,Tue,493,True,P34 - P+R_Meijersplein,496
2020-06-02,05:48,Tue,493,True,P34 - P+R_Meijersplein,496
2020-06-02,05:49,Tue,493,True,P34 - P+R_Meijersplein,496
2020-06-02,05:50,Tue,493,True,P34 - P+R_Meijersplein,496
2020-06-02,05:51,Tue,493,True,P34 - P+R_Meijersplein,496
2020-06-02,05:52,Tue,493,True,P34 - P+R_Meijersplein,496
2020-06-02,05:53,Tue,493,True,P34 - P+R_Meijersplein,496
2020-06-02,05:54,Tue,493,True,P34 - P+R_Meijersplein,496
2020-06-02,05:55,Tue,492,True,P34 - P+R_Meijersplein,496
2020-06-02,05:56,Tue,492,True,P34 - P+R_Meijersplein,496
2020-06-02,05:57,Tue,492,True,P34 - P+R_Meijersplein,496
2020-06-02,05:58,Tue,492,True,P34 - P+R_Meijersplein,496
2020-06-02,05:59,Tue,492,True,P34 - P+R_Meijersplein,496
2020-06-02,06:00,Tue,492,True,P34 - P+R_Meijersplein,496
2020-06-02,06:01,Tue,491,True,P34 - P+R_Meijersplein,496
2020-06-02,06:02,Tue,491,True,P34 - P+R_Meijersplein,496
2020-06-02,06:03,Tue,491,True,P34 - P+R_Meijersplein,496
2020-06-02,06:04,Tue,491,True,P34 - P+R_Meijersplein,496
2020-06-02,06:05,Tue,491,True,P34 - P+R_Meijersplein,496
2020-06-02,06:06,Tue,491,True,P34 - P+R_Meijersplein,496
2020-06-02,06:07,Tue,491,True,P34 - P+R_Meijersplein,496
2020-06-02,06:08,Tue,491,True,P34 - P+R_Meijersplein,496
2020-06-02,06:09,Tue,491,True,P34 - P+R_Meijersplein,496
2020-06-02,06:10,Tue,491,True,P34 - P+R_Meijersplein,496
2020-06-02,06:11,Tue,491,True,P34 - P+R_Meijersplein,496
2020-06-02,06:12,Tue,491,True,P34 - P+R_Meijersplein,496
2020-06-02,06:13,Tue,491,True,P34 - P+R_Meijersplein,496
2020-06-02,06:14,Tue,491,True,P34 - P+R_Meijersplein,496
2020-06-02,06:15,Tue,491,True,P34 - P+R_Meijersplein,496
2020-06-02,06:16,Tue,491,True,P34 - P+R_Meijersplein,496
2020-06-02,06:17,Tue,491,True,P34 - P+R_Meijersplein,496
2020-06-02,06:18,Tue,491,True,P34 - P+R_Meijersplein,496
2020-06-02,06:19,Tue,491,True,P34 - P+R_Meijersplein,496
2020-06-02,06:20,Tue,491,True,P34 - P+R_Meijersplein,496
2020-06-02,06:21,Tue,491,True,P34 - P+R_Meijersplein,496
2020-06-02,06:22,Tue,491,True,P34 - P+R_Meijersplein,496
2020-06-02,06:23,Tue,491,True,P34 - P+R_Meijersplein,496
2020-06-02,06:24,Tue,491,True,P34 - P+R_Meijersplein,496
2020-06-02,06:25,Tue,491,True,P34 - P+R_Meijersplein,496
2020-06-02,06:26,Tue,491,True,P34 - P+R_Meijersplein,496
2020-06-02,06:27,Tue,491,True,P34 - P+R_Meijersplein,496
2020-06-02,06:28,Tue,491,True,P34 - P+R_Meijersplein,496
2020-06-02,06:29,Tue,491,True,P34 - P+R_Meijersplein,496
2020-06-02,06:30,Tue,491,True,P34 - P+R_Meijersplein,496
2020-06-02,06:31,Tue,491,True,P34 - P+R_Meijersplein,496
2020-06-02,06:32,Tue,491,True,P34 - P+R_Meijersplein,496
2020-06-02,06:33,Tue,491,True,P34 - P+R_Meijersplein,496
2020-06-02,06:34,Tue,491,True,P34 - P+R_Meijersplein,496
2020-06-02,06:35,Tue,491,True,P34 - P+R_Meijersplein,496
2020-06-02,06:36,Tue,491,True,P34 - P+R_Meijersplein,496
2020-06-02,06:37,Tue,491,True,P34 - P+R_Meijersplein,496
2020-06-02,06:38,Tue,491,True,P34 - P+R_Meijersplein,496
2020-06-02,06:39,Tue,490,True,P34 - P+R_Meijersplein,496
2020-06-02,06:40,Tue,490,True,P34 - P+R_Meijersplein,496
2020-06-02,06:41,Tue,490,True,P34 - P+R_Meijersplein,496
2020-06-02,06:42,Tue,490,True,P34 - P+R_Meijersplein,496
2020-06-02,06:43,Tue,490,True,P34 - P+R_Meijersplein,496
2020-06-02,06:44,Tue,490,True,P34 - P+R_Meijersplein,496
2020-06-02,06:45,Tue,490,True,P34 - P+R_Meijersplein,496
2020-06-02,06:46,Tue,490,True,P34 - P+R_Meijersplein,496
2020-06-02,06:47,Tue,490,True,P34 - P+R_Meijersplein,496
2020-06-02,06:48,Tue,490,True,P34 - P+R_Meijersplein,496
2020-06-02,06:49,Tue,489,True,P34 - P+R_Meijersplein,496
2020-06-02,06:50,Tue,489,True,P34 - P+R_Meijersplein,496
2020-06-02,06:51,Tue,489,True,P34 - P+R_Meijersplein,496
2020-06-02,06:52,Tue,488,True,P34 - P+R_Meijersplein,496
2020-06-02,06:53,Tue,488,True,P34 - P+R_Meijersplein,496
2020-06-02,06:54,Tue,488,True,P34 - P+R_Meijersplein,496
2020-06-02,06:55,Tue,488,True,P34 - P+R_Meijersplein,496
2020-06-02,06:56,Tue,488,True,P34 - P+R_Meijersplein,496
2020-06-02,06:57,Tue,488,True,P34 - P+R_Meijersplein,496
2020-06-02,06:58,Tue,488,True,P34 - P+R_Meijersplein,496
2020-06-02,06:59,Tue,487,True,P34 - P+R_Meijersplein,496
2020-06-02,07:00,Tue,487,True,P34 - P+R_Meijersplein,496
2020-06-02,07:01,Tue,487,True,P34 - P+R_Meijersplein,496
2020-06-02,07:02,Tue,487,True,P34 - P+R_Meijersplein,496
2020-06-02,07:03,Tue,487,True,P34 - P+R_Meijersplein,496
2020-06-02,07:04,Tue,487,True,P34 - P+R_Meijersplein,496
2020-06-02,07:05,Tue,487,True,P34 - P+R_Meijersplein,496
2020-06-02,07:06,Tue,487,True,P34 - P+R_Meijersplein,496
2020-06-02,07:07,Tue,486,True,P34 - P+R_Meijersplein,496
2020-06-02,07:08,Tue,486,True,P34 - P+R_Meijersplein,496
2020-06-02,07:09,Tue,486,True,P34 - P+R_Meijersplein,496
2020-06-02,07:10,Tue,486,True,P34 - P+R_Meijersplein,496
2020-06-02,07:11,Tue,486,True,P34 - P+R_Meijersplein,496
2020-06-02,07:12,Tue,475,True,P34 - P+R_Meijersplein,496
2020-06-02,07:13,Tue,475,True,P34 - P+R_Meijersplein,496
2020-06-02,07:14,Tue,475,True,P34 - P+R_Meijersplein,496
2020-06-02,07:15,Tue,475,True,P34 - P+R_Meijersplein,496
2020-06-02,07:16,Tue,475,True,P34 - P+R_Meijersplein,496
2020-06-02,07:17,Tue,475,True,P34 - P+R_Meijersplein,496
2020-06-02,07:18,Tue,474,True,P34 - P+R_Meijersplein,496
2020-06-02,07:19,Tue,473,True,P34 - P+R_Meijersplein,496
2020-06-02,07:20,Tue,473,True,P34 - P+R_Meijersplein,496
2020-06-02,07:21,Tue,473,True,P34 - P+R_Meijersplein,496
2020-06-02,07:22,Tue,473,True,P34 - P+R_Meijersplein,496
2020-06-02,07:23,Tue,473,True,P34 - P+R_Meijersplein,496
2020-06-02,07:24,Tue,473,True,P34 - P+R_Meijersplein,496
2020-06-02,07:25,Tue,473,True,P34 - P+R_Meijersplein,496
2020-06-02,07:26,Tue,472,True,P34 - P+R_Meijersplein,496
2020-06-02,07:27,Tue,472,True,P34 - P+R_Meijersplein,496
2020-06-02,07:28,Tue,472,True,P34 - P+R_Meijersplein,496
2020-06-02,07:29,Tue,471,True,P34 - P+R_Meijersplein,496
2020-06-02,07:30,Tue,471,True,P34 - P+R_Meijersplein,496
2020-06-02,07:31,Tue,471,True,P34 - P+R_Meijersplein,496
2020-06-02,07:32,Tue,471,True,P34 - P+R_Meijersplein,496
2020-06-02,07:33,Tue,471,True,P34 - P+R_Meijersplein,496
2020-06-02,07:34,Tue,471,True,P34 - P+R_Meijersplein,496
2020-06-02,07:35,Tue,471,True,P34 - P+R_Meijersplein,496
2020-06-02,07:36,Tue,471,True,P34 - P+R_Meijersplein,496
2020-06-02,07:37,Tue,471,True,P34 - P+R_Meijersplein,496
2020-06-02,07:38,Tue,470,True,P34 - P+R_Meijersplein,496
2020-06-02,07:39,Tue,470,True,P34 - P+R_Meijersplein,496
2020-06-02,07:40,Tue,470,True,P34 - P+R_Meijersplein,496
2020-06-02,07:41,Tue,470,True,P34 - P+R_Meijersplein,496
2020-06-02,07:42,Tue,470,True,P34 - P+R_Meijersplein,496
2020-06-02,07:43,Tue,470,True,P34 - P+R_Meijersplein,496
2020-06-02,07:44,Tue,470,True,P34 - P+R_Meijersplein,496
2020-06-02,07:45,Tue,470,True,P34 - P+R_Meijersplein,496
2020-06-02,07:46,Tue,470,True,P34 - P+R_Meijersplein,496
2020-06-02,07:47,Tue,470,True,P34 - P+R_Meijersplein,496
2020-06-02,07:48,Tue,470,True,P34 - P+R_Meijersplein,496
2020-06-02,07:49,Tue,470,True,P34 - P+R_Meijersplein,496
2020-06-02,07:50,Tue,470,True,P34 - P+R_Meijersplein,496
2020-06-02,07:51,Tue,470,True,P34 - P+R_Meijersplein,496
2020-06-02,07:52,Tue,470,True,P34 - P+R_Meijersplein,496
2020-06-02,07:53,Tue,470,True,P34 - P+R_Meijersplein,496
2020-06-02,07:54,Tue,470,True,P34 - P+R_Meijersplein,496
2020-06-02,07:55,Tue,469,True,P34 - P+R_Meijersplein,496
2020-06-02,07:56,Tue,469,True,P34 - P+R_Meijersplein,496
2020-06-02,07:57,Tue,469,True,P34 - P+R_Meijersplein,496
2020-06-02,07:58,Tue,469,True,P34 - P+R_Meijersplein,496
2020-06-02,07:59,Tue,469,True,P34 - P+R_Meijersplein,496
2020-06-02,08:00,Tue,469,True,P34 - P+R_Meijersplein,496
2020-06-02,08:01,Tue,469,True,P34 - P+R_Meijersplein,496
2020-06-02,08:02,Tue,469,True,P34 - P+R_Meijersplein,496
2020-06-02,08:03,Tue,469,True,P34 - P+R_Meijersplein,496
2020-06-02,08:04,Tue,469,True,P34 - P+R_Meijersplein,496
2020-06-02,08:05,Tue,469,True,P34 - P+R_Meijersplein,496
2020-06-02,08:06,Tue,469,True,P34 - P+R_Meijersplein,496
2020-06-02,08:07,Tue,469,True,P34 - P+R_Meijersplein,496
2020-06-02,08:08,Tue,469,True,P34 - P+R_Meijersplein,496
2020-06-02,08:09,Tue,469,True,P34 - P+R_Meijersplein,496
2020-06-02,08:10,Tue,468,True,P34 - P+R_Meijersplein,495
2020-06-02,08:11,Tue,468,True,P34 - P+R_Meijersplein,495
2020-06-02,08:12,Tue,468,True,P34 - P+R_Meijersplein,495
2020-06-02,08:13,Tue,467,True,P34 - P+R_Meijersplein,494
2020-06-02,08:14,Tue,467,True,P34 - P+R_Meijersplein,494
2020-06-02,08:15,Tue,467,True,P34 - P+R_Meijersplein,494
2020-06-02,08:16,Tue,467,True,P34 - P+R_Meijersplein,494
2020-06-02,08:17,Tue,467,True,P34 - P+R_Meijersplein,494
2020-06-02,08:18,Tue,465,True,P34 - P+R_Meijersplein,493
2020-06-02,08:19,Tue,465,True,P34 - P+R_Meijersplein,493
2020-06-02,08:20,Tue,465,True,P34 - P+R_Meijersplein,493
2020-06-02,08:21,Tue,465,True,P34 - P+R_Meijersplein,493
2020-06-02,08:22,Tue,465,True,P34 - P+R_Meijersplein,493
2020-06-02,08:23,Tue,465,True,P34 - P+R_Meijersplein,493
2020-06-02,08:24,Tue,465,True,P34 - P+R_Meijersplein,493
2020-06-02,08:25,Tue,465,True,P34 - P+R_Meijersplein,493
2020-06-02,08:26,Tue,465,True,P34 - P+R_Meijersplein,493
2020-06-02,08:27,Tue,465,True,P34 - P+R_Meijersplein,493
2020-06-02,08:28,Tue,465,True,P34 - P+R_Meijersplein,493
2020-06-02,08:29,Tue,466,True,P34 - P+R_Meijersplein,493
2020-06-02,08:30,Tue,466,True,P34 - P+R_Meijersplein,493
2020-06-02,08:31,Tue,466,True,P34 - P+R_Meijersplein,493
2020-06-02,08:32,Tue,466,True,P34 - P+R_Meijersplein,493
2020-06-02,08:33,Tue,466,True,P34 - P+R_Meijersplein,493
2020-06-02,08:34,Tue,466,True,P34 - P+R_Meijersplein,493
2020-06-02,08:35,Tue,466,True,P34 - P+R_Meijersplein,493
2020-06-02,08:36,Tue,466,True,P34 - P+R_Meijersplein,493
2020-06-02,08:37,Tue,466,True,P34 - P+R_Meijersplein,493
2020-06-02,08:38,Tue,466,True,P34 - P+R_Meijersplein,493
2020-06-02,08:39,Tue,466,True,P34 - P+R_Meijersplein,493
2020-06-02,08:40,Tue,466,True,P34 - P+R_Meijersplein,493
2020-06-02,08:41,Tue,466,True,P34 - P+R_Meijersplein,493
2020-06-02,08:42,Tue,465,True,P34 - P+R_Meijersplein,493
2020-06-02,08:43,Tue,465,True,P34 - P+R_Meijersplein,493
2020-06-02,08:44,Tue,465,True,P34 - P+R_Meijersplein,493
2020-06-02,08:45,Tue,465,True,P34 - P+R_Meijersplein,493
2020-06-02,08:46,Tue,465,True,P34 - P+R_Meijersplein,493
2020-06-02,08:47,Tue,465,True,P34 - P+R_Meijersplein,493
2020-06-02,08:48,Tue,465,True,P34 - P+R_Meijersplein,493
2020-06-02,08:49,Tue,464,True,P34 - P+R_Meijersplein,493
2020-06-02,08:50,Tue,463,True,P34 - P+R_Meijersplein,493
2020-06-02,08:51,Tue,463,True,P34 - P+R_Meijersplein,493
2020-06-02,08:52,Tue,463,True,P34 - P+R_Meijersplein,493
2020-06-02,08:53,Tue,463,True,P34 - P+R_Meijersplein,493
2020-06-02,08:54,Tue,463,True,P34 - P+R_Meijersplein,493
2020-06-02,08:55,Tue,463,True,P34 - P+R_Meijersplein,493
2020-06-02,08:56,Tue,463,True,P34 - P+R_Meijersplein,493
2020-06-02,08:57,Tue,463,True,P34 - P+R_Meijersplein,493
2020-06-02,08:58,Tue,463,True,P34 - P+R_Meijersplein,493
2020-06-02,08:59,Tue,463,True,P34 - P+R_Meijersplein,493
2020-06-02,09:00,Tue,463,True,P34 - P+R_Meijersplein,493
2020-06-02,09:01,Tue,463,True,P34 - P+R_Meijersplein,493
2020-06-02,09:02,Tue,463,True,P34 - P+R_Meijersplein,493
2020-06-02,09:03,Tue,463,True,P34 - P+R_Meijersplein,493
2020-06-02,09:04,Tue,463,True,P34 - P+R_Meijersplein,493
2020-06-02,09:05,Tue,463,True,P34 - P+R_Meijersplein,493
2020-06-02,09:06,Tue,463,True,P34 - P+R_Meijersplein,493
2020-06-02,09:07,Tue,463,True,P34 - P+R_Meijersplein,493
2020-06-02,09:08,Tue,463,True,P34 - P+R_Meijersplein,493
2020-06-02,09:09,Tue,463,True,P34 - P+R_Meijersplein,493
2020-06-02,09:10,Tue,463,True,P34 - P+R_Meijersplein,493
2020-06-02,09:11,Tue,463,True,P34 - P+R_Meijersplein,493
2020-06-02,09:12,Tue,463,True,P34 - P+R_Meijersplein,493
2020-06-02,09:13,Tue,463,True,P34 - P+R_Meijersplein,493
2020-06-02,09:14,Tue,463,True,P34 - P+R_Meijersplein,493
2020-06-02,09:15,Tue,463,True,P34 - P+R_Meijersplein,493
2020-06-02,09:16,Tue,463,True,P34 - P+R_Meijersplein,493
2020-06-02,09:17,Tue,463,True,P34 - P+R_Meijersplein,493
2020-06-02,09:18,Tue,462,True,P34 - P+R_Meijersplein,493
2020-06-02,09:19,Tue,462,True,P34 - P+R_Meijersplein,493
2020-06-02,09:20,Tue,462,True,P34 - P+R_Meijersplein,493
2020-06-02,09:21,Tue,462,True,P34 - P+R_Meijersplein,493
2020-06-02,09:22,Tue,462,True,P34 - P+R_Meijersplein,493
2020-06-02,09:23,Tue,462,True,P34 - P+R_Meijersplein,493
2020-06-02,09:24,Tue,462,True,P34 - P+R_Meijersplein,493
2020-06-02,09:25,Tue,462,True,P34 - P+R_Meijersplein,493
2020-06-02,09:26,Tue,461,True,P34 - P+R_Meijersplein,493
2020-06-02,09:27,Tue,461,True,P34 - P+R_Meijersplein,493
2020-06-02,09:28,Tue,462,True,P34 - P+R_Meijersplein,493
2020-06-02,09:29,Tue,462,True,P34 - P+R_Meijersplein,493
2020-06-02,09:30,Tue,462,True,P34 - P+R_Meijersplein,493
2020-06-02,09:31,Tue,462,True,P34 - P+R_Meijersplein,493
2020-06-02,09:32,Tue,462,True,P34 - P+R_Meijersplein,493
2020-06-02,09:33,Tue,462,True,P34 - P+R_Meijersplein,493
2020-06-02,09:34,Tue,462,True,P34 - P+R_Meijersplein,493
2020-06-02,09:35,Tue,462,True,P34 - P+R_Meijersplein,493
2020-06-02,09:36,Tue,462,True,P34 - P+R_Meijersplein,493
2020-06-02,09:37,Tue,462,True,P34 - P+R_Meijersplein,493
2020-06-02,09:38,Tue,462,True,P34 - P+R_Meijersplein,493
2020-06-02,09:39,Tue,462,True,P34 - P+R_Meijersplein,493
2020-06-02,09:40,Tue,462,True,P34 - P+R_Meijersplein,493
2020-06-02,09:41,Tue,461,True,P34 - P+R_Meijersplein,493
2020-06-02,09:42,Tue,461,True,P34 - P+R_Meijersplein,493
2020-06-02,09:43,Tue,461,True,P34 - P+R_Meijersplein,493
2020-06-02,09:44,Tue,461,True,P34 - P+R_Meijersplein,493
2020-06-02,09:45,Tue,461,True,P34 - P+R_Meijersplein,493
2020-06-02,09:46,Tue,461,True,P34 - P+R_Meijersplein,493
2020-06-02,09:47,Tue,461,True,P34 - P+R_Meijersplein,493
2020-06-02,09:48,Tue,461,True,P34 - P+R_Meijersplein,493
2020-06-02,09:49,Tue,461,True,P34 - P+R_Meijersplein,493
2020-06-02,09:50,Tue,461,True,P34 - P+R_Meijersplein,493
2020-06-02,09:51,Tue,461,True,P34 - P+R_Meijersplein,493
2020-06-02,09:52,Tue,461,True,P34 - P+R_Meijersplein,493
2020-06-02,09:53,Tue,460,True,P34 - P+R_Meijersplein,493
2020-06-02,09:54,Tue,460,True,P34 - P+R_Meijersplein,493
2020-06-02,09:55,Tue,460,True,P34 - P+R_Meijersplein,493
2020-06-02,09:56,Tue,460,True,P34 - P+R_Meijersplein,493
2020-06-02,09:57,Tue,460,True,P34 - P+R_Meijersplein,493
2020-06-02,09:58,Tue,460,True,P34 - P+R_Meijersplein,493
2020-06-02,09:59,Tue,460,True,P34 - P+R_Meijersplein,493
2020-06-02,10:00,Tue,460,True,P34 - P+R_Meijersplein,493
2020-06-02,10:01,Tue,460,True,P34 - P+R_Meijersplein,493
2020-06-02,10:02,Tue,460,True,P34 - P+R_Meijersplein,493
2020-06-02,10:03,Tue,460,True,P34 - P+R_Meijersplein,493
2020-06-02,10:04,Tue,460,True,P34 - P+R_Meijersplein,493
2020-06-02,10:05,Tue,460,True,P34 - P+R_Meijersplein,493
2020-06-02,10:06,Tue,460,True,P34 - P+R_Meijersplein,493
2020-06-02,10:07,Tue,459,True,P34 - P+R_Meijersplein,493
2020-06-02,10:08,Tue,460,True,P34 - P+R_Meijersplein,493
2020-06-02,10:09,Tue,460,True,P34 - P+R_Meijersplein,493
2020-06-02,10:10,Tue,460,True,P34 - P+R_Meijersplein,493
2020-06-02,10:11,Tue,460,True,P34 - P+R_Meijersplein,493
2020-06-02,10:12,Tue,460,True,P34 - P+R_Meijersplein,493
2020-06-02,10:13,Tue,460,True,P34 - P+R_Meijersplein,493
2020-06-02,10:14,Tue,460,True,P34 - P+R_Meijersplein,493
2020-06-02,10:15,Tue,460,True,P34 - P+R_Meijersplein,493
2020-06-02,10:16,Tue,460,True,P34 - P+R_Meijersplein,493
2020-06-02,10:17,Tue,460,True,P34 - P+R_Meijersplein,493
2020-06-02,10:18,Tue,460,True,P34 - P+R_Meijersplein,493
2020-06-02,10:19,Tue,460,True,P34 - P+R_Meijersplein,493
2020-06-02,10:20,Tue,460,True,P34 - P+R_Meijersplein,493
2020-06-02,10:21,Tue,460,True,P34 - P+R_Meijersplein,493
2020-06-02,10:22,Tue,460,True,P34 - P+R_Meijersplein,493
2020-06-02,10:23,Tue,460,True,P34 - P+R_Meijersplein,493
2020-06-02,10:24,Tue,460,True,P34 - P+R_Meijersplein,493
2020-06-02,10:25,Tue,460,True,P34 - P+R_Meijersplein,493
2020-06-02,10:26,Tue,460,True,P34 - P+R_Meijersplein,493
2020-06-02,10:27,Tue,460,True,P34 - P+R_Meijersplein,493
2020-06-02,10:28,Tue,460,True,P34 - P+R_Meijersplein,493
2020-06-02,10:29,Tue,460,True,P34 - P+R_Meijersplein,493
2020-06-02,10:30,Tue,460,True,P34 - P+R_Meijersplein,493
2020-06-02,10:31,Tue,458,True,P34 - P+R_Meijersplein,493
2020-06-02,10:32,Tue,458,True,P34 - P+R_Meijersplein,493
2020-06-02,10:33,Tue,459,True,P34 - P+R_Meijersplein,493
2020-06-02,10:34,Tue,459,True,P34 - P+R_Meijersplein,493
2020-06-02,10:35,Tue,459,True,P34 - P+R_Meijersplein,493
2020-06-02,10:36,Tue,459,True,P34 - P+R_Meijersplein,493
2020-06-02,10:37,Tue,459,True,P34 - P+R_Meijersplein,493
2020-06-02,10:38,Tue,459,True,P34 - P+R_Meijersplein,493
2020-06-02,10:39,Tue,459,True,P34 - P+R_Meijersplein,493
2020-06-02,10:40,Tue,459,True,P34 - P+R_Meijersplein,493
2020-06-02,10:41,Tue,459,True,P34 - P+R_Meijersplein,493
2020-06-02,10:42,Tue,459,True,P34 - P+R_Meijersplein,493
2020-06-02,10:43,Tue,459,True,P34 - P+R_Meijersplein,493
2020-06-02,10:44,Tue,459,True,P34 - P+R_Meijersplein,493
2020-06-02,10:45,Tue,459,True,P34 - P+R_Meijersplein,493
2020-06-02,10:46,Tue,459,True,P34 - P+R_Meijersplein,493
2020-06-02,10:47,Tue,459,True,P34 - P+R_Meijersplein,493
2020-06-02,10:48,Tue,459,True,P34 - P+R_Meijersplein,493
2020-06-02,10:49,Tue,459,True,P34 - P+R_Meijersplein,493
2020-06-02,10:50,Tue,459,True,P34 - P+R_Meijersplein,493
2020-06-02,10:51,Tue,459,True,P34 - P+R_Meijersplein,493
2020-06-02,10:52,Tue,459,True,P34 - P+R_Meijersplein,493
2020-06-02,10:53,Tue,459,True,P34 - P+R_Meijersplein,493
2020-06-02,10:54,Tue,459,True,P34 - P+R_Meijersplein,493
2020-06-02,10:55,Tue,459,True,P34 - P+R_Meijersplein,493
2020-06-02,10:56,Tue,459,True,P34 - P+R_Meijersplein,493
2020-06-02,10:57,Tue,458,True,P34 - P+R_Meijersplein,493
2020-06-02,10:58,Tue,458,True,P34 - P+R_Meijersplein,493
2020-06-02,10:59,Tue,458,True,P34 - P+R_Meijersplein,493
2020-06-02,11:00,Tue,458,True,P34 - P+R_Meijersplein,493
2020-06-02,11:01,Tue,458,True,P34 - P+R_Meijersplein,493
2020-06-02,11:02,Tue,458,True,P34 - P+R_Meijersplein,493
2020-06-02,11:03,Tue,458,True,P34 - P+R_Meijersplein,493
2020-06-02,11:04,Tue,458,True,P34 - P+R_Meijersplein,493
2020-06-02,11:05,Tue,458,True,P34 - P+R_Meijersplein,493
2020-06-02,11:06,Tue,458,True,P34 - P+R_Meijersplein,493
2020-06-02,11:07,Tue,458,True,P34 - P+R_Meijersplein,493
2020-06-02,11:08,Tue,457,True,P34 - P+R_Meijersplein,493
2020-06-02,11:09,Tue,457,True,P34 - P+R_Meijersplein,493
2020-06-02,11:10,Tue,457,True,P34 - P+R_Meijersplein,493
2020-06-02,11:11,Tue,457,True,P34 - P+R_Meijersplein,493
2020-06-02,11:12,Tue,457,True,P34 - P+R_Meijersplein,493
2020-06-02,11:13,Tue,457,True,P34 - P+R_Meijersplein,493
2020-06-02,11:14,Tue,457,True,P34 - P+R_Meijersplein,493
2020-06-02,11:15,Tue,458,True,P34 - P+R_Meijersplein,493
2020-06-02,11:16,Tue,458,True,P34 - P+R_Meijersplein,493
2020-06-02,11:17,Tue,458,True,P34 - P+R_Meijersplein,493
2020-06-02,11:18,Tue,458,True,P34 - P+R_Meijersplein,493
2020-06-02,11:19,Tue,458,True,P34 - P+R_Meijersplein,493
2020-06-02,11:20,Tue,457,True,P34 - P+R_Meijersplein,493
2020-06-02,11:21,Tue,457,True,P34 - P+R_Meijersplein,493
2020-06-02,11:22,Tue,457,True,P34 - P+R_Meijersplein,493
2020-06-02,11:23,Tue,457,True,P34 - P+R_Meijersplein,493
2020-06-02,11:24,Tue,457,True,P34 - P+R_Meijersplein,493
2020-06-02,11:25,Tue,457,True,P34 - P+R_Meijersplein,493
2020-06-02,11:26,Tue,457,True,P34 - P+R_Meijersplein,493
2020-06-02,11:27,Tue,457,True,P34 - P+R_Meijersplein,493
2020-06-02,11:28,Tue,457,True,P34 - P+R_Meijersplein,493
2020-06-02,11:29,Tue,457,True,P34 - P+R_Meijersplein,493
2020-06-02,11:30,Tue,457,True,P34 - P+R_Meijersplein,493
2020-06-02,11:31,Tue,457,True,P34 - P+R_Meijersplein,493
2020-06-02,11:32,Tue,457,True,P34 - P+R_Meijersplein,493
2020-06-02,11:33,Tue,455,True,P34 - P+R_Meijersplein,493
2020-06-02,11:34,Tue,455,True,P34 - P+R_Meijersplein,493
2020-06-02,11:35,Tue,455,True,P34 - P+R_Meijersplein,493
2020-06-02,11:36,Tue,455,True,P34 - P+R_Meijersplein,493
2020-06-02,11:37,Tue,455,True,P34 - P+R_Meijersplein,493
2020-06-02,11:38,Tue,455,True,P34 - P+R_Meijersplein,493
2020-06-02,11:39,Tue,455,True,P34 - P+R_Meijersplein,493
2020-06-02,11:40,Tue,455,True,P34 - P+R_Meijersplein,493
2020-06-02,11:41,Tue,455,True,P34 - P+R_Meijersplein,493
2020-06-02,11:42,Tue,455,True,P34 - P+R_Meijersplein,493
2020-06-02,11:43,Tue,455,True,P34 - P+R_Meijersplein,493
2020-06-02,11:44,Tue,455,True,P34 - P+R_Meijersplein,493
2020-06-02,11:45,Tue,455,True,P34 - P+R_Meijersplein,493
2020-06-02,11:46,Tue,454,True,P34 - P+R_Meijersplein,493
2020-06-02,11:47,Tue,454,True,P34 - P+R_Meijersplein,493
2020-06-02,11:48,Tue,454,True,P34 - P+R_Meijersplein,493
2020-06-02,11:49,Tue,454,True,P34 - P+R_Meijersplein,493
2020-06-02,11:50,Tue,454,True,P34 - P+R_Meijersplein,493
2020-06-02,11:51,Tue,454,True,P34 - P+R_Meijersplein,493
2020-06-02,11:52,Tue,454,True,P34 - P+R_Meijersplein,493
2020-06-02,11:53,Tue,454,True,P34 - P+R_Meijersplein,493
2020-06-02,11:54,Tue,454,True,P34 - P+R_Meijersplein,493
2020-06-02,11:55,Tue,454,True,P34 - P+R_Meijersplein,493
2020-06-02,11:56,Tue,454,True,P34 - P+R_Meijersplein,493
2020-06-02,11:57,Tue,454,True,P34 - P+R_Meijersplein,493
2020-06-02,11:58,Tue,454,True,P34 - P+R_Meijersplein,493
2020-06-02,11:59,Tue,454,True,P34 - P+R_Meijersplein,493
2020-06-02,12:00,Tue,454,True,P34 - P+R_Meijersplein,493
2020-06-02,12:01,Tue,454,True,P34 - P+R_Meijersplein,493
2020-06-02,12:02,Tue,454,True,P34 - P+R_Meijersplein,493
2020-06-02,12:03,Tue,454,True,P34 - P+R_Meijersplein,493
2020-06-02,12:04,Tue,454,True,P34 - P+R_Meijersplein,493
2020-06-02,12:05,Tue,454,True,P34 - P+R_Meijersplein,493
2020-06-02,12:06,Tue,454,True,P34 - P+R_Meijersplein,493
2020-06-02,12:07,Tue,454,True,P34 - P+R_Meijersplein,493
2020-06-02,12:08,Tue,454,True,P34 - P+R_Meijersplein,493
2020-06-02,12:09,Tue,454,True,P34 - P+R_Meijersplein,493
2020-06-02,12:10,Tue,454,True,P34 - P+R_Meijersplein,493
2020-06-02,12:11,Tue,454,True,P34 - P+R_Meijersplein,493
2020-06-02,12:12,Tue,454,True,P34 - P+R_Meijersplein,493
2020-06-02,12:13,Tue,454,True,P34 - P+R_Meijersplein,493
2020-06-02,12:14,Tue,454,True,P34 - P+R_Meijersplein,493
2020-06-02,12:15,Tue,454,True,P34 - P+R_Meijersplein,493
2020-06-02,12:16,Tue,454,True,P34 - P+R_Meijersplein,493
2020-06-02,12:17,Tue,454,True,P34 - P+R_Meijersplein,493
2020-06-02,12:18,Tue,454,True,P34 - P+R_Meijersplein,493
2020-06-02,12:19,Tue,454,True,P34 - P+R_Meijersplein,493
2020-06-02,12:20,Tue,454,True,P34 - P+R_Meijersplein,493
2020-06-02,12:21,Tue,453,True,P34 - P+R_Meijersplein,493
2020-06-02,12:22,Tue,453,True,P34 - P+R_Meijersplein,493
2020-06-02,12:23,Tue,453,True,P34 - P+R_Meijersplein,493
2020-06-02,12:24,Tue,453,True,P34 - P+R_Meijersplein,493
2020-06-02,12:25,Tue,453,True,P34 - P+R_Meijersplein,493
2020-06-02,12:26,Tue,453,True,P34 - P+R_Meijersplein,493
2020-06-02,12:27,Tue,453,True,P34 - P+R_Meijersplein,493
2020-06-02,12:28,Tue,453,True,P34 - P+R_Meijersplein,493
2020-06-02,12:29,Tue,453,True,P34 - P+R_Meijersplein,493
2020-06-02,12:30,Tue,453,True,P34 - P+R_Meijersplein,493
2020-06-02,12:31,Tue,453,True,P34 - P+R_Meijersplein,493
2020-06-02,12:32,Tue,453,True,P34 - P+R_Meijersplein,493
2020-06-02,12:33,Tue,453,True,P34 - P+R_Meijersplein,493
2020-06-02,12:34,Tue,453,True,P34 - P+R_Meijersplein,493
2020-06-02,12:35,Tue,453,True,P34 - P+R_Meijersplein,493
2020-06-02,12:36,Tue,453,True,P34 - P+R_Meijersplein,493
2020-06-02,12:37,Tue,453,True,P34 - P+R_Meijersplein,493
2020-06-02,12:38,Tue,453,True,P34 - P+R_Meijersplein,493
2020-06-02,12:39,Tue,452,True,P34 - P+R_Meijersplein,493
2020-06-02,12:40,Tue,452,True,P34 - P+R_Meijersplein,493
2020-06-02,12:41,Tue,452,True,P34 - P+R_Meijersplein,493
2020-06-02,12:42,Tue,452,True,P34 - P+R_Meijersplein,493
2020-06-02,12:43,Tue,451,True,P34 - P+R_Meijersplein,493
2020-06-02,12:44,Tue,451,True,P34 - P+R_Meijersplein,493
2020-06-02,12:45,Tue,451,True,P34 - P+R_Meijersplein,493
2020-06-02,12:46,Tue,451,True,P34 - P+R_Meijersplein,493
2020-06-02,12:47,Tue,450,True,P34 - P+R_Meijersplein,493
2020-06-02,12:48,Tue,450,True,P34 - P+R_Meijersplein,493
2020-06-02,12:49,Tue,450,True,P34 - P+R_Meijersplein,493
2020-06-02,12:50,Tue,450,True,P34 - P+R_Meijersplein,493
2020-06-02,12:51,Tue,450,True,P34 - P+R_Meijersplein,493
2020-06-02,12:52,Tue,450,True,P34 - P+R_Meijersplein,494
2020-06-02,12:53,Tue,450,True,P34 - P+R_Meijersplein,494
2020-06-02,12:54,Tue,450,True,P34 - P+R_Meijersplein,494
2020-06-02,12:55,Tue,451,True,P34 - P+R_Meijersplein,494
2020-06-02,12:56,Tue,451,True,P34 - P+R_Meijersplein,494
2020-06-02,12:57,Tue,451,True,P34 - P+R_Meijersplein,494
2020-06-02,12:58,Tue,451,True,P34 - P+R_Meijersplein,494
2020-06-02,12:59,Tue,450,True,P34 - P+R_Meijersplein,494
2020-06-02,13:00,Tue,450,True,P34 - P+R_Meijersplein,494
2020-06-02,13:01,Tue,451,True,P34 - P+R_Meijersplein,495
2020-06-02,13:02,Tue,451,True,P34 - P+R_Meijersplein,495
2020-06-02,13:03,Tue,451,True,P34 - P+R_Meijersplein,495
2020-06-02,13:04,Tue,451,True,P34 - P+R_Meijersplein,495
2020-06-02,13:05,Tue,451,True,P34 - P+R_Meijersplein,495
2020-06-02,13:06,Tue,451,True,P34 - P+R_Meijersplein,495
2020-06-02,13:07,Tue,451,True,P34 - P+R_Meijersplein,495
2020-06-02,13:08,Tue,451,True,P34 - P+R_Meijersplein,495
2020-06-02,13:09,Tue,451,True,P34 - P+R_Meijersplein,495
2020-06-02,13:10,Tue,451,True,P34 - P+R_Meijersplein,495
2020-06-02,13:11,Tue,451,True,P34 - P+R_Meijersplein,495
2020-06-02,13:12,Tue,451,True,P34 - P+R_Meijersplein,495
2020-06-02,13:13,Tue,451,True,P34 - P+R_Meijersplein,495
2020-06-02,13:14,Tue,451,True,P34 - P+R_Meijersplein,495
2020-06-02,13:15,Tue,451,True,P34 - P+R_Meijersplein,495
2020-06-02,13:16,Tue,451,True,P34 - P+R_Meijersplein,495
2020-06-02,13:17,Tue,451,True,P34 - P+R_Meijersplein,495
2020-06-02,13:18,Tue,451,True,P34 - P+R_Meijersplein,495
2020-06-02,13:19,Tue,451,True,P34 - P+R_Meijersplein,495
2020-06-02,13:20,Tue,451,True,P34 - P+R_Meijersplein,495
2020-06-02,13:21,Tue,452,True,P34 - P+R_Meijersplein,495
2020-06-02,13:22,Tue,452,True,P34 - P+R_Meijersplein,495
2020-06-02,13:23,Tue,452,True,P34 - P+R_Meijersplein,495
2020-06-02,13:24,Tue,452,True,P34 - P+R_Meijersplein,495
2020-06-02,13:25,Tue,453,True,P34 - P+R_Meijersplein,495
2020-06-02,13:26,Tue,453,True,P34 - P+R_Meijersplein,495
2020-06-02,13:27,Tue,453,True,P34 - P+R_Meijersplein,495
2020-06-02,13:28,Tue,453,True,P34 - P+R_Meijersplein,495
2020-06-02,13:29,Tue,453,True,P34 - P+R_Meijersplein,495
2020-06-02,13:30,Tue,453,True,P34 - P+R_Meijersplein,495
2020-06-02,13:31,Tue,453,True,P34 - P+R_Meijersplein,495
2020-06-02,13:32,Tue,453,True,P34 - P+R_Meijersplein,495
2020-06-02,13:33,Tue,453,True,P34 - P+R_Meijersplein,495
2020-06-02,13:34,Tue,453,True,P34 - P+R_Meijersplein,495
2020-06-02,13:35,Tue,453,True,P34 - P+R_Meijersplein,495
2020-06-02,13:36,Tue,453,True,P34 - P+R_Meijersplein,495
2020-06-02,13:37,Tue,453,True,P34 - P+R_Meijersplein,495
2020-06-02,13:38,Tue,453,True,P34 - P+R_Meijersplein,495
2020-06-02,13:39,Tue,453,True,P34 - P+R_Meijersplein,495
2020-06-02,13:40,Tue,453,True,P34 - P+R_Meijersplein,495
2020-06-02,13:41,Tue,453,True,P34 - P+R_Meijersplein,495
2020-06-02,13:42,Tue,454,True,P34 - P+R_Meijersplein,496
2020-06-02,13:43,Tue,454,True,P34 - P+R_Meijersplein,496
2020-06-02,13:44,Tue,454,True,P34 - P+R_Meijersplein,496
2020-06-02,13:45,Tue,454,True,P34 - P+R_Meijersplein,496
2020-06-02,13:46,Tue,454,True,P34 - P+R_Meijersplein,496
2020-06-02,13:47,Tue,454,True,P34 - P+R_Meijersplein,496
2020-06-02,13:48,Tue,454,True,P34 - P+R_Meijersplein,496
2020-06-02,13:49,Tue,454,True,P34 - P+R_Meijersplein,496
2020-06-02,13:50,Tue,454,True,P34 - P+R_Meijersplein,496
2020-06-02,13:51,Tue,454,True,P34 - P+R_Meijersplein,496
2020-06-02,13:52,Tue,454,True,P34 - P+R_Meijersplein,496
2020-06-02,13:53,Tue,454,True,P34 - P+R_Meijersplein,496
2020-06-02,13:54,Tue,453,True,P34 - P+R_Meijersplein,496
2020-06-02,13:55,Tue,453,True,P34 - P+R_Meijersplein,496
2020-06-02,13:56,Tue,453,True,P34 - P+R_Meijersplein,496
2020-06-02,13:57,Tue,453,True,P34 - P+R_Meijersplein,496
2020-06-02,13:58,Tue,453,True,P34 - P+R_Meijersplein,496
2020-06-02,13:59,Tue,453,True,P34 - P+R_Meijersplein,496
2020-06-02,14:00,Tue,453,True,P34 - P+R_Meijersplein,496
2020-06-02,14:01,Tue,452,True,P34 - P+R_Meijersplein,496
2020-06-02,14:02,Tue,452,True,P34 - P+R_Meijersplein,496
2020-06-02,14:03,Tue,452,True,P34 - P+R_Meijersplein,496
2020-06-02,14:04,Tue,452,True,P34 - P+R_Meijersplein,496
2020-06-02,14:05,Tue,452,True,P34 - P+R_Meijersplein,496
2020-06-02,14:06,Tue,452,True,P34 - P+R_Meijersplein,496
2020-06-02,14:07,Tue,452,True,P34 - P+R_Meijersplein,496
2020-06-02,14:08,Tue,452,True,P34 - P+R_Meijersplein,496
2020-06-02,14:09,Tue,451,True,P34 - P+R_Meijersplein,496
2020-06-02,14:10,Tue,451,True,P34 - P+R_Meijersplein,496
2020-06-02,14:11,Tue,451,True,P34 - P+R_Meijersplein,496
2020-06-02,14:12,Tue,451,True,P34 - P+R_Meijersplein,496
2020-06-02,14:13,Tue,451,True,P34 - P+R_Meijersplein,496
2020-06-02,14:14,Tue,451,True,P34 - P+R_Meijersplein,496
2020-06-02,14:15,Tue,450,True,P34 - P+R_Meijersplein,496
2020-06-02,14:16,Tue,451,True,P34 - P+R_Meijersplein,496
2020-06-02,14:17,Tue,451,True,P34 - P+R_Meijersplein,496
2020-06-02,14:18,Tue,451,True,P34 - P+R_Meijersplein,496
2020-06-02,14:19,Tue,451,True,P34 - P+R_Meijersplein,496
2020-06-02,14:20,Tue,451,True,P34 - P+R_Meijersplein,496
2020-06-02,14:21,Tue,451,True,P34 - P+R_Meijersplein,496
2020-06-02,14:22,Tue,451,True,P34 - P+R_Meijersplein,496
2020-06-02,14:23,Tue,451,True,P34 - P+R_Meijersplein,496
2020-06-02,14:24,Tue,451,True,P34 - P+R_Meijersplein,496
2020-06-02,14:25,Tue,451,True,P34 - P+R_Meijersplein,496
2020-06-02,14:26,Tue,451,True,P34 - P+R_Meijersplein,496
2020-06-02,14:27,Tue,452,True,P34 - P+R_Meijersplein,496
2020-06-02,14:28,Tue,452,True,P34 - P+R_Meijersplein,496
2020-06-02,14:29,Tue,452,True,P34 - P+R_Meijersplein,496
2020-06-02,14:30,Tue,452,True,P34 - P+R_Meijersplein,496
2020-06-02,14:31,Tue,452,True,P34 - P+R_Meijersplein,496
2020-06-02,14:32,Tue,452,True,P34 - P+R_Meijersplein,496
2020-06-02,14:33,Tue,452,True,P34 - P+R_Meijersplein,496
2020-06-02,14:34,Tue,452,True,P34 - P+R_Meijersplein,496
2020-06-02,14:35,Tue,452,True,P34 - P+R_Meijersplein,496
2020-06-02,14:36,Tue,452,True,P34 - P+R_Meijersplein,496
2020-06-02,14:37,Tue,451,True,P34 - P+R_Meijersplein,496
2020-06-02,14:38,Tue,451,True,P34 - P+R_Meijersplein,496
2020-06-02,14:39,Tue,451,True,P34 - P+R_Meijersplein,496
2020-06-02,14:40,Tue,451,True,P34 - P+R_Meijersplein,496
2020-06-02,14:41,Tue,451,True,P34 - P+R_Meijersplein,496
2020-06-02,14:42,Tue,451,True,P34 - P+R_Meijersplein,496
2020-06-02,14:43,Tue,451,True,P34 - P+R_Meijersplein,496
2020-06-02,14:44,Tue,451,True,P34 - P+R_Meijersplein,496
2020-06-02,14:45,Tue,451,True,P34 - P+R_Meijersplein,496
2020-06-02,14:46,Tue,451,True,P34 - P+R_Meijersplein,496
2020-06-02,14:47,Tue,452,True,P34 - P+R_Meijersplein,496
2020-06-02,14:48,Tue,452,True,P34 - P+R_Meijersplein,496
2020-06-02,14:49,Tue,452,True,P34 - P+R_Meijersplein,496
2020-06-02,14:50,Tue,452,True,P34 - P+R_Meijersplein,496
2020-06-02,14:51,Tue,452,True,P34 - P+R_Meijersplein,496
2020-06-02,14:52,Tue,452,True,P34 - P+R_Meijersplein,496
2020-06-02,14:53,Tue,452,True,P34 - P+R_Meijersplein,496
2020-06-02,14:54,Tue,452,True,P34 - P+R_Meijersplein,496
2020-06-02,14:55,Tue,452,True,P34 - P+R_Meijersplein,496
2020-06-02,14:56,Tue,453,True,P34 - P+R_Meijersplein,496
2020-06-02,14:57,Tue,453,True,P34 - P+R_Meijersplein,496
2020-06-02,14:58,Tue,453,True,P34 - P+R_Meijersplein,496
2020-06-02,14:59,Tue,453,True,P34 - P+R_Meijersplein,496
2020-06-02,15:00,Tue,453,True,P34 - P+R_Meijersplein,496
2020-06-02,15:01,Tue,453,True,P34 - P+R_Meijersplein,496
2020-06-02,15:02,Tue,453,True,P34 - P+R_Meijersplein,496
2020-06-02,15:03,Tue,453,True,P34 - P+R_Meijersplein,496
2020-06-02,15:04,Tue,453,True,P34 - P+R_Meijersplein,496
2020-06-02,15:05,Tue,453,True,P34 - P+R_Meijersplein,496
2020-06-02,15:06,Tue,453,True,P34 - P+R_Meijersplein,496
2020-06-02,15:07,Tue,453,True,P34 - P+R_Meijersplein,496
2020-06-02,15:08,Tue,453,True,P34 - P+R_Meijersplein,496
2020-06-02,15:09,Tue,453,True,P34 - P+R_Meijersplein,496
2020-06-02,15:10,Tue,453,True,P34 - P+R_Meijersplein,496
2020-06-02,15:11,Tue,453,True,P34 - P+R_Meijersplein,496
2020-06-02,15:12,Tue,453,True,P34 - P+R_Meijersplein,496
2020-06-02,15:13,Tue,453,True,P34 - P+R_Meijersplein,496
2020-06-02,15:14,Tue,453,True,P34 - P+R_Meijersplein,496
2020-06-02,15:15,Tue,453,True,P34 - P+R_Meijersplein,496
2020-06-02,15:16,Tue,453,True,P34 - P+R_Meijersplein,496
2020-06-02,15:17,Tue,453,True,P34 - P+R_Meijersplein,496
2020-06-02,15:18,Tue,453,True,P34 - P+R_Meijersplein,496
2020-06-02,15:19,Tue,453,True,P34 - P+R_Meijersplein,496
2020-06-02,15:20,Tue,452,True,P34 - P+R_Meijersplein,495
2020-06-02,15:21,Tue,452,True,P34 - P+R_Meijersplein,495
2020-06-02,15:22,Tue,452,True,P34 - P+R_Meijersplein,495
2020-06-02,15:23,Tue,452,True,P34 - P+R_Meijersplein,495
2020-06-02,15:24,Tue,452,True,P34 - P+R_Meijersplein,495
2020-06-02,15:25,Tue,452,True,P34 - P+R_Meijersplein,495
2020-06-02,15:26,Tue,453,True,P34 - P+R_Meijersplein,495
2020-06-02,15:27,Tue,453,True,P34 - P+R_Meijersplein,495
2020-06-02,15:28,Tue,453,True,P34 - P+R_Meijersplein,495
2020-06-02,15:29,Tue,452,True,P34 - P+R_Meijersplein,494
2020-06-02,15:30,Tue,452,True,P34 - P+R_Meijersplein,494
2020-06-02,15:31,Tue,452,True,P34 - P+R_Meijersplein,494
2020-06-02,15:32,Tue,452,True,P34 - P+R_Meijersplein,494
2020-06-02,15:33,Tue,452,True,P34 - P+R_Meijersplein,494
2020-06-02,15:34,Tue,452,True,P34 - P+R_Meijersplein,494
2020-06-02,15:35,Tue,451,True,P34 - P+R_Meijersplein,494
2020-06-02,15:36,Tue,451,True,P34 - P+R_Meijersplein,494
2020-06-02,15:37,Tue,451,True,P34 - P+R_Meijersplein,494
2020-06-02,15:38,Tue,451,True,P34 - P+R_Meijersplein,494
2020-06-02,15:39,Tue,451,True,P34 - P+R_Meijersplein,494
2020-06-02,15:40,Tue,451,True,P34 - P+R_Meijersplein,494
2020-06-02,15:41,Tue,451,True,P34 - P+R_Meijersplein,494
2020-06-02,15:42,Tue,451,True,P34 - P+R_Meijersplein,494
2020-06-02,15:43,Tue,451,True,P34 - P+R_Meijersplein,494
2020-06-02,15:44,Tue,451,True,P34 - P+R_Meijersplein,494
2020-06-02,15:45,Tue,451,True,P34 - P+R_Meijersplein,494
2020-06-02,15:46,Tue,451,True,P34 - P+R_Meijersplein,494
2020-06-02,15:47,Tue,451,True,P34 - P+R_Meijersplein,494
2020-06-02,15:48,Tue,451,True,P34 - P+R_Meijersplein,494
2020-06-02,15:49,Tue,451,True,P34 - P+R_Meijersplein,494
2020-06-02,15:50,Tue,451,True,P34 - P+R_Meijersplein,494
2020-06-02,15:51,Tue,451,True,P34 - P+R_Meijersplein,494
2020-06-02,15:52,Tue,451,True,P34 - P+R_Meijersplein,494
2020-06-02,15:53,Tue,451,True,P34 - P+R_Meijersplein,494
2020-06-02,15:54,Tue,451,True,P34 - P+R_Meijersplein,494
2020-06-02,15:55,Tue,451,True,P34 - P+R_Meijersplein,494
2020-06-02,15:56,Tue,451,True,P34 - P+R_Meijersplein,494
2020-06-02,15:57,Tue,451,True,P34 - P+R_Meijersplein,494
2020-06-02,15:58,Tue,451,True,P34 - P+R_Meijersplein,494
2020-06-02,15:59,Tue,451,True,P34 - P+R_Meijersplein,494
2020-06-02,16:00,Tue,451,True,P34 - P+R_Meijersplein,494
2020-06-02,16:01,Tue,451,True,P34 - P+R_Meijersplein,494
2020-06-02,16:02,Tue,451,True,P34 - P+R_Meijersplein,494
2020-06-02,16:03,Tue,451,True,P34 - P+R_Meijersplein,494
2020-06-02,16:04,Tue,451,True,P34 - P+R_Meijersplein,494
2020-06-02,16:05,Tue,451,True,P34 - P+R_Meijersplein,494
2020-06-02,16:06,Tue,452,True,P34 - P+R_Meijersplein,494
2020-06-02,16:07,Tue,454,True,P34 - P+R_Meijersplein,494
2020-06-02,16:08,Tue,454,True,P34 - P+R_Meijersplein,494
2020-06-02,16:09,Tue,454,True,P34 - P+R_Meijersplein,494
2020-06-02,16:10,Tue,455,True,P34 - P+R_Meijersplein,494
2020-06-02,16:11,Tue,455,True,P34 - P+R_Meijersplein,494
2020-06-02,16:12,Tue,455,True,P34 - P+R_Meijersplein,494
2020-06-02,16:13,Tue,455,True,P34 - P+R_Meijersplein,494
2020-06-02,16:14,Tue,455,True,P34 - P+R_Meijersplein,494
2020-06-02,16:15,Tue,455,True,P34 - P+R_Meijersplein,494
2020-06-02,16:16,Tue,455,True,P34 - P+R_Meijersplein,494
2020-06-02,16:17,Tue,455,True,P34 - P+R_Meijersplein,494
2020-06-02,16:18,Tue,454,True,P34 - P+R_Meijersplein,494
2020-06-02,16:19,Tue,454,True,P34 - P+R_Meijersplein,494
2020-06-02,16:20,Tue,454,True,P34 - P+R_Meijersplein,494
2020-06-02,16:21,Tue,454,True,P34 - P+R_Meijersplein,494
2020-06-02,16:22,Tue,454,True,P34 - P+R_Meijersplein,494
2020-06-02,16:23,Tue,454,True,P34 - P+R_Meijersplein,494
2020-06-02,16:24,Tue,454,True,P34 - P+R_Meijersplein,494
2020-06-02,16:25,Tue,454,True,P34 - P+R_Meijersplein,494
2020-06-02,16:26,Tue,454,True,P34 - P+R_Meijersplein,494
2020-06-02,16:27,Tue,454,True,P34 - P+R_Meijersplein,494
2020-06-02,16:28,Tue,454,True,P34 - P+R_Meijersplein,494
2020-06-02,16:29,Tue,454,True,P34 - P+R_Meijersplein,494
2020-06-02,16:30,Tue,454,True,P34 - P+R_Meijersplein,494
2020-06-02,16:31,Tue,454,True,P34 - P+R_Meijersplein,494
2020-06-02,16:32,Tue,454,True,P34 - P+R_Meijersplein,494
2020-06-02,16:33,Tue,454,True,P34 - P+R_Meijersplein,494
2020-06-02,16:34,Tue,455,True,P34 - P+R_Meijersplein,494
2020-06-02,16:35,Tue,455,True,P34 - P+R_Meijersplein,494
2020-06-02,16:36,Tue,455,True,P34 - P+R_Meijersplein,494
2020-06-02,16:37,Tue,455,True,P34 - P+R_Meijersplein,494
2020-06-02,16:38,Tue,456,True,P34 - P+R_Meijersplein,494
2020-06-02,16:39,Tue,456,True,P34 - P+R_Meijersplein,494
2020-06-02,16:40,Tue,457,True,P34 - P+R_Meijersplein,495
2020-06-02,16:41,Tue,457,True,P34 - P+R_Meijersplein,495
2020-06-02,16:42,Tue,457,True,P34 - P+R_Meijersplein,495
2020-06-02,16:43,Tue,457,True,P34 - P+R_Meijersplein,495
2020-06-02,16:44,Tue,457,True,P34 - P+R_Meijersplein,495
2020-06-02,16:45,Tue,457,True,P34 - P+R_Meijersplein,495
2020-06-02,16:46,Tue,458,True,P34 - P+R_Meijersplein,495
2020-06-02,16:47,Tue,458,True,P34 - P+R_Meijersplein,495
2020-06-02,16:48,Tue,458,True,P34 - P+R_Meijersplein,495
2020-06-02,16:49,Tue,458,True,P34 - P+R_Meijersplein,495
2020-06-02,16:50,Tue,458,True,P34 - P+R_Meijersplein,495
2020-06-02,16:51,Tue,458,True,P34 - P+R_Meijersplein,495
2020-06-02,16:52,Tue,458,True,P34 - P+R_Meijersplein,495
2020-06-02,16:53,Tue,458,True,P34 - P+R_Meijersplein,495
2020-06-02,16:54,Tue,459,True,P34 - P+R_Meijersplein,495
2020-06-02,16:55,Tue,459,True,P34 - P+R_Meijersplein,495
2020-06-02,16:56,Tue,460,True,P34 - P+R_Meijersplein,495
2020-06-02,16:57,Tue,461,True,P34 - P+R_Meijersplein,495
2020-06-02,16:58,Tue,461,True,P34 - P+R_Meijersplein,495
2020-06-02,16:59,Tue,461,True,P34 - P+R_Meijersplein,495
2020-06-02,17:00,Tue,461,True,P34 - P+R_Meijersplein,495
2020-06-02,17:01,Tue,461,True,P34 - P+R_Meijersplein,495
2020-06-02,17:02,Tue,461,True,P34 - P+R_Meijersplein,495
2020-06-02,17:03,Tue,461,True,P34 - P+R_Meijersplein,495
2020-06-02,17:04,Tue,461,True,P34 - P+R_Meijersplein,495
2020-06-02,17:05,Tue,461,True,P34 - P+R_Meijersplein,495
2020-06-02,17:06,Tue,461,True,P34 - P+R_Meijersplein,495
2020-06-02,17:07,Tue,461,True,P34 - P+R_Meijersplein,495
2020-06-02,17:08,Tue,461,True,P34 - P+R_Meijersplein,495
2020-06-02,17:09,Tue,461,True,P34 - P+R_Meijersplein,495
2020-06-02,17:10,Tue,461,True,P34 - P+R_Meijersplein,495
2020-06-02,17:11,Tue,461,True,P34 - P+R_Meijersplein,495
2020-06-02,17:12,Tue,461,True,P34 - P+R_Meijersplein,495
2020-06-02,17:13,Tue,461,True,P34 - P+R_Meijersplein,495
2020-06-02,17:14,Tue,461,True,P34 - P+R_Meijersplein,495
2020-06-02,17:15,Tue,462,True,P34 - P+R_Meijersplein,495
2020-06-02,17:16,Tue,464,True,P34 - P+R_Meijersplein,495
2020-06-02,17:17,Tue,464,True,P34 - P+R_Meijersplein,495
2020-06-02,17:18,Tue,464,True,P34 - P+R_Meijersplein,495
2020-06-02,17:19,Tue,464,True,P34 - P+R_Meijersplein,495
2020-06-02,17:20,Tue,464,True,P34 - P+R_Meijersplein,495
2020-06-02,17:21,Tue,463,True,P34 - P+R_Meijersplein,495
2020-06-02,17:22,Tue,463,True,P34 - P+R_Meijersplein,495
2020-06-02,17:23,Tue,464,True,P34 - P+R_Meijersplein,495
2020-06-02,17:24,Tue,465,True,P34 - P+R_Meijersplein,496
2020-06-02,17:25,Tue,465,True,P34 - P+R_Meijersplein,496
2020-06-02,17:26,Tue,465,True,P34 - P+R_Meijersplein,496
2020-06-02,17:27,Tue,465,True,P34 - P+R_Meijersplein,496
2020-06-02,17:28,Tue,465,True,P34 - P+R_Meijersplein,496
2020-06-02,17:29,Tue,466,True,P34 - P+R_Meijersplein,496
2020-06-02,17:30,Tue,466,True,P34 - P+R_Meijersplein,496
2020-06-02,17:31,Tue,466,True,P34 - P+R_Meijersplein,496
2020-06-02,17:32,Tue,466,True,P34 - P+R_Meijersplein,496
2020-06-02,17:33,Tue,466,True,P34 - P+R_Meijersplein,496
2020-06-02,17:34,Tue,466,True,P34 - P+R_Meijersplein,496
2020-06-02,17:35,Tue,465,True,P34 - P+R_Meijersplein,495
2020-06-02,17:36,Tue,466,True,P34 - P+R_Meijersplein,495
2020-06-02,17:37,Tue,466,True,P34 - P+R_Meijersplein,495
2020-06-02,17:38,Tue,466,True,P34 - P+R_Meijersplein,495
2020-06-02,17:39,Tue,466,True,P34 - P+R_Meijersplein,495
2020-06-02,17:40,Tue,466,True,P34 - P+R_Meijersplein,495
2020-06-02,17:41,Tue,466,True,P34 - P+R_Meijersplein,495
2020-06-02,17:42,Tue,466,True,P34 - P+R_Meijersplein,495
2020-06-02,17:43,Tue,466,True,P34 - P+R_Meijersplein,495
2020-06-02,17:44,Tue,467,True,P34 - P+R_Meijersplein,495
2020-06-02,17:45,Tue,467,True,P34 - P+R_Meijersplein,495
2020-06-02,17:46,Tue,467,True,P34 - P+R_Meijersplein,495
2020-06-02,17:47,Tue,467,True,P34 - P+R_Meijersplein,495
2020-06-02,17:48,Tue,467,True,P34 - P+R_Meijersplein,495
2020-06-02,17:49,Tue,467,True,P34 - P+R_Meijersplein,495
2020-06-02,17:50,Tue,467,True,P34 - P+R_Meijersplein,495
2020-06-02,17:51,Tue,467,True,P34 - P+R_Meijersplein,495
2020-06-02,17:52,Tue,467,True,P34 - P+R_Meijersplein,495
2020-06-02,17:53,Tue,468,True,P34 - P+R_Meijersplein,495
2020-06-02,17:54,Tue,468,True,P34 - P+R_Meijersplein,495
2020-06-02,17:55,Tue,468,True,P34 - P+R_Meijersplein,495
2020-06-02,17:56,Tue,468,True,P34 - P+R_Meijersplein,495
2020-06-02,17:57,Tue,469,True,P34 - P+R_Meijersplein,495
2020-06-02,17:58,Tue,469,True,P34 - P+R_Meijersplein,495
2020-06-02,17:59,Tue,469,True,P34 - P+R_Meijersplein,495
2020-06-02,18:00,Tue,469,True,P34 - P+R_Meijersplein,495
2020-06-02,18:01,Tue,469,True,P34 - P+R_Meijersplein,495
2020-06-02,18:02,Tue,469,True,P34 - P+R_Meijersplein,495
2020-06-02,18:03,Tue,469,True,P34 - P+R_Meijersplein,495
2020-06-02,18:04,Tue,469,True,P34 - P+R_Meijersplein,495
2020-06-02,18:05,Tue,469,True,P34 - P+R_Meijersplein,495
2020-06-02,18:06,Tue,469,True,P34 - P+R_Meijersplein,495
2020-06-02,18:07,Tue,469,True,P34 - P+R_Meijersplein,495
2020-06-02,18:08,Tue,469,True,P34 - P+R_Meijersplein,495
2020-06-02,18:09,Tue,469,True,P34 - P+R_Meijersplein,495
2020-06-02,18:10,Tue,469,True,P34 - P+R_Meijersplein,495
2020-06-02,18:11,Tue,469,True,P34 - P+R_Meijersplein,495
2020-06-02,18:12,Tue,471,True,P34 - P+R_Meijersplein,495
2020-06-02,18:13,Tue,471,True,P34 - P+R_Meijersplein,495
2020-06-02,18:14,Tue,471,True,P34 - P+R_Meijersplein,495
