2020-05-15,00:00,Fri,166,True,P35 - P+R_Schiedam Centrum,168
2020-05-15,00:01,Fri,166,True,P35 - P+R_Schiedam Centrum,168
2020-05-15,00:02,Fri,166,True,P35 - P+R_Schiedam Centrum,168
2020-05-15,00:03,Fri,166,True,P35 - P+R_Schiedam Centrum,168
2020-05-15,00:04,Fri,166,True,P35 - P+R_Schiedam Centrum,168
2020-05-15,00:05,Fri,166,True,P35 - P+R_Schiedam Centrum,168
2020-05-15,00:06,Fri,166,True,P35 - P+R_Schiedam Centrum,168
2020-05-15,00:07,Fri,166,True,P35 - P+R_Schiedam Centrum,168
2020-05-15,00:08,Fri,166,True,P35 - P+R_Schiedam Centrum,168
2020-05-15,00:09,Fri,166,True,P35 - P+R_Schiedam Centrum,168
2020-05-15,00:10,Fri,166,True,P35 - P+R_Schiedam Centrum,168
2020-05-15,00:11,Fri,166,True,P35 - P+R_Schiedam Centrum,168
2020-05-15,00:12,Fri,166,True,P35 - P+R_Schiedam Centrum,168
2020-05-15,00:13,Fri,166,True,P35 - P+R_Schiedam Centrum,168
2020-05-15,00:14,Fri,166,True,P35 - P+R_Schiedam Centrum,168
2020-05-15,00:15,Fri,166,True,P35 - P+R_Schiedam Centrum,168
2020-05-15,00:16,Fri,166,True,P35 - P+R_Schiedam Centrum,168
2020-05-15,00:17,Fri,166,True,P35 - P+R_Schiedam Centrum,168
2020-05-15,00:18,Fri,166,True,P35 - P+R_Schiedam Centrum,168
2020-05-15,00:19,Fri,166,True,P35 - P+R_Schiedam Centrum,168
2020-05-15,00:20,Fri,166,True,P35 - P+R_Schiedam Centrum,168
2020-05-15,00:21,Fri,166,True,P35 - P+R_Schiedam Centrum,168
2020-05-15,00:22,Fri,166,True,P35 - P+R_Schiedam Centrum,168
2020-05-15,00:23,Fri,166,True,P35 - P+R_Schiedam Centrum,168
2020-05-15,00:24,Fri,166,True,P35 - P+R_Schiedam Centrum,168
2020-05-15,00:25,Fri,166,True,P35 - P+R_Schiedam Centrum,168
2020-05-15,00:26,Fri,166,True,P35 - P+R_Schiedam Centrum,168
2020-05-15,00:27,Fri,166,True,P35 - P+R_Schiedam Centrum,168
2020-05-15,00:28,Fri,166,True,P35 - P+R_Schiedam Centrum,168
2020-05-15,00:29,Fri,166,True,P35 - P+R_Schiedam Centrum,168
2020-05-15,00:30,Fri,166,True,P35 - P+R_Schiedam Centrum,168
2020-05-15,00:31,Fri,166,True,P35 - P+R_Schiedam Centrum,168
2020-05-15,00:32,Fri,166,True,P35 - P+R_Schiedam Centrum,168
2020-05-15,00:33,Fri,166,True,P35 - P+R_Schiedam Centrum,168
2020-05-15,00:34,Fri,166,True,P35 - P+R_Schiedam Centrum,168
2020-05-15,00:35,Fri,166,True,P35 - P+R_Schiedam Centrum,168
2020-05-15,00:36,Fri,166,True,P35 - P+R_Schiedam Centrum,168
2020-05-15,00:37,Fri,166,True,P35 - P+R_Schiedam Centrum,168
2020-05-15,00:38,Fri,166,True,P35 - P+R_Schiedam Centrum,168
2020-05-15,00:39,Fri,166,True,P35 - P+R_Schiedam Centrum,168
2020-05-15,00:40,Fri,166,True,P35 - P+R_Schiedam Centrum,168
2020-05-15,00:41,Fri,166,True,P35 - P+R_Schiedam Centrum,168
2020-05-15,00:42,Fri,166,True,P35 - P+R_Schiedam Centrum,168
2020-05-15,00:43,Fri,166,True,P35 - P+R_Schiedam Centrum,168
2020-05-15,00:44,Fri,166,True,P35 - P+R_Schiedam Centrum,168
2020-05-15,00:45,Fri,166,True,P35 - P+R_Schiedam Centrum,168
2020-05-15,00:46,Fri,166,True,P35 - P+R_Schiedam Centrum,168
2020-05-15,00:47,Fri,166,True,P35 - P+R_Schiedam Centrum,168
2020-05-15,00:48,Fri,166,True,P35 - P+R_Schiedam Centrum,168
2020-05-15,00:49,Fri,166,True,P35 - P+R_Schiedam Centrum,168
2020-05-15,00:50,Fri,166,True,P35 - P+R_Schiedam Centrum,168
2020-05-15,00:51,Fri,166,True,P35 - P+R_Schiedam Centrum,168
2020-05-15,00:52,Fri,166,True,P35 - P+R_Schiedam Centrum,168
2020-05-15,00:53,Fri,166,True,P35 - P+R_Schiedam Centrum,168
2020-05-15,00:54,Fri,166,True,P35 - P+R_Schiedam Centrum,168
2020-05-15,00:55,Fri,166,True,P35 - P+R_Schiedam Centrum,168
2020-05-15,00:56,Fri,166,True,P35 - P+R_Schiedam Centrum,168
2020-05-15,00:57,Fri,166,True,P35 - P+R_Schiedam Centrum,168
2020-05-15,00:58,Fri,166,True,P35 - P+R_Schiedam Centrum,168
2020-05-15,00:59,Fri,166,True,P35 - P+R_Schiedam Centrum,168
2020-05-15,01:00,Fri,166,True,P35 - P+R_Schiedam Centrum,168
2020-05-15,01:01,Fri,166,True,P35 - P+R_Schiedam Centrum,168
2020-05-15,01:02,Fri,166,True,P35 - P+R_Schiedam Centrum,168
2020-05-15,01:03,Fri,166,True,P35 - P+R_Schiedam Centrum,168
2020-05-15,01:04,Fri,166,True,P35 - P+R_Schiedam Centrum,168
2020-05-15,01:05,Fri,166,True,P35 - P+R_Schiedam Centrum,168
2020-05-15,01:06,Fri,166,True,P35 - P+R_Schiedam Centrum,168
2020-05-15,01:07,Fri,166,True,P35 - P+R_Schiedam Centrum,168
2020-05-15,01:08,Fri,166,True,P35 - P+R_Schiedam Centrum,168
2020-05-15,01:09,Fri,166,True,P35 - P+R_Schiedam Centrum,168
2020-05-15,01:10,Fri,166,True,P35 - P+R_Schiedam Centrum,168
2020-05-15,01:11,Fri,166,True,P35 - P+R_Schiedam Centrum,168
2020-05-15,01:12,Fri,166,True,P35 - P+R_Schiedam Centrum,168
2020-05-15,01:13,Fri,166,True,P35 - P+R_Schiedam Centrum,168
2020-05-15,01:14,Fri,166,True,P35 - P+R_Schiedam Centrum,168
2020-05-15,01:15,Fri,166,True,P35 - P+R_Schiedam Centrum,168
2020-05-15,01:16,Fri,166,True,P35 - P+R_Schiedam Centrum,168
2020-05-15,01:17,Fri,166,True,P35 - P+R_Schiedam Centrum,168
2020-05-15,01:18,Fri,166,True,P35 - P+R_Schiedam Centrum,168
2020-05-15,01:19,Fri,166,True,P35 - P+R_Schiedam Centrum,168
2020-05-15,01:20,Fri,166,True,P35 - P+R_Schiedam Centrum,168
2020-05-15,01:21,Fri,166,True,P35 - P+R_Schiedam Centrum,168
2020-05-15,01:22,Fri,166,True,P35 - P+R_Schiedam Centrum,168
2020-05-15,01:23,Fri,166,True,P35 - P+R_Schiedam Centrum,168
2020-05-15,01:24,Fri,166,True,P35 - P+R_Schiedam Centrum,168
2020-05-15,01:25,Fri,166,True,P35 - P+R_Schiedam Centrum,168
2020-05-15,01:26,Fri,166,True,P35 - P+R_Schiedam Centrum,168
2020-05-15,01:27,Fri,166,True,P35 - P+R_Schiedam Centrum,168
2020-05-15,01:28,Fri,166,True,P35 - P+R_Schiedam Centrum,168
2020-05-15,01:29,Fri,166,True,P35 - P+R_Schiedam Centrum,168
2020-05-15,01:30,Fri,166,True,P35 - P+R_Schiedam Centrum,168
2020-05-15,01:31,Fri,166,True,P35 - P+R_Schiedam Centrum,168
2020-05-15,01:32,Fri,166,True,P35 - P+R_Schiedam Centrum,168
2020-05-15,01:33,Fri,166,True,P35 - P+R_Schiedam Centrum,168
2020-05-15,01:34,Fri,166,True,P35 - P+R_Schiedam Centrum,168
2020-05-15,01:35,Fri,166,True,P35 - P+R_Schiedam Centrum,168
2020-05-15,01:36,Fri,166,True,P35 - P+R_Schiedam Centrum,168
2020-05-15,01:37,Fri,166,True,P35 - P+R_Schiedam Centrum,168
2020-05-15,01:38,Fri,166,True,P35 - P+R_Schiedam Centrum,168
2020-05-15,01:39,Fri,166,True,P35 - P+R_Schiedam Centrum,168
2020-05-15,01:40,Fri,166,True,P35 - P+R_Schiedam Centrum,168
2020-05-15,01:41,Fri,166,True,P35 - P+R_Schiedam Centrum,168
2020-05-15,01:42,Fri,166,True,P35 - P+R_Schiedam Centrum,168
2020-05-15,01:43,Fri,166,True,P35 - P+R_Schiedam Centrum,168
2020-05-15,01:44,Fri,166,True,P35 - P+R_Schiedam Centrum,168
2020-05-15,01:45,Fri,166,True,P35 - P+R_Schiedam Centrum,168
2020-05-15,01:46,Fri,166,True,P35 - P+R_Schiedam Centrum,168
2020-05-15,01:47,Fri,166,True,P35 - P+R_Schiedam Centrum,168
2020-05-15,01:48,Fri,166,True,P35 - P+R_Schiedam Centrum,168
2020-05-15,01:49,Fri,166,True,P35 - P+R_Schiedam Centrum,168
2020-05-15,01:50,Fri,166,True,P35 - P+R_Schiedam Centrum,168
2020-05-15,01:51,Fri,166,True,P35 - P+R_Schiedam Centrum,168
2020-05-15,01:52,Fri,166,True,P35 - P+R_Schiedam Centrum,168
2020-05-15,01:53,Fri,166,True,P35 - P+R_Schiedam Centrum,168
2020-05-15,01:54,Fri,166,True,P35 - P+R_Schiedam Centrum,168
2020-05-15,01:55,Fri,166,True,P35 - P+R_Schiedam Centrum,168
2020-05-15,01:56,Fri,166,True,P35 - P+R_Schiedam Centrum,168
2020-05-15,01:57,Fri,166,True,P35 - P+R_Schiedam Centrum,168
2020-05-15,01:58,Fri,166,True,P35 - P+R_Schiedam Centrum,168
2020-05-15,01:59,Fri,166,True,P35 - P+R_Schiedam Centrum,168
2020-05-15,02:00,Fri,166,True,P35 - P+R_Schiedam Centrum,168
2020-05-15,02:01,Fri,166,True,P35 - P+R_Schiedam Centrum,168
2020-05-15,02:02,Fri,166,True,P35 - P+R_Schiedam Centrum,168
2020-05-15,02:03,Fri,166,True,P35 - P+R_Schiedam Centrum,168
2020-05-15,02:04,Fri,166,True,P35 - P+R_Schiedam Centrum,168
2020-05-15,02:05,Fri,166,True,P35 - P+R_Schiedam Centrum,168
2020-05-15,02:06,Fri,166,True,P35 - P+R_Schiedam Centrum,168
2020-05-15,02:07,Fri,166,True,P35 - P+R_Schiedam Centrum,168
2020-05-15,02:08,Fri,166,True,P35 - P+R_Schiedam Centrum,168
2020-05-15,02:09,Fri,166,True,P35 - P+R_Schiedam Centrum,168
2020-05-15,02:10,Fri,166,True,P35 - P+R_Schiedam Centrum,168
2020-05-15,02:11,Fri,166,True,P35 - P+R_Schiedam Centrum,168
2020-05-15,02:12,Fri,166,True,P35 - P+R_Schiedam Centrum,168
2020-05-15,02:13,Fri,166,True,P35 - P+R_Schiedam Centrum,168
2020-05-15,02:14,Fri,166,True,P35 - P+R_Schiedam Centrum,168
2020-05-15,02:15,Fri,166,True,P35 - P+R_Schiedam Centrum,168
2020-05-15,02:16,Fri,166,True,P35 - P+R_Schiedam Centrum,168
2020-05-15,02:17,Fri,166,True,P35 - P+R_Schiedam Centrum,168
2020-05-15,02:18,Fri,166,True,P35 - P+R_Schiedam Centrum,168
2020-05-15,02:19,Fri,166,True,P35 - P+R_Schiedam Centrum,168
2020-05-15,02:20,Fri,166,True,P35 - P+R_Schiedam Centrum,168
2020-05-15,02:21,Fri,166,True,P35 - P+R_Schiedam Centrum,168
2020-05-15,02:22,Fri,166,True,P35 - P+R_Schiedam Centrum,168
2020-05-15,02:23,Fri,166,True,P35 - P+R_Schiedam Centrum,168
2020-05-15,02:24,Fri,166,True,P35 - P+R_Schiedam Centrum,168
2020-05-15,02:25,Fri,166,True,P35 - P+R_Schiedam Centrum,168
2020-05-15,02:26,Fri,166,True,P35 - P+R_Schiedam Centrum,168
2020-05-15,02:27,Fri,166,True,P35 - P+R_Schiedam Centrum,168
2020-05-15,02:28,Fri,166,True,P35 - P+R_Schiedam Centrum,168
2020-05-15,02:29,Fri,166,True,P35 - P+R_Schiedam Centrum,168
2020-05-15,02:30,Fri,166,True,P35 - P+R_Schiedam Centrum,168
2020-05-15,02:31,Fri,166,True,P35 - P+R_Schiedam Centrum,168
2020-05-15,02:32,Fri,166,True,P35 - P+R_Schiedam Centrum,168
2020-05-15,02:33,Fri,166,True,P35 - P+R_Schiedam Centrum,168
2020-05-15,02:34,Fri,166,True,P35 - P+R_Schiedam Centrum,168
2020-05-15,02:35,Fri,166,True,P35 - P+R_Schiedam Centrum,168
2020-05-15,02:36,Fri,166,True,P35 - P+R_Schiedam Centrum,168
2020-05-15,02:37,Fri,166,True,P35 - P+R_Schiedam Centrum,168
2020-05-15,02:38,Fri,166,True,P35 - P+R_Schiedam Centrum,168
2020-05-15,02:39,Fri,166,True,P35 - P+R_Schiedam Centrum,168
2020-05-15,02:40,Fri,166,True,P35 - P+R_Schiedam Centrum,168
2020-05-15,02:41,Fri,166,True,P35 - P+R_Schiedam Centrum,168
2020-05-15,02:42,Fri,166,True,P35 - P+R_Schiedam Centrum,168
2020-05-15,02:43,Fri,166,True,P35 - P+R_Schiedam Centrum,168
2020-05-15,02:44,Fri,166,True,P35 - P+R_Schiedam Centrum,168
2020-05-15,02:45,Fri,166,True,P35 - P+R_Schiedam Centrum,168
2020-05-15,02:46,Fri,166,True,P35 - P+R_Schiedam Centrum,168
2020-05-15,02:47,Fri,166,True,P35 - P+R_Schiedam Centrum,168
2020-05-15,02:48,Fri,166,True,P35 - P+R_Schiedam Centrum,168
2020-05-15,02:49,Fri,166,True,P35 - P+R_Schiedam Centrum,168
2020-05-15,02:50,Fri,166,True,P35 - P+R_Schiedam Centrum,168
2020-05-15,02:51,Fri,166,True,P35 - P+R_Schiedam Centrum,168
2020-05-15,02:52,Fri,166,True,P35 - P+R_Schiedam Centrum,168
2020-05-15,02:53,Fri,166,True,P35 - P+R_Schiedam Centrum,168
2020-05-15,02:54,Fri,166,True,P35 - P+R_Schiedam Centrum,168
2020-05-15,02:55,Fri,166,True,P35 - P+R_Schiedam Centrum,168
2020-05-15,02:56,Fri,166,True,P35 - P+R_Schiedam Centrum,168
2020-05-15,02:57,Fri,166,True,P35 - P+R_Schiedam Centrum,168
2020-05-15,02:58,Fri,166,True,P35 - P+R_Schiedam Centrum,168
2020-05-15,02:59,Fri,166,True,P35 - P+R_Schiedam Centrum,168
2020-05-15,03:00,Fri,166,True,P35 - P+R_Schiedam Centrum,168
2020-05-15,03:01,Fri,166,True,P35 - P+R_Schiedam Centrum,168
2020-05-15,03:02,Fri,166,True,P35 - P+R_Schiedam Centrum,168
2020-05-15,03:03,Fri,166,True,P35 - P+R_Schiedam Centrum,168
2020-05-15,03:04,Fri,166,True,P35 - P+R_Schiedam Centrum,168
2020-05-15,03:05,Fri,166,True,P35 - P+R_Schiedam Centrum,168
2020-05-15,03:06,Fri,166,True,P35 - P+R_Schiedam Centrum,168
2020-05-15,03:07,Fri,166,True,P35 - P+R_Schiedam Centrum,168
2020-05-15,03:08,Fri,166,True,P35 - P+R_Schiedam Centrum,168
2020-05-15,03:09,Fri,166,True,P35 - P+R_Schiedam Centrum,168
2020-05-15,03:10,Fri,166,True,P35 - P+R_Schiedam Centrum,168
2020-05-15,03:11,Fri,166,True,P35 - P+R_Schiedam Centrum,168
2020-05-15,03:12,Fri,166,True,P35 - P+R_Schiedam Centrum,168
2020-05-15,03:13,Fri,166,True,P35 - P+R_Schiedam Centrum,168
2020-05-15,03:14,Fri,166,True,P35 - P+R_Schiedam Centrum,168
2020-05-15,03:15,Fri,166,True,P35 - P+R_Schiedam Centrum,168
2020-05-15,03:16,Fri,166,True,P35 - P+R_Schiedam Centrum,168
2020-05-15,03:17,Fri,166,True,P35 - P+R_Schiedam Centrum,168
2020-05-15,03:18,Fri,166,True,P35 - P+R_Schiedam Centrum,168
2020-05-15,03:19,Fri,166,True,P35 - P+R_Schiedam Centrum,168
2020-05-15,03:20,Fri,166,True,P35 - P+R_Schiedam Centrum,168
2020-05-15,03:21,Fri,166,True,P35 - P+R_Schiedam Centrum,168
2020-05-15,03:22,Fri,166,True,P35 - P+R_Schiedam Centrum,168
2020-05-15,03:23,Fri,166,True,P35 - P+R_Schiedam Centrum,168
2020-05-15,03:24,Fri,166,True,P35 - P+R_Schiedam Centrum,168
2020-05-15,03:25,Fri,166,True,P35 - P+R_Schiedam Centrum,168
2020-05-15,03:26,Fri,166,True,P35 - P+R_Schiedam Centrum,168
2020-05-15,03:27,Fri,166,True,P35 - P+R_Schiedam Centrum,168
2020-05-15,03:28,Fri,166,True,P35 - P+R_Schiedam Centrum,168
2020-05-15,03:29,Fri,166,True,P35 - P+R_Schiedam Centrum,168
2020-05-15,03:30,Fri,166,True,P35 - P+R_Schiedam Centrum,168
2020-05-15,03:31,Fri,166,True,P35 - P+R_Schiedam Centrum,168
2020-05-15,03:32,Fri,166,True,P35 - P+R_Schiedam Centrum,168
2020-05-15,03:33,Fri,166,True,P35 - P+R_Schiedam Centrum,168
2020-05-15,03:34,Fri,166,True,P35 - P+R_Schiedam Centrum,168
2020-05-15,03:35,Fri,166,True,P35 - P+R_Schiedam Centrum,168
2020-05-15,03:36,Fri,166,True,P35 - P+R_Schiedam Centrum,168
2020-05-15,03:37,Fri,166,True,P35 - P+R_Schiedam Centrum,168
2020-05-15,03:38,Fri,166,True,P35 - P+R_Schiedam Centrum,168
2020-05-15,03:39,Fri,166,True,P35 - P+R_Schiedam Centrum,168
2020-05-15,03:40,Fri,166,True,P35 - P+R_Schiedam Centrum,168
2020-05-15,03:41,Fri,166,True,P35 - P+R_Schiedam Centrum,168
2020-05-15,03:42,Fri,166,True,P35 - P+R_Schiedam Centrum,168
2020-05-15,03:43,Fri,166,True,P35 - P+R_Schiedam Centrum,168
2020-05-15,03:44,Fri,166,True,P35 - P+R_Schiedam Centrum,168
2020-05-15,03:45,Fri,166,True,P35 - P+R_Schiedam Centrum,168
2020-05-15,03:46,Fri,166,True,P35 - P+R_Schiedam Centrum,168
2020-05-15,03:47,Fri,166,True,P35 - P+R_Schiedam Centrum,168
2020-05-15,03:48,Fri,166,True,P35 - P+R_Schiedam Centrum,168
2020-05-15,03:49,Fri,166,True,P35 - P+R_Schiedam Centrum,168
2020-05-15,03:50,Fri,166,True,P35 - P+R_Schiedam Centrum,168
2020-05-15,03:51,Fri,166,True,P35 - P+R_Schiedam Centrum,168
2020-05-15,03:52,Fri,166,True,P35 - P+R_Schiedam Centrum,168
2020-05-15,03:53,Fri,166,True,P35 - P+R_Schiedam Centrum,168
2020-05-15,03:54,Fri,166,True,P35 - P+R_Schiedam Centrum,168
2020-05-15,03:55,Fri,166,True,P35 - P+R_Schiedam Centrum,168
2020-05-15,03:56,Fri,166,True,P35 - P+R_Schiedam Centrum,168
2020-05-15,03:57,Fri,166,True,P35 - P+R_Schiedam Centrum,168
2020-05-15,03:58,Fri,166,True,P35 - P+R_Schiedam Centrum,168
2020-05-15,03:59,Fri,166,True,P35 - P+R_Schiedam Centrum,168
2020-05-15,04:00,Fri,166,True,P35 - P+R_Schiedam Centrum,168
2020-05-15,04:01,Fri,166,True,P35 - P+R_Schiedam Centrum,168
2020-05-15,04:02,Fri,166,True,P35 - P+R_Schiedam Centrum,168
2020-05-15,04:03,Fri,166,True,P35 - P+R_Schiedam Centrum,168
2020-05-15,04:04,Fri,166,True,P35 - P+R_Schiedam Centrum,168
2020-05-15,04:05,Fri,166,True,P35 - P+R_Schiedam Centrum,168
2020-05-15,04:06,Fri,166,True,P35 - P+R_Schiedam Centrum,168
2020-05-15,04:07,Fri,166,True,P35 - P+R_Schiedam Centrum,168
2020-05-15,04:08,Fri,166,True,P35 - P+R_Schiedam Centrum,168
2020-05-15,04:09,Fri,166,True,P35 - P+R_Schiedam Centrum,168
2020-05-15,04:10,Fri,166,True,P35 - P+R_Schiedam Centrum,168
2020-05-15,04:11,Fri,166,True,P35 - P+R_Schiedam Centrum,168
2020-05-15,04:12,Fri,166,True,P35 - P+R_Schiedam Centrum,168
2020-05-15,04:13,Fri,166,True,P35 - P+R_Schiedam Centrum,168
2020-05-15,04:14,Fri,166,True,P35 - P+R_Schiedam Centrum,168
2020-05-15,04:15,Fri,166,True,P35 - P+R_Schiedam Centrum,168
2020-05-15,04:16,Fri,166,True,P35 - P+R_Schiedam Centrum,168
2020-05-15,04:17,Fri,166,True,P35 - P+R_Schiedam Centrum,168
2020-05-15,04:18,Fri,166,True,P35 - P+R_Schiedam Centrum,168
2020-05-15,04:19,Fri,166,True,P35 - P+R_Schiedam Centrum,168
2020-05-15,04:20,Fri,166,True,P35 - P+R_Schiedam Centrum,168
2020-05-15,04:21,Fri,166,True,P35 - P+R_Schiedam Centrum,168
2020-05-15,04:22,Fri,166,True,P35 - P+R_Schiedam Centrum,168
2020-05-15,04:23,Fri,166,True,P35 - P+R_Schiedam Centrum,168
2020-05-15,04:24,Fri,166,True,P35 - P+R_Schiedam Centrum,168
2020-05-15,04:25,Fri,166,True,P35 - P+R_Schiedam Centrum,168
2020-05-15,04:26,Fri,166,True,P35 - P+R_Schiedam Centrum,168
2020-05-15,04:27,Fri,166,True,P35 - P+R_Schiedam Centrum,168
2020-05-15,04:28,Fri,166,True,P35 - P+R_Schiedam Centrum,168
2020-05-15,04:29,Fri,166,True,P35 - P+R_Schiedam Centrum,168
2020-05-15,04:30,Fri,166,True,P35 - P+R_Schiedam Centrum,168
2020-05-15,04:31,Fri,166,True,P35 - P+R_Schiedam Centrum,168
2020-05-15,04:32,Fri,166,True,P35 - P+R_Schiedam Centrum,168
2020-05-15,04:33,Fri,166,True,P35 - P+R_Schiedam Centrum,168
2020-05-15,04:34,Fri,166,True,P35 - P+R_Schiedam Centrum,168
2020-05-15,04:35,Fri,166,True,P35 - P+R_Schiedam Centrum,168
2020-05-15,04:36,Fri,166,True,P35 - P+R_Schiedam Centrum,168
2020-05-15,04:37,Fri,166,True,P35 - P+R_Schiedam Centrum,168
2020-05-15,04:38,Fri,166,True,P35 - P+R_Schiedam Centrum,168
2020-05-15,04:39,Fri,166,True,P35 - P+R_Schiedam Centrum,168
2020-05-15,04:40,Fri,166,True,P35 - P+R_Schiedam Centrum,168
2020-05-15,04:41,Fri,166,True,P35 - P+R_Schiedam Centrum,168
2020-05-15,04:42,Fri,166,True,P35 - P+R_Schiedam Centrum,168
2020-05-15,04:43,Fri,166,True,P35 - P+R_Schiedam Centrum,168
2020-05-15,04:44,Fri,166,True,P35 - P+R_Schiedam Centrum,168
2020-05-15,04:45,Fri,166,True,P35 - P+R_Schiedam Centrum,168
2020-05-15,04:46,Fri,166,True,P35 - P+R_Schiedam Centrum,168
2020-05-15,04:47,Fri,166,True,P35 - P+R_Schiedam Centrum,168
2020-05-15,04:48,Fri,166,True,P35 - P+R_Schiedam Centrum,168
2020-05-15,04:49,Fri,166,True,P35 - P+R_Schiedam Centrum,168
2020-05-15,04:50,Fri,166,True,P35 - P+R_Schiedam Centrum,168
2020-05-15,04:51,Fri,166,True,P35 - P+R_Schiedam Centrum,168
2020-05-15,04:52,Fri,166,True,P35 - P+R_Schiedam Centrum,168
2020-05-15,04:53,Fri,166,True,P35 - P+R_Schiedam Centrum,168
2020-05-15,04:54,Fri,166,True,P35 - P+R_Schiedam Centrum,168
2020-05-15,04:55,Fri,166,True,P35 - P+R_Schiedam Centrum,168
2020-05-15,04:56,Fri,166,True,P35 - P+R_Schiedam Centrum,168
2020-05-15,04:57,Fri,166,True,P35 - P+R_Schiedam Centrum,168
2020-05-15,04:58,Fri,166,True,P35 - P+R_Schiedam Centrum,168
2020-05-15,04:59,Fri,166,True,P35 - P+R_Schiedam Centrum,168
2020-05-15,05:00,Fri,166,True,P35 - P+R_Schiedam Centrum,168
2020-05-15,05:01,Fri,166,True,P35 - P+R_Schiedam Centrum,168
2020-05-15,05:02,Fri,166,True,P35 - P+R_Schiedam Centrum,168
2020-05-15,05:03,Fri,166,True,P35 - P+R_Schiedam Centrum,168
2020-05-15,05:04,Fri,166,True,P35 - P+R_Schiedam Centrum,168
2020-05-15,05:05,Fri,166,True,P35 - P+R_Schiedam Centrum,168
2020-05-15,05:06,Fri,166,True,P35 - P+R_Schiedam Centrum,168
2020-05-15,05:07,Fri,166,True,P35 - P+R_Schiedam Centrum,168
2020-05-15,05:08,Fri,166,True,P35 - P+R_Schiedam Centrum,168
2020-05-15,05:09,Fri,166,True,P35 - P+R_Schiedam Centrum,168
2020-05-15,05:10,Fri,166,True,P35 - P+R_Schiedam Centrum,168
2020-05-15,05:11,Fri,166,True,P35 - P+R_Schiedam Centrum,168
2020-05-15,05:12,Fri,166,True,P35 - P+R_Schiedam Centrum,168
2020-05-15,05:13,Fri,166,True,P35 - P+R_Schiedam Centrum,168
2020-05-15,05:14,Fri,166,True,P35 - P+R_Schiedam Centrum,168
2020-05-15,05:15,Fri,166,True,P35 - P+R_Schiedam Centrum,168
2020-05-15,05:16,Fri,166,True,P35 - P+R_Schiedam Centrum,168
2020-05-15,05:17,Fri,166,True,P35 - P+R_Schiedam Centrum,168
2020-05-15,05:18,Fri,166,True,P35 - P+R_Schiedam Centrum,168
2020-05-15,05:19,Fri,166,True,P35 - P+R_Schiedam Centrum,168
2020-05-15,05:20,Fri,166,True,P35 - P+R_Schiedam Centrum,168
2020-05-15,05:21,Fri,166,True,P35 - P+R_Schiedam Centrum,168
2020-05-15,05:22,Fri,166,True,P35 - P+R_Schiedam Centrum,168
2020-05-15,05:23,Fri,166,True,P35 - P+R_Schiedam Centrum,168
2020-05-15,05:24,Fri,166,True,P35 - P+R_Schiedam Centrum,168
2020-05-15,05:25,Fri,166,True,P35 - P+R_Schiedam Centrum,168
2020-05-15,05:26,Fri,166,True,P35 - P+R_Schiedam Centrum,168
2020-05-15,05:27,Fri,166,True,P35 - P+R_Schiedam Centrum,168
2020-05-15,05:28,Fri,166,True,P35 - P+R_Schiedam Centrum,168
2020-05-15,05:29,Fri,166,True,P35 - P+R_Schiedam Centrum,168
2020-05-15,05:30,Fri,166,True,P35 - P+R_Schiedam Centrum,168
2020-05-15,05:31,Fri,166,True,P35 - P+R_Schiedam Centrum,168
2020-05-15,05:32,Fri,166,True,P35 - P+R_Schiedam Centrum,168
2020-05-15,05:33,Fri,166,True,P35 - P+R_Schiedam Centrum,168
2020-05-15,05:34,Fri,166,True,P35 - P+R_Schiedam Centrum,168
2020-05-15,05:35,Fri,166,True,P35 - P+R_Schiedam Centrum,168
2020-05-15,05:36,Fri,166,True,P35 - P+R_Schiedam Centrum,168
2020-05-15,05:37,Fri,166,True,P35 - P+R_Schiedam Centrum,168
2020-05-15,05:38,Fri,166,True,P35 - P+R_Schiedam Centrum,168
2020-05-15,05:39,Fri,166,True,P35 - P+R_Schiedam Centrum,168
2020-05-15,05:40,Fri,166,True,P35 - P+R_Schiedam Centrum,168
2020-05-15,05:41,Fri,166,True,P35 - P+R_Schiedam Centrum,168
2020-05-15,05:42,Fri,166,True,P35 - P+R_Schiedam Centrum,168
2020-05-15,05:43,Fri,166,True,P35 - P+R_Schiedam Centrum,168
2020-05-15,05:44,Fri,166,True,P35 - P+R_Schiedam Centrum,168
2020-05-15,05:45,Fri,166,True,P35 - P+R_Schiedam Centrum,168
2020-05-15,05:46,Fri,166,True,P35 - P+R_Schiedam Centrum,168
2020-05-15,05:47,Fri,166,True,P35 - P+R_Schiedam Centrum,168
2020-05-15,05:48,Fri,166,True,P35 - P+R_Schiedam Centrum,168
2020-05-15,05:49,Fri,166,True,P35 - P+R_Schiedam Centrum,168
2020-05-15,05:50,Fri,166,True,P35 - P+R_Schiedam Centrum,168
2020-05-15,05:51,Fri,166,True,P35 - P+R_Schiedam Centrum,168
2020-05-15,05:52,Fri,166,True,P35 - P+R_Schiedam Centrum,168
2020-05-15,05:53,Fri,166,True,P35 - P+R_Schiedam Centrum,168
2020-05-15,05:54,Fri,166,True,P35 - P+R_Schiedam Centrum,168
2020-05-15,05:55,Fri,166,True,P35 - P+R_Schiedam Centrum,168
2020-05-15,05:56,Fri,166,True,P35 - P+R_Schiedam Centrum,168
2020-05-15,05:57,Fri,166,True,P35 - P+R_Schiedam Centrum,168
2020-05-15,05:58,Fri,166,True,P35 - P+R_Schiedam Centrum,168
2020-05-15,05:59,Fri,166,True,P35 - P+R_Schiedam Centrum,168
2020-05-15,06:00,Fri,166,True,P35 - P+R_Schiedam Centrum,168
2020-05-15,06:01,Fri,166,True,P35 - P+R_Schiedam Centrum,168
2020-05-15,06:02,Fri,166,True,P35 - P+R_Schiedam Centrum,168
2020-05-15,06:03,Fri,166,True,P35 - P+R_Schiedam Centrum,168
2020-05-15,06:04,Fri,166,True,P35 - P+R_Schiedam Centrum,168
2020-05-15,06:05,Fri,166,True,P35 - P+R_Schiedam Centrum,168
2020-05-15,06:06,Fri,166,True,P35 - P+R_Schiedam Centrum,168
2020-05-15,06:07,Fri,166,True,P35 - P+R_Schiedam Centrum,168
2020-05-15,06:08,Fri,166,True,P35 - P+R_Schiedam Centrum,168
2020-05-15,06:09,Fri,166,True,P35 - P+R_Schiedam Centrum,168
2020-05-15,06:10,Fri,166,True,P35 - P+R_Schiedam Centrum,168
2020-05-15,06:11,Fri,166,True,P35 - P+R_Schiedam Centrum,168
2020-05-15,06:12,Fri,166,True,P35 - P+R_Schiedam Centrum,168
2020-05-15,06:13,Fri,166,True,P35 - P+R_Schiedam Centrum,168
2020-05-15,06:14,Fri,166,True,P35 - P+R_Schiedam Centrum,168
2020-05-15,06:15,Fri,166,True,P35 - P+R_Schiedam Centrum,168
2020-05-15,06:16,Fri,166,True,P35 - P+R_Schiedam Centrum,168
2020-05-15,06:17,Fri,166,True,P35 - P+R_Schiedam Centrum,168
2020-05-15,06:18,Fri,166,True,P35 - P+R_Schiedam Centrum,168
2020-05-15,06:19,Fri,166,True,P35 - P+R_Schiedam Centrum,168
2020-05-15,06:20,Fri,166,True,P35 - P+R_Schiedam Centrum,168
2020-05-15,06:21,Fri,166,True,P35 - P+R_Schiedam Centrum,168
2020-05-15,06:22,Fri,166,True,P35 - P+R_Schiedam Centrum,168
2020-05-15,06:23,Fri,166,True,P35 - P+R_Schiedam Centrum,168
2020-05-15,06:24,Fri,166,True,P35 - P+R_Schiedam Centrum,168
2020-05-15,06:25,Fri,166,True,P35 - P+R_Schiedam Centrum,168
2020-05-15,06:26,Fri,166,True,P35 - P+R_Schiedam Centrum,168
2020-05-15,06:27,Fri,166,True,P35 - P+R_Schiedam Centrum,168
2020-05-15,06:28,Fri,166,True,P35 - P+R_Schiedam Centrum,168
2020-05-15,06:29,Fri,166,True,P35 - P+R_Schiedam Centrum,168
2020-05-15,06:30,Fri,166,True,P35 - P+R_Schiedam Centrum,168
2020-05-15,06:31,Fri,166,True,P35 - P+R_Schiedam Centrum,168
2020-05-15,06:32,Fri,166,True,P35 - P+R_Schiedam Centrum,168
2020-05-15,06:33,Fri,166,True,P35 - P+R_Schiedam Centrum,168
2020-05-15,06:34,Fri,166,True,P35 - P+R_Schiedam Centrum,168
2020-05-15,06:35,Fri,166,True,P35 - P+R_Schiedam Centrum,168
2020-05-15,06:36,Fri,166,True,P35 - P+R_Schiedam Centrum,168
2020-05-15,06:37,Fri,166,True,P35 - P+R_Schiedam Centrum,168
2020-05-15,06:38,Fri,166,True,P35 - P+R_Schiedam Centrum,168
2020-05-15,06:39,Fri,166,True,P35 - P+R_Schiedam Centrum,168
2020-05-15,06:40,Fri,166,True,P35 - P+R_Schiedam Centrum,168
2020-05-15,06:41,Fri,166,True,P35 - P+R_Schiedam Centrum,168
2020-05-15,06:42,Fri,166,True,P35 - P+R_Schiedam Centrum,168
2020-05-15,06:43,Fri,166,True,P35 - P+R_Schiedam Centrum,168
2020-05-15,06:44,Fri,166,True,P35 - P+R_Schiedam Centrum,168
2020-05-15,06:45,Fri,166,True,P35 - P+R_Schiedam Centrum,168
2020-05-15,06:46,Fri,166,True,P35 - P+R_Schiedam Centrum,168
2020-05-15,06:47,Fri,166,True,P35 - P+R_Schiedam Centrum,168
2020-05-15,06:48,Fri,166,True,P35 - P+R_Schiedam Centrum,168
2020-05-15,06:49,Fri,166,True,P35 - P+R_Schiedam Centrum,168
2020-05-15,06:50,Fri,166,True,P35 - P+R_Schiedam Centrum,168
2020-05-15,06:51,Fri,166,True,P35 - P+R_Schiedam Centrum,168
2020-05-15,06:52,Fri,166,True,P35 - P+R_Schiedam Centrum,168
2020-05-15,06:53,Fri,166,True,P35 - P+R_Schiedam Centrum,168
2020-05-15,06:54,Fri,165,True,P35 - P+R_Schiedam Centrum,168
2020-05-15,06:55,Fri,165,True,P35 - P+R_Schiedam Centrum,168
2020-05-15,06:56,Fri,165,True,P35 - P+R_Schiedam Centrum,168
2020-05-15,06:57,Fri,165,True,P35 - P+R_Schiedam Centrum,168
2020-05-15,06:58,Fri,165,True,P35 - P+R_Schiedam Centrum,168
2020-05-15,06:59,Fri,165,True,P35 - P+R_Schiedam Centrum,168
2020-05-15,07:00,Fri,165,True,P35 - P+R_Schiedam Centrum,168
2020-05-15,07:01,Fri,165,True,P35 - P+R_Schiedam Centrum,168
2020-05-15,07:02,Fri,165,True,P35 - P+R_Schiedam Centrum,168
2020-05-15,07:03,Fri,165,True,P35 - P+R_Schiedam Centrum,168
2020-05-15,07:04,Fri,165,True,P35 - P+R_Schiedam Centrum,168
2020-05-15,07:05,Fri,165,True,P35 - P+R_Schiedam Centrum,168
2020-05-15,07:06,Fri,165,True,P35 - P+R_Schiedam Centrum,168
2020-05-15,07:07,Fri,165,True,P35 - P+R_Schiedam Centrum,168
2020-05-15,07:08,Fri,165,True,P35 - P+R_Schiedam Centrum,168
2020-05-15,07:09,Fri,165,True,P35 - P+R_Schiedam Centrum,168
2020-05-15,07:10,Fri,165,True,P35 - P+R_Schiedam Centrum,168
2020-05-15,07:11,Fri,165,True,P35 - P+R_Schiedam Centrum,168
2020-05-15,07:12,Fri,165,True,P35 - P+R_Schiedam Centrum,168
2020-05-15,07:13,Fri,165,True,P35 - P+R_Schiedam Centrum,168
2020-05-15,07:14,Fri,165,True,P35 - P+R_Schiedam Centrum,168
2020-05-15,07:15,Fri,165,True,P35 - P+R_Schiedam Centrum,168
2020-05-15,07:16,Fri,165,True,P35 - P+R_Schiedam Centrum,168
2020-05-15,07:17,Fri,165,True,P35 - P+R_Schiedam Centrum,168
2020-05-15,07:18,Fri,165,True,P35 - P+R_Schiedam Centrum,168
2020-05-15,07:19,Fri,165,True,P35 - P+R_Schiedam Centrum,168
2020-05-15,07:20,Fri,165,True,P35 - P+R_Schiedam Centrum,168
2020-05-15,07:21,Fri,165,True,P35 - P+R_Schiedam Centrum,168
2020-05-15,07:22,Fri,165,True,P35 - P+R_Schiedam Centrum,168
2020-05-15,07:23,Fri,165,True,P35 - P+R_Schiedam Centrum,168
2020-05-15,07:24,Fri,165,True,P35 - P+R_Schiedam Centrum,168
2020-05-15,07:25,Fri,165,True,P35 - P+R_Schiedam Centrum,168
2020-05-15,07:26,Fri,165,True,P35 - P+R_Schiedam Centrum,168
2020-05-15,07:27,Fri,165,True,P35 - P+R_Schiedam Centrum,168
2020-05-15,07:28,Fri,165,True,P35 - P+R_Schiedam Centrum,168
2020-05-15,07:29,Fri,165,True,P35 - P+R_Schiedam Centrum,168
2020-05-15,07:30,Fri,165,True,P35 - P+R_Schiedam Centrum,168
2020-05-15,07:31,Fri,165,True,P35 - P+R_Schiedam Centrum,168
2020-05-15,07:32,Fri,165,True,P35 - P+R_Schiedam Centrum,168
2020-05-15,07:33,Fri,165,True,P35 - P+R_Schiedam Centrum,168
2020-05-15,07:34,Fri,165,True,P35 - P+R_Schiedam Centrum,168
2020-05-15,07:35,Fri,165,True,P35 - P+R_Schiedam Centrum,168
2020-05-15,07:36,Fri,165,True,P35 - P+R_Schiedam Centrum,168
2020-05-15,07:37,Fri,165,True,P35 - P+R_Schiedam Centrum,168
2020-05-15,07:38,Fri,165,True,P35 - P+R_Schiedam Centrum,168
2020-05-15,07:39,Fri,165,True,P35 - P+R_Schiedam Centrum,168
2020-05-15,07:40,Fri,165,True,P35 - P+R_Schiedam Centrum,168
2020-05-15,07:41,Fri,165,True,P35 - P+R_Schiedam Centrum,168
2020-05-15,07:42,Fri,165,True,P35 - P+R_Schiedam Centrum,168
2020-05-15,07:43,Fri,165,True,P35 - P+R_Schiedam Centrum,168
2020-05-15,07:44,Fri,165,True,P35 - P+R_Schiedam Centrum,168
2020-05-15,07:45,Fri,165,True,P35 - P+R_Schiedam Centrum,168
2020-05-15,07:46,Fri,165,True,P35 - P+R_Schiedam Centrum,168
2020-05-15,07:47,Fri,165,True,P35 - P+R_Schiedam Centrum,168
2020-05-15,07:48,Fri,165,True,P35 - P+R_Schiedam Centrum,168
2020-05-15,07:49,Fri,165,True,P35 - P+R_Schiedam Centrum,168
2020-05-15,07:50,Fri,165,True,P35 - P+R_Schiedam Centrum,168
2020-05-15,07:51,Fri,165,True,P35 - P+R_Schiedam Centrum,168
2020-05-15,07:52,Fri,165,True,P35 - P+R_Schiedam Centrum,168
2020-05-15,07:53,Fri,165,True,P35 - P+R_Schiedam Centrum,168
2020-05-15,07:54,Fri,165,True,P35 - P+R_Schiedam Centrum,168
2020-05-15,07:55,Fri,165,True,P35 - P+R_Schiedam Centrum,168
2020-05-15,07:56,Fri,165,True,P35 - P+R_Schiedam Centrum,168
2020-05-15,07:57,Fri,165,True,P35 - P+R_Schiedam Centrum,168
2020-05-15,07:58,Fri,165,True,P35 - P+R_Schiedam Centrum,168
2020-05-15,07:59,Fri,165,True,P35 - P+R_Schiedam Centrum,168
2020-05-15,08:00,Fri,165,True,P35 - P+R_Schiedam Centrum,168
2020-05-15,08:01,Fri,165,True,P35 - P+R_Schiedam Centrum,168
2020-05-15,08:02,Fri,165,True,P35 - P+R_Schiedam Centrum,168
2020-05-15,08:03,Fri,165,True,P35 - P+R_Schiedam Centrum,168
2020-05-15,08:04,Fri,165,True,P35 - P+R_Schiedam Centrum,168
2020-05-15,08:05,Fri,165,True,P35 - P+R_Schiedam Centrum,168
2020-05-15,08:06,Fri,165,True,P35 - P+R_Schiedam Centrum,168
2020-05-15,08:07,Fri,165,True,P35 - P+R_Schiedam Centrum,168
2020-05-15,08:08,Fri,165,True,P35 - P+R_Schiedam Centrum,168
2020-05-15,08:09,Fri,165,True,P35 - P+R_Schiedam Centrum,168
2020-05-15,08:10,Fri,165,True,P35 - P+R_Schiedam Centrum,168
2020-05-15,08:11,Fri,165,True,P35 - P+R_Schiedam Centrum,168
2020-05-15,08:12,Fri,165,True,P35 - P+R_Schiedam Centrum,168
2020-05-15,08:13,Fri,165,True,P35 - P+R_Schiedam Centrum,168
2020-05-15,08:14,Fri,165,True,P35 - P+R_Schiedam Centrum,168
2020-05-15,08:15,Fri,165,True,P35 - P+R_Schiedam Centrum,168
2020-05-15,08:16,Fri,165,True,P35 - P+R_Schiedam Centrum,168
2020-05-15,08:17,Fri,165,True,P35 - P+R_Schiedam Centrum,168
2020-05-15,08:18,Fri,165,True,P35 - P+R_Schiedam Centrum,168
2020-05-15,08:19,Fri,165,True,P35 - P+R_Schiedam Centrum,168
2020-05-15,08:20,Fri,165,True,P35 - P+R_Schiedam Centrum,168
2020-05-15,08:21,Fri,165,True,P35 - P+R_Schiedam Centrum,168
2020-05-15,08:22,Fri,165,True,P35 - P+R_Schiedam Centrum,168
2020-05-15,08:23,Fri,165,True,P35 - P+R_Schiedam Centrum,168
2020-05-15,08:24,Fri,165,True,P35 - P+R_Schiedam Centrum,168
2020-05-15,08:25,Fri,165,True,P35 - P+R_Schiedam Centrum,168
2020-05-15,08:26,Fri,165,True,P35 - P+R_Schiedam Centrum,168
2020-05-15,08:27,Fri,165,True,P35 - P+R_Schiedam Centrum,168
2020-05-15,08:28,Fri,165,True,P35 - P+R_Schiedam Centrum,168
2020-05-15,08:29,Fri,165,True,P35 - P+R_Schiedam Centrum,168
2020-05-15,08:30,Fri,165,True,P35 - P+R_Schiedam Centrum,168
2020-05-15,08:31,Fri,165,True,P35 - P+R_Schiedam Centrum,168
2020-05-15,08:32,Fri,165,True,P35 - P+R_Schiedam Centrum,168
2020-05-15,08:33,Fri,165,True,P35 - P+R_Schiedam Centrum,168
2020-05-15,08:34,Fri,164,True,P35 - P+R_Schiedam Centrum,168
2020-05-15,08:35,Fri,164,True,P35 - P+R_Schiedam Centrum,168
2020-05-15,08:36,Fri,164,True,P35 - P+R_Schiedam Centrum,168
2020-05-15,08:37,Fri,164,True,P35 - P+R_Schiedam Centrum,168
2020-05-15,08:38,Fri,164,True,P35 - P+R_Schiedam Centrum,168
2020-05-15,08:39,Fri,164,True,P35 - P+R_Schiedam Centrum,168
2020-05-15,08:40,Fri,164,True,P35 - P+R_Schiedam Centrum,168
2020-05-15,08:41,Fri,164,True,P35 - P+R_Schiedam Centrum,168
2020-05-15,08:42,Fri,164,True,P35 - P+R_Schiedam Centrum,168
2020-05-15,08:43,Fri,164,True,P35 - P+R_Schiedam Centrum,168
2020-05-15,08:44,Fri,164,True,P35 - P+R_Schiedam Centrum,168
2020-05-15,08:45,Fri,164,True,P35 - P+R_Schiedam Centrum,168
2020-05-15,08:46,Fri,163,True,P35 - P+R_Schiedam Centrum,168
2020-05-15,08:47,Fri,163,True,P35 - P+R_Schiedam Centrum,168
2020-05-15,08:48,Fri,163,True,P35 - P+R_Schiedam Centrum,168
2020-05-15,08:49,Fri,163,True,P35 - P+R_Schiedam Centrum,168
2020-05-15,08:50,Fri,163,True,P35 - P+R_Schiedam Centrum,168
2020-05-15,08:51,Fri,163,True,P35 - P+R_Schiedam Centrum,168
2020-05-15,08:52,Fri,163,True,P35 - P+R_Schiedam Centrum,168
2020-05-15,08:53,Fri,163,True,P35 - P+R_Schiedam Centrum,168
2020-05-15,08:54,Fri,162,True,P35 - P+R_Schiedam Centrum,168
2020-05-15,08:55,Fri,162,True,P35 - P+R_Schiedam Centrum,168
2020-05-15,08:56,Fri,162,True,P35 - P+R_Schiedam Centrum,168
2020-05-15,08:57,Fri,162,True,P35 - P+R_Schiedam Centrum,168
2020-05-15,08:58,Fri,162,True,P35 - P+R_Schiedam Centrum,168
2020-05-15,08:59,Fri,162,True,P35 - P+R_Schiedam Centrum,168
2020-05-15,09:00,Fri,162,True,P35 - P+R_Schiedam Centrum,168
2020-05-15,09:01,Fri,162,True,P35 - P+R_Schiedam Centrum,168
2020-05-15,09:02,Fri,162,True,P35 - P+R_Schiedam Centrum,168
2020-05-15,09:03,Fri,162,True,P35 - P+R_Schiedam Centrum,168
2020-05-15,09:04,Fri,162,True,P35 - P+R_Schiedam Centrum,168
2020-05-15,09:05,Fri,162,True,P35 - P+R_Schiedam Centrum,168
2020-05-15,09:06,Fri,162,True,P35 - P+R_Schiedam Centrum,168
2020-05-15,09:07,Fri,162,True,P35 - P+R_Schiedam Centrum,168
2020-05-15,09:08,Fri,162,True,P35 - P+R_Schiedam Centrum,168
2020-05-15,09:09,Fri,162,True,P35 - P+R_Schiedam Centrum,168
2020-05-15,09:10,Fri,162,True,P35 - P+R_Schiedam Centrum,168
2020-05-15,09:11,Fri,161,True,P35 - P+R_Schiedam Centrum,168
2020-05-15,09:12,Fri,161,True,P35 - P+R_Schiedam Centrum,168
2020-05-15,09:13,Fri,161,True,P35 - P+R_Schiedam Centrum,168
2020-05-15,09:14,Fri,161,True,P35 - P+R_Schiedam Centrum,168
2020-05-15,09:15,Fri,161,True,P35 - P+R_Schiedam Centrum,168
2020-05-15,09:16,Fri,161,True,P35 - P+R_Schiedam Centrum,168
2020-05-15,09:17,Fri,161,True,P35 - P+R_Schiedam Centrum,168
2020-05-15,09:18,Fri,161,True,P35 - P+R_Schiedam Centrum,168
2020-05-15,09:19,Fri,161,True,P35 - P+R_Schiedam Centrum,168
2020-05-15,09:20,Fri,161,True,P35 - P+R_Schiedam Centrum,168
2020-05-15,09:21,Fri,161,True,P35 - P+R_Schiedam Centrum,168
2020-05-15,09:22,Fri,161,True,P35 - P+R_Schiedam Centrum,168
2020-05-15,09:23,Fri,161,True,P35 - P+R_Schiedam Centrum,168
2020-05-15,09:24,Fri,161,True,P35 - P+R_Schiedam Centrum,168
2020-05-15,09:25,Fri,161,True,P35 - P+R_Schiedam Centrum,168
2020-05-15,09:26,Fri,161,True,P35 - P+R_Schiedam Centrum,168
2020-05-15,09:27,Fri,161,True,P35 - P+R_Schiedam Centrum,168
2020-05-15,09:28,Fri,161,True,P35 - P+R_Schiedam Centrum,168
2020-05-15,09:29,Fri,161,True,P35 - P+R_Schiedam Centrum,168
2020-05-15,09:30,Fri,161,True,P35 - P+R_Schiedam Centrum,168
2020-05-15,09:31,Fri,161,True,P35 - P+R_Schiedam Centrum,168
2020-05-15,09:32,Fri,161,True,P35 - P+R_Schiedam Centrum,168
2020-05-15,09:33,Fri,161,True,P35 - P+R_Schiedam Centrum,168
2020-05-15,09:34,Fri,161,True,P35 - P+R_Schiedam Centrum,168
2020-05-15,09:35,Fri,161,True,P35 - P+R_Schiedam Centrum,168
2020-05-15,09:36,Fri,161,True,P35 - P+R_Schiedam Centrum,168
2020-05-15,09:37,Fri,161,True,P35 - P+R_Schiedam Centrum,168
2020-05-15,09:38,Fri,161,True,P35 - P+R_Schiedam Centrum,168
2020-05-15,09:39,Fri,161,True,P35 - P+R_Schiedam Centrum,168
2020-05-15,09:40,Fri,161,True,P35 - P+R_Schiedam Centrum,168
2020-05-15,09:41,Fri,162,True,P35 - P+R_Schiedam Centrum,168
2020-05-15,09:42,Fri,162,True,P35 - P+R_Schiedam Centrum,168
2020-05-15,09:43,Fri,162,True,P35 - P+R_Schiedam Centrum,168
2020-05-15,09:44,Fri,162,True,P35 - P+R_Schiedam Centrum,168
2020-05-15,09:45,Fri,162,True,P35 - P+R_Schiedam Centrum,168
2020-05-15,09:46,Fri,162,True,P35 - P+R_Schiedam Centrum,168
2020-05-15,09:47,Fri,162,True,P35 - P+R_Schiedam Centrum,168
2020-05-15,09:48,Fri,162,True,P35 - P+R_Schiedam Centrum,168
2020-05-15,09:49,Fri,162,True,P35 - P+R_Schiedam Centrum,168
2020-05-15,09:50,Fri,162,True,P35 - P+R_Schiedam Centrum,168
2020-05-15,09:51,Fri,162,True,P35 - P+R_Schiedam Centrum,168
2020-05-15,09:52,Fri,162,True,P35 - P+R_Schiedam Centrum,168
2020-05-15,09:53,Fri,162,True,P35 - P+R_Schiedam Centrum,168
2020-05-15,09:54,Fri,162,True,P35 - P+R_Schiedam Centrum,168
2020-05-15,09:55,Fri,162,True,P35 - P+R_Schiedam Centrum,168
2020-05-15,09:56,Fri,162,True,P35 - P+R_Schiedam Centrum,168
2020-05-15,09:57,Fri,162,True,P35 - P+R_Schiedam Centrum,168
2020-05-15,09:58,Fri,162,True,P35 - P+R_Schiedam Centrum,168
2020-05-15,09:59,Fri,162,True,P35 - P+R_Schiedam Centrum,168
2020-05-15,10:00,Fri,162,True,P35 - P+R_Schiedam Centrum,168
2020-05-15,10:01,Fri,162,True,P35 - P+R_Schiedam Centrum,168
2020-05-15,10:02,Fri,162,True,P35 - P+R_Schiedam Centrum,168
2020-05-15,10:03,Fri,162,True,P35 - P+R_Schiedam Centrum,168
2020-05-15,10:04,Fri,162,True,P35 - P+R_Schiedam Centrum,168
2020-05-15,10:05,Fri,162,True,P35 - P+R_Schiedam Centrum,168
2020-05-15,10:06,Fri,162,True,P35 - P+R_Schiedam Centrum,168
2020-05-15,10:07,Fri,162,True,P35 - P+R_Schiedam Centrum,168
2020-05-15,10:08,Fri,162,True,P35 - P+R_Schiedam Centrum,168
2020-05-15,10:09,Fri,162,True,P35 - P+R_Schiedam Centrum,168
2020-05-15,10:10,Fri,162,True,P35 - P+R_Schiedam Centrum,168
2020-05-15,10:11,Fri,162,True,P35 - P+R_Schiedam Centrum,168
2020-05-15,10:12,Fri,162,True,P35 - P+R_Schiedam Centrum,168
2020-05-15,10:13,Fri,162,True,P35 - P+R_Schiedam Centrum,168
2020-05-15,10:14,Fri,162,True,P35 - P+R_Schiedam Centrum,168
2020-05-15,10:15,Fri,162,True,P35 - P+R_Schiedam Centrum,168
2020-05-15,10:16,Fri,162,True,P35 - P+R_Schiedam Centrum,168
2020-05-15,10:17,Fri,162,True,P35 - P+R_Schiedam Centrum,168
2020-05-15,10:18,Fri,162,True,P35 - P+R_Schiedam Centrum,168
2020-05-15,10:19,Fri,162,True,P35 - P+R_Schiedam Centrum,168
2020-05-15,10:20,Fri,162,True,P35 - P+R_Schiedam Centrum,168
2020-05-15,10:21,Fri,162,True,P35 - P+R_Schiedam Centrum,168
2020-05-15,10:22,Fri,162,True,P35 - P+R_Schiedam Centrum,168
2020-05-15,10:23,Fri,162,True,P35 - P+R_Schiedam Centrum,168
2020-05-15,10:24,Fri,162,True,P35 - P+R_Schiedam Centrum,168
2020-05-15,10:25,Fri,162,True,P35 - P+R_Schiedam Centrum,168
2020-05-15,10:26,Fri,162,True,P35 - P+R_Schiedam Centrum,168
2020-05-15,10:27,Fri,162,True,P35 - P+R_Schiedam Centrum,168
2020-05-15,10:28,Fri,162,True,P35 - P+R_Schiedam Centrum,168
2020-05-15,10:29,Fri,162,True,P35 - P+R_Schiedam Centrum,168
2020-05-15,10:30,Fri,162,True,P35 - P+R_Schiedam Centrum,168
2020-05-15,10:31,Fri,162,True,P35 - P+R_Schiedam Centrum,168
2020-05-15,10:32,Fri,162,True,P35 - P+R_Schiedam Centrum,168
2020-05-15,10:33,Fri,162,True,P35 - P+R_Schiedam Centrum,168
2020-05-15,10:34,Fri,162,True,P35 - P+R_Schiedam Centrum,168
2020-05-15,10:35,Fri,162,True,P35 - P+R_Schiedam Centrum,168
2020-05-15,10:36,Fri,162,True,P35 - P+R_Schiedam Centrum,168
2020-05-15,10:37,Fri,161,True,P35 - P+R_Schiedam Centrum,168
2020-05-15,10:38,Fri,161,True,P35 - P+R_Schiedam Centrum,168
2020-05-15,10:39,Fri,161,True,P35 - P+R_Schiedam Centrum,168
2020-05-15,10:40,Fri,161,True,P35 - P+R_Schiedam Centrum,168
2020-05-15,10:41,Fri,161,True,P35 - P+R_Schiedam Centrum,168
2020-05-15,10:42,Fri,161,True,P35 - P+R_Schiedam Centrum,168
2020-05-15,10:43,Fri,161,True,P35 - P+R_Schiedam Centrum,168
2020-05-15,10:44,Fri,161,True,P35 - P+R_Schiedam Centrum,168
2020-05-15,10:45,Fri,161,True,P35 - P+R_Schiedam Centrum,168
2020-05-15,10:46,Fri,161,True,P35 - P+R_Schiedam Centrum,168
2020-05-15,10:47,Fri,161,True,P35 - P+R_Schiedam Centrum,168
2020-05-15,10:48,Fri,161,True,P35 - P+R_Schiedam Centrum,168
2020-05-15,10:49,Fri,161,True,P35 - P+R_Schiedam Centrum,168
2020-05-15,10:50,Fri,161,True,P35 - P+R_Schiedam Centrum,168
2020-05-15,10:51,Fri,161,True,P35 - P+R_Schiedam Centrum,168
2020-05-15,10:52,Fri,161,True,P35 - P+R_Schiedam Centrum,168
2020-05-15,10:53,Fri,161,True,P35 - P+R_Schiedam Centrum,168
2020-05-15,10:54,Fri,161,True,P35 - P+R_Schiedam Centrum,168
2020-05-15,10:55,Fri,161,True,P35 - P+R_Schiedam Centrum,168
2020-05-15,10:56,Fri,161,True,P35 - P+R_Schiedam Centrum,168
2020-05-15,10:57,Fri,161,True,P35 - P+R_Schiedam Centrum,168
2020-05-15,10:58,Fri,161,True,P35 - P+R_Schiedam Centrum,168
2020-05-15,10:59,Fri,161,True,P35 - P+R_Schiedam Centrum,168
2020-05-15,11:00,Fri,161,True,P35 - P+R_Schiedam Centrum,168
2020-05-15,11:01,Fri,161,True,P35 - P+R_Schiedam Centrum,168
2020-05-15,11:02,Fri,161,True,P35 - P+R_Schiedam Centrum,168
2020-05-15,11:03,Fri,161,True,P35 - P+R_Schiedam Centrum,168
2020-05-15,11:04,Fri,161,True,P35 - P+R_Schiedam Centrum,168
2020-05-15,11:05,Fri,161,True,P35 - P+R_Schiedam Centrum,168
2020-05-15,11:06,Fri,161,True,P35 - P+R_Schiedam Centrum,168
2020-05-15,11:07,Fri,161,True,P35 - P+R_Schiedam Centrum,168
2020-05-15,11:08,Fri,161,True,P35 - P+R_Schiedam Centrum,168
2020-05-15,11:09,Fri,161,True,P35 - P+R_Schiedam Centrum,168
2020-05-15,11:10,Fri,161,True,P35 - P+R_Schiedam Centrum,168
2020-05-15,11:11,Fri,161,True,P35 - P+R_Schiedam Centrum,168
2020-05-15,11:12,Fri,161,True,P35 - P+R_Schiedam Centrum,168
2020-05-15,11:13,Fri,161,True,P35 - P+R_Schiedam Centrum,168
2020-05-15,11:14,Fri,161,True,P35 - P+R_Schiedam Centrum,168
2020-05-15,11:15,Fri,161,True,P35 - P+R_Schiedam Centrum,168
2020-05-15,11:16,Fri,161,True,P35 - P+R_Schiedam Centrum,168
2020-05-15,11:17,Fri,161,True,P35 - P+R_Schiedam Centrum,168
2020-05-15,11:18,Fri,160,True,P35 - P+R_Schiedam Centrum,168
2020-05-15,11:19,Fri,160,True,P35 - P+R_Schiedam Centrum,168
2020-05-15,11:20,Fri,160,True,P35 - P+R_Schiedam Centrum,168
2020-05-15,11:21,Fri,160,True,P35 - P+R_Schiedam Centrum,168
2020-05-15,11:22,Fri,160,True,P35 - P+R_Schiedam Centrum,168
2020-05-15,11:23,Fri,160,True,P35 - P+R_Schiedam Centrum,168
2020-05-15,11:24,Fri,160,True,P35 - P+R_Schiedam Centrum,168
2020-05-15,11:25,Fri,160,True,P35 - P+R_Schiedam Centrum,168
2020-05-15,11:26,Fri,160,True,P35 - P+R_Schiedam Centrum,168
2020-05-15,11:27,Fri,159,True,P35 - P+R_Schiedam Centrum,168
2020-05-15,11:28,Fri,159,True,P35 - P+R_Schiedam Centrum,168
2020-05-15,11:29,Fri,159,True,P35 - P+R_Schiedam Centrum,168
2020-05-15,11:30,Fri,159,True,P35 - P+R_Schiedam Centrum,168
2020-05-15,11:31,Fri,159,True,P35 - P+R_Schiedam Centrum,168
2020-05-15,11:32,Fri,159,True,P35 - P+R_Schiedam Centrum,168
2020-05-15,11:33,Fri,159,True,P35 - P+R_Schiedam Centrum,168
2020-05-15,11:34,Fri,159,True,P35 - P+R_Schiedam Centrum,168
2020-05-15,11:35,Fri,159,True,P35 - P+R_Schiedam Centrum,168
2020-05-15,11:36,Fri,159,True,P35 - P+R_Schiedam Centrum,168
2020-05-15,11:37,Fri,159,True,P35 - P+R_Schiedam Centrum,168
2020-05-15,11:38,Fri,159,True,P35 - P+R_Schiedam Centrum,168
2020-05-15,11:39,Fri,159,True,P35 - P+R_Schiedam Centrum,168
2020-05-15,11:40,Fri,159,True,P35 - P+R_Schiedam Centrum,168
2020-05-15,11:41,Fri,159,True,P35 - P+R_Schiedam Centrum,168
2020-05-15,11:42,Fri,159,True,P35 - P+R_Schiedam Centrum,168
2020-05-15,11:43,Fri,159,True,P35 - P+R_Schiedam Centrum,168
2020-05-15,11:44,Fri,159,True,P35 - P+R_Schiedam Centrum,168
2020-05-15,11:45,Fri,159,True,P35 - P+R_Schiedam Centrum,168
2020-05-15,11:46,Fri,159,True,P35 - P+R_Schiedam Centrum,168
2020-05-15,11:47,Fri,159,True,P35 - P+R_Schiedam Centrum,168
2020-05-15,11:48,Fri,159,True,P35 - P+R_Schiedam Centrum,168
2020-05-15,11:49,Fri,159,True,P35 - P+R_Schiedam Centrum,168
2020-05-15,11:50,Fri,159,True,P35 - P+R_Schiedam Centrum,168
2020-05-15,11:51,Fri,159,True,P35 - P+R_Schiedam Centrum,168
2020-05-15,11:52,Fri,159,True,P35 - P+R_Schiedam Centrum,168
2020-05-15,11:53,Fri,159,True,P35 - P+R_Schiedam Centrum,168
2020-05-15,11:54,Fri,159,True,P35 - P+R_Schiedam Centrum,168
2020-05-15,11:55,Fri,159,True,P35 - P+R_Schiedam Centrum,168
2020-05-15,11:56,Fri,159,True,P35 - P+R_Schiedam Centrum,168
2020-05-15,11:57,Fri,159,True,P35 - P+R_Schiedam Centrum,168
2020-05-15,11:58,Fri,159,True,P35 - P+R_Schiedam Centrum,168
2020-05-15,11:59,Fri,159,True,P35 - P+R_Schiedam Centrum,168
2020-05-15,12:00,Fri,159,True,P35 - P+R_Schiedam Centrum,168
2020-05-15,12:01,Fri,159,True,P35 - P+R_Schiedam Centrum,168
2020-05-15,12:02,Fri,159,True,P35 - P+R_Schiedam Centrum,168
2020-05-15,12:03,Fri,159,True,P35 - P+R_Schiedam Centrum,168
2020-05-15,12:04,Fri,160,True,P35 - P+R_Schiedam Centrum,168
2020-05-15,12:05,Fri,160,True,P35 - P+R_Schiedam Centrum,168
2020-05-15,12:06,Fri,160,True,P35 - P+R_Schiedam Centrum,168
2020-05-15,12:07,Fri,160,True,P35 - P+R_Schiedam Centrum,168
2020-05-15,12:08,Fri,160,True,P35 - P+R_Schiedam Centrum,168
2020-05-15,12:09,Fri,160,True,P35 - P+R_Schiedam Centrum,168
2020-05-15,12:10,Fri,160,True,P35 - P+R_Schiedam Centrum,168
2020-05-15,12:11,Fri,160,True,P35 - P+R_Schiedam Centrum,168
2020-05-15,12:12,Fri,160,True,P35 - P+R_Schiedam Centrum,168
2020-05-15,12:13,Fri,160,True,P35 - P+R_Schiedam Centrum,168
2020-05-15,12:14,Fri,160,True,P35 - P+R_Schiedam Centrum,168
2020-05-15,12:15,Fri,160,True,P35 - P+R_Schiedam Centrum,168
2020-05-15,12:16,Fri,160,True,P35 - P+R_Schiedam Centrum,168
2020-05-15,12:17,Fri,160,True,P35 - P+R_Schiedam Centrum,168
2020-05-15,12:18,Fri,160,True,P35 - P+R_Schiedam Centrum,168
2020-05-15,12:19,Fri,160,True,P35 - P+R_Schiedam Centrum,168
2020-05-15,12:20,Fri,160,True,P35 - P+R_Schiedam Centrum,168
2020-05-15,12:21,Fri,160,True,P35 - P+R_Schiedam Centrum,168
2020-05-15,12:22,Fri,160,True,P35 - P+R_Schiedam Centrum,168
2020-05-15,12:23,Fri,160,True,P35 - P+R_Schiedam Centrum,168
2020-05-15,12:24,Fri,160,True,P35 - P+R_Schiedam Centrum,168
2020-05-15,12:25,Fri,160,True,P35 - P+R_Schiedam Centrum,168
2020-05-15,12:26,Fri,160,True,P35 - P+R_Schiedam Centrum,168
2020-05-15,12:27,Fri,160,True,P35 - P+R_Schiedam Centrum,168
2020-05-15,12:28,Fri,160,True,P35 - P+R_Schiedam Centrum,168
2020-05-15,12:29,Fri,160,True,P35 - P+R_Schiedam Centrum,168
2020-05-15,12:30,Fri,160,True,P35 - P+R_Schiedam Centrum,168
2020-05-15,12:31,Fri,160,True,P35 - P+R_Schiedam Centrum,168
2020-05-15,12:32,Fri,160,True,P35 - P+R_Schiedam Centrum,168
2020-05-15,12:33,Fri,160,True,P35 - P+R_Schiedam Centrum,168
2020-05-15,12:34,Fri,160,True,P35 - P+R_Schiedam Centrum,168
2020-05-15,12:35,Fri,160,True,P35 - P+R_Schiedam Centrum,168
2020-05-15,12:36,Fri,160,True,P35 - P+R_Schiedam Centrum,168
2020-05-15,12:37,Fri,160,True,P35 - P+R_Schiedam Centrum,168
2020-05-15,12:38,Fri,160,True,P35 - P+R_Schiedam Centrum,168
2020-05-15,12:39,Fri,160,True,P35 - P+R_Schiedam Centrum,168
2020-05-15,12:40,Fri,160,True,P35 - P+R_Schiedam Centrum,168
2020-05-15,12:41,Fri,160,True,P35 - P+R_Schiedam Centrum,168
2020-05-15,12:42,Fri,160,True,P35 - P+R_Schiedam Centrum,168
2020-05-15,12:43,Fri,160,True,P35 - P+R_Schiedam Centrum,168
2020-05-15,12:44,Fri,160,True,P35 - P+R_Schiedam Centrum,168
2020-05-15,12:45,Fri,160,True,P35 - P+R_Schiedam Centrum,168
2020-05-15,12:46,Fri,160,True,P35 - P+R_Schiedam Centrum,168
2020-05-15,12:47,Fri,160,True,P35 - P+R_Schiedam Centrum,168
2020-05-15,12:48,Fri,160,True,P35 - P+R_Schiedam Centrum,168
2020-05-15,12:49,Fri,160,True,P35 - P+R_Schiedam Centrum,168
2020-05-15,12:50,Fri,160,True,P35 - P+R_Schiedam Centrum,168
2020-05-15,12:51,Fri,160,True,P35 - P+R_Schiedam Centrum,168
2020-05-15,12:52,Fri,160,True,P35 - P+R_Schiedam Centrum,168
2020-05-15,12:53,Fri,160,True,P35 - P+R_Schiedam Centrum,168
2020-05-15,12:54,Fri,160,True,P35 - P+R_Schiedam Centrum,168
2020-05-15,12:55,Fri,160,True,P35 - P+R_Schiedam Centrum,168
2020-05-15,12:56,Fri,160,True,P35 - P+R_Schiedam Centrum,168
2020-05-15,12:57,Fri,161,True,P35 - P+R_Schiedam Centrum,168
2020-05-15,12:58,Fri,161,True,P35 - P+R_Schiedam Centrum,168
2020-05-15,12:59,Fri,161,True,P35 - P+R_Schiedam Centrum,168
2020-05-15,13:00,Fri,161,True,P35 - P+R_Schiedam Centrum,168
2020-05-15,13:01,Fri,161,True,P35 - P+R_Schiedam Centrum,168
2020-05-15,13:02,Fri,161,True,P35 - P+R_Schiedam Centrum,168
2020-05-15,13:03,Fri,161,True,P35 - P+R_Schiedam Centrum,168
2020-05-15,13:04,Fri,161,True,P35 - P+R_Schiedam Centrum,168
2020-05-15,13:05,Fri,161,True,P35 - P+R_Schiedam Centrum,168
2020-05-15,13:06,Fri,161,True,P35 - P+R_Schiedam Centrum,168
2020-05-15,13:07,Fri,161,True,P35 - P+R_Schiedam Centrum,168
2020-05-15,13:08,Fri,161,True,P35 - P+R_Schiedam Centrum,168
2020-05-15,13:09,Fri,161,True,P35 - P+R_Schiedam Centrum,168
2020-05-15,13:10,Fri,161,True,P35 - P+R_Schiedam Centrum,168
2020-05-15,13:11,Fri,161,True,P35 - P+R_Schiedam Centrum,168
2020-05-15,13:12,Fri,161,True,P35 - P+R_Schiedam Centrum,168
2020-05-15,13:13,Fri,161,True,P35 - P+R_Schiedam Centrum,168
2020-05-15,13:14,Fri,161,True,P35 - P+R_Schiedam Centrum,168
2020-05-15,13:15,Fri,161,True,P35 - P+R_Schiedam Centrum,168
2020-05-15,13:16,Fri,161,True,P35 - P+R_Schiedam Centrum,168
2020-05-15,13:17,Fri,161,True,P35 - P+R_Schiedam Centrum,168
2020-05-15,13:18,Fri,161,True,P35 - P+R_Schiedam Centrum,168
2020-05-15,13:19,Fri,161,True,P35 - P+R_Schiedam Centrum,168
2020-05-15,13:20,Fri,161,True,P35 - P+R_Schiedam Centrum,168
2020-05-15,13:21,Fri,161,True,P35 - P+R_Schiedam Centrum,168
2020-05-15,13:22,Fri,161,True,P35 - P+R_Schiedam Centrum,168
2020-05-15,13:23,Fri,161,True,P35 - P+R_Schiedam Centrum,168
2020-05-15,13:24,Fri,161,True,P35 - P+R_Schiedam Centrum,168
2020-05-15,13:25,Fri,161,True,P35 - P+R_Schiedam Centrum,168
2020-05-15,13:26,Fri,161,True,P35 - P+R_Schiedam Centrum,168
2020-05-15,13:27,Fri,161,True,P35 - P+R_Schiedam Centrum,168
2020-05-15,13:28,Fri,161,True,P35 - P+R_Schiedam Centrum,168
2020-05-15,13:29,Fri,161,True,P35 - P+R_Schiedam Centrum,168
2020-05-15,13:30,Fri,161,True,P35 - P+R_Schiedam Centrum,168
2020-05-15,13:31,Fri,161,True,P35 - P+R_Schiedam Centrum,168
2020-05-15,13:32,Fri,161,True,P35 - P+R_Schiedam Centrum,168
2020-05-15,13:33,Fri,161,True,P35 - P+R_Schiedam Centrum,168
2020-05-15,13:34,Fri,161,True,P35 - P+R_Schiedam Centrum,168
2020-05-15,13:35,Fri,161,True,P35 - P+R_Schiedam Centrum,168
2020-05-15,13:36,Fri,161,True,P35 - P+R_Schiedam Centrum,168
2020-05-15,13:37,Fri,161,True,P35 - P+R_Schiedam Centrum,168
2020-05-15,13:38,Fri,161,True,P35 - P+R_Schiedam Centrum,168
2020-05-15,13:39,Fri,161,True,P35 - P+R_Schiedam Centrum,168
2020-05-15,13:40,Fri,161,True,P35 - P+R_Schiedam Centrum,168
2020-05-15,13:41,Fri,161,True,P35 - P+R_Schiedam Centrum,168
2020-05-15,13:42,Fri,161,True,P35 - P+R_Schiedam Centrum,168
2020-05-15,13:43,Fri,161,True,P35 - P+R_Schiedam Centrum,168
2020-05-15,13:44,Fri,161,True,P35 - P+R_Schiedam Centrum,168
2020-05-15,13:45,Fri,161,True,P35 - P+R_Schiedam Centrum,168
2020-05-15,13:46,Fri,161,True,P35 - P+R_Schiedam Centrum,168
2020-05-15,13:47,Fri,161,True,P35 - P+R_Schiedam Centrum,168
2020-05-15,13:48,Fri,161,True,P35 - P+R_Schiedam Centrum,168
2020-05-15,13:49,Fri,161,True,P35 - P+R_Schiedam Centrum,168
2020-05-15,13:50,Fri,161,True,P35 - P+R_Schiedam Centrum,168
2020-05-15,13:51,Fri,161,True,P35 - P+R_Schiedam Centrum,168
2020-05-15,13:52,Fri,161,True,P35 - P+R_Schiedam Centrum,168
2020-05-15,13:53,Fri,161,True,P35 - P+R_Schiedam Centrum,168
2020-05-15,13:54,Fri,161,True,P35 - P+R_Schiedam Centrum,168
2020-05-15,13:55,Fri,161,True,P35 - P+R_Schiedam Centrum,168
2020-05-15,13:56,Fri,161,True,P35 - P+R_Schiedam Centrum,168
2020-05-15,13:57,Fri,161,True,P35 - P+R_Schiedam Centrum,168
2020-05-15,13:58,Fri,161,True,P35 - P+R_Schiedam Centrum,168
2020-05-15,13:59,Fri,161,True,P35 - P+R_Schiedam Centrum,168
2020-05-15,14:00,Fri,161,True,P35 - P+R_Schiedam Centrum,168
2020-05-15,14:01,Fri,161,True,P35 - P+R_Schiedam Centrum,168
2020-05-15,14:02,Fri,161,True,P35 - P+R_Schiedam Centrum,168
2020-05-15,14:03,Fri,161,True,P35 - P+R_Schiedam Centrum,168
2020-05-15,14:04,Fri,161,True,P35 - P+R_Schiedam Centrum,168
2020-05-15,14:05,Fri,161,True,P35 - P+R_Schiedam Centrum,168
2020-05-15,14:06,Fri,161,True,P35 - P+R_Schiedam Centrum,168
2020-05-15,14:07,Fri,161,True,P35 - P+R_Schiedam Centrum,168
2020-05-15,14:08,Fri,161,True,P35 - P+R_Schiedam Centrum,168
2020-05-15,14:09,Fri,161,True,P35 - P+R_Schiedam Centrum,168
2020-05-15,14:10,Fri,161,True,P35 - P+R_Schiedam Centrum,168
2020-05-15,14:11,Fri,161,True,P35 - P+R_Schiedam Centrum,168
2020-05-15,14:12,Fri,161,True,P35 - P+R_Schiedam Centrum,168
2020-05-15,14:13,Fri,161,True,P35 - P+R_Schiedam Centrum,168
2020-05-15,14:14,Fri,161,True,P35 - P+R_Schiedam Centrum,168
2020-05-15,14:15,Fri,161,True,P35 - P+R_Schiedam Centrum,168
2020-05-15,14:16,Fri,161,True,P35 - P+R_Schiedam Centrum,168
2020-05-15,14:17,Fri,161,True,P35 - P+R_Schiedam Centrum,168
2020-05-15,14:18,Fri,161,True,P35 - P+R_Schiedam Centrum,168
2020-05-15,14:19,Fri,161,True,P35 - P+R_Schiedam Centrum,168
2020-05-15,14:20,Fri,161,True,P35 - P+R_Schiedam Centrum,168
2020-05-15,14:21,Fri,161,True,P35 - P+R_Schiedam Centrum,168
2020-05-15,14:22,Fri,161,True,P35 - P+R_Schiedam Centrum,168
2020-05-15,14:23,Fri,161,True,P35 - P+R_Schiedam Centrum,168
2020-05-15,14:24,Fri,161,True,P35 - P+R_Schiedam Centrum,168
2020-05-15,14:25,Fri,161,True,P35 - P+R_Schiedam Centrum,168
2020-05-15,14:26,Fri,161,True,P35 - P+R_Schiedam Centrum,168
2020-05-15,14:27,Fri,161,True,P35 - P+R_Schiedam Centrum,168
2020-05-15,14:28,Fri,161,True,P35 - P+R_Schiedam Centrum,168
2020-05-15,14:29,Fri,161,True,P35 - P+R_Schiedam Centrum,168
2020-05-15,14:30,Fri,161,True,P35 - P+R_Schiedam Centrum,168
2020-05-15,14:31,Fri,161,True,P35 - P+R_Schiedam Centrum,168
2020-05-15,14:32,Fri,161,True,P35 - P+R_Schiedam Centrum,168
2020-05-15,14:33,Fri,161,True,P35 - P+R_Schiedam Centrum,168
2020-05-15,14:34,Fri,161,True,P35 - P+R_Schiedam Centrum,168
2020-05-15,14:35,Fri,161,True,P35 - P+R_Schiedam Centrum,168
2020-05-15,14:36,Fri,161,True,P35 - P+R_Schiedam Centrum,168
2020-05-15,14:37,Fri,161,True,P35 - P+R_Schiedam Centrum,168
2020-05-15,14:38,Fri,161,True,P35 - P+R_Schiedam Centrum,168
2020-05-15,14:39,Fri,161,True,P35 - P+R_Schiedam Centrum,168
2020-05-15,14:40,Fri,161,True,P35 - P+R_Schiedam Centrum,168
2020-05-15,14:41,Fri,161,True,P35 - P+R_Schiedam Centrum,168
2020-05-15,14:42,Fri,161,True,P35 - P+R_Schiedam Centrum,168
2020-05-15,14:43,Fri,161,True,P35 - P+R_Schiedam Centrum,168
2020-05-15,14:44,Fri,161,True,P35 - P+R_Schiedam Centrum,168
2020-05-15,14:45,Fri,161,True,P35 - P+R_Schiedam Centrum,168
2020-05-15,14:46,Fri,161,True,P35 - P+R_Schiedam Centrum,168
2020-05-15,14:47,Fri,161,True,P35 - P+R_Schiedam Centrum,168
2020-05-15,14:48,Fri,161,True,P35 - P+R_Schiedam Centrum,168
2020-05-15,14:49,Fri,161,True,P35 - P+R_Schiedam Centrum,168
2020-05-15,14:50,Fri,161,True,P35 - P+R_Schiedam Centrum,168
2020-05-15,14:51,Fri,161,True,P35 - P+R_Schiedam Centrum,168
2020-05-15,14:52,Fri,161,True,P35 - P+R_Schiedam Centrum,168
2020-05-15,14:53,Fri,161,True,P35 - P+R_Schiedam Centrum,168
2020-05-15,14:54,Fri,161,True,P35 - P+R_Schiedam Centrum,168
2020-05-15,14:55,Fri,161,True,P35 - P+R_Schiedam Centrum,168
2020-05-15,14:56,Fri,161,True,P35 - P+R_Schiedam Centrum,168
2020-05-15,14:57,Fri,161,True,P35 - P+R_Schiedam Centrum,168
2020-05-15,14:58,Fri,161,True,P35 - P+R_Schiedam Centrum,168
2020-05-15,14:59,Fri,161,True,P35 - P+R_Schiedam Centrum,168
2020-05-15,15:00,Fri,161,True,P35 - P+R_Schiedam Centrum,168
2020-05-15,15:01,Fri,161,True,P35 - P+R_Schiedam Centrum,168
2020-05-15,15:02,Fri,161,True,P35 - P+R_Schiedam Centrum,168
2020-05-15,15:03,Fri,161,True,P35 - P+R_Schiedam Centrum,168
2020-05-15,15:04,Fri,161,True,P35 - P+R_Schiedam Centrum,168
2020-05-15,15:05,Fri,161,True,P35 - P+R_Schiedam Centrum,168
2020-05-15,15:06,Fri,161,True,P35 - P+R_Schiedam Centrum,168
2020-05-15,15:07,Fri,161,True,P35 - P+R_Schiedam Centrum,168
2020-05-15,15:08,Fri,161,True,P35 - P+R_Schiedam Centrum,168
2020-05-15,15:09,Fri,161,True,P35 - P+R_Schiedam Centrum,168
2020-05-15,15:10,Fri,161,True,P35 - P+R_Schiedam Centrum,168
2020-05-15,15:11,Fri,161,True,P35 - P+R_Schiedam Centrum,168
2020-05-15,15:12,Fri,161,True,P35 - P+R_Schiedam Centrum,168
2020-05-15,15:13,Fri,161,True,P35 - P+R_Schiedam Centrum,168
2020-05-15,15:14,Fri,161,True,P35 - P+R_Schiedam Centrum,168
2020-05-15,15:15,Fri,161,True,P35 - P+R_Schiedam Centrum,168
2020-05-15,15:16,Fri,161,True,P35 - P+R_Schiedam Centrum,168
2020-05-15,15:17,Fri,161,True,P35 - P+R_Schiedam Centrum,168
2020-05-15,15:18,Fri,161,True,P35 - P+R_Schiedam Centrum,168
2020-05-15,15:19,Fri,161,True,P35 - P+R_Schiedam Centrum,168
2020-05-15,15:20,Fri,161,True,P35 - P+R_Schiedam Centrum,168
2020-05-15,15:21,Fri,161,True,P35 - P+R_Schiedam Centrum,168
2020-05-15,15:22,Fri,161,True,P35 - P+R_Schiedam Centrum,168
2020-05-15,15:23,Fri,161,True,P35 - P+R_Schiedam Centrum,168
2020-05-15,15:24,Fri,161,True,P35 - P+R_Schiedam Centrum,168
2020-05-15,15:25,Fri,161,True,P35 - P+R_Schiedam Centrum,168
2020-05-15,15:26,Fri,161,True,P35 - P+R_Schiedam Centrum,168
2020-05-15,15:27,Fri,161,True,P35 - P+R_Schiedam Centrum,168
2020-05-15,15:28,Fri,161,True,P35 - P+R_Schiedam Centrum,168
2020-05-15,15:29,Fri,161,True,P35 - P+R_Schiedam Centrum,168
2020-05-15,15:30,Fri,161,True,P35 - P+R_Schiedam Centrum,168
2020-05-15,15:31,Fri,161,True,P35 - P+R_Schiedam Centrum,168
2020-05-15,15:32,Fri,161,True,P35 - P+R_Schiedam Centrum,168
2020-05-15,15:33,Fri,161,True,P35 - P+R_Schiedam Centrum,168
2020-05-15,15:34,Fri,161,True,P35 - P+R_Schiedam Centrum,168
2020-05-15,15:35,Fri,161,True,P35 - P+R_Schiedam Centrum,168
2020-05-15,15:36,Fri,161,True,P35 - P+R_Schiedam Centrum,168
2020-05-15,15:37,Fri,161,True,P35 - P+R_Schiedam Centrum,168
2020-05-15,15:38,Fri,161,True,P35 - P+R_Schiedam Centrum,168
2020-05-15,15:39,Fri,161,True,P35 - P+R_Schiedam Centrum,168
2020-05-15,15:40,Fri,161,True,P35 - P+R_Schiedam Centrum,168
2020-05-15,15:41,Fri,161,True,P35 - P+R_Schiedam Centrum,168
2020-05-15,15:42,Fri,161,True,P35 - P+R_Schiedam Centrum,168
2020-05-15,15:43,Fri,161,True,P35 - P+R_Schiedam Centrum,168
2020-05-15,15:44,Fri,161,True,P35 - P+R_Schiedam Centrum,168
2020-05-15,15:45,Fri,161,True,P35 - P+R_Schiedam Centrum,168
2020-05-15,15:46,Fri,161,True,P35 - P+R_Schiedam Centrum,168
2020-05-15,15:47,Fri,161,True,P35 - P+R_Schiedam Centrum,168
2020-05-15,15:48,Fri,161,True,P35 - P+R_Schiedam Centrum,168
2020-05-15,15:49,Fri,161,True,P35 - P+R_Schiedam Centrum,168
2020-05-15,15:50,Fri,161,True,P35 - P+R_Schiedam Centrum,168
2020-05-15,15:51,Fri,161,True,P35 - P+R_Schiedam Centrum,168
2020-05-15,15:52,Fri,161,True,P35 - P+R_Schiedam Centrum,168
2020-05-15,15:53,Fri,161,True,P35 - P+R_Schiedam Centrum,168
2020-05-15,15:54,Fri,161,True,P35 - P+R_Schiedam Centrum,168
2020-05-15,15:55,Fri,161,True,P35 - P+R_Schiedam Centrum,168
2020-05-15,15:56,Fri,161,True,P35 - P+R_Schiedam Centrum,168
2020-05-15,15:57,Fri,161,True,P35 - P+R_Schiedam Centrum,168
2020-05-15,15:58,Fri,161,True,P35 - P+R_Schiedam Centrum,168
2020-05-15,15:59,Fri,161,True,P35 - P+R_Schiedam Centrum,168
2020-05-15,16:00,Fri,161,True,P35 - P+R_Schiedam Centrum,168
2020-05-15,16:01,Fri,161,True,P35 - P+R_Schiedam Centrum,168
2020-05-15,16:02,Fri,161,True,P35 - P+R_Schiedam Centrum,168
2020-05-15,16:03,Fri,161,True,P35 - P+R_Schiedam Centrum,168
2020-05-15,16:04,Fri,161,True,P35 - P+R_Schiedam Centrum,168
2020-05-15,16:05,Fri,161,True,P35 - P+R_Schiedam Centrum,168
2020-05-15,16:06,Fri,161,True,P35 - P+R_Schiedam Centrum,168
2020-05-15,16:07,Fri,161,True,P35 - P+R_Schiedam Centrum,168
2020-05-15,16:08,Fri,161,True,P35 - P+R_Schiedam Centrum,168
2020-05-15,16:09,Fri,161,True,P35 - P+R_Schiedam Centrum,168
2020-05-15,16:10,Fri,161,True,P35 - P+R_Schiedam Centrum,168
2020-05-15,16:11,Fri,161,True,P35 - P+R_Schiedam Centrum,168
2020-05-15,16:12,Fri,161,True,P35 - P+R_Schiedam Centrum,168
2020-05-15,16:13,Fri,161,True,P35 - P+R_Schiedam Centrum,168
2020-05-15,16:14,Fri,161,True,P35 - P+R_Schiedam Centrum,168
2020-05-15,16:15,Fri,161,True,P35 - P+R_Schiedam Centrum,168
2020-05-15,16:16,Fri,161,True,P35 - P+R_Schiedam Centrum,168
2020-05-15,16:17,Fri,161,True,P35 - P+R_Schiedam Centrum,168
2020-05-15,16:18,Fri,161,True,P35 - P+R_Schiedam Centrum,168
2020-05-15,16:19,Fri,161,True,P35 - P+R_Schiedam Centrum,168
2020-05-15,16:20,Fri,161,True,P35 - P+R_Schiedam Centrum,168
2020-05-15,16:21,Fri,161,True,P35 - P+R_Schiedam Centrum,168
2020-05-15,16:22,Fri,161,True,P35 - P+R_Schiedam Centrum,168
2020-05-15,16:23,Fri,161,True,P35 - P+R_Schiedam Centrum,168
2020-05-15,16:24,Fri,161,True,P35 - P+R_Schiedam Centrum,168
2020-05-15,16:25,Fri,161,True,P35 - P+R_Schiedam Centrum,168
2020-05-15,16:26,Fri,161,True,P35 - P+R_Schiedam Centrum,168
2020-05-15,16:27,Fri,161,True,P35 - P+R_Schiedam Centrum,168
2020-05-15,16:28,Fri,161,True,P35 - P+R_Schiedam Centrum,168
2020-05-15,16:29,Fri,161,True,P35 - P+R_Schiedam Centrum,168
2020-05-15,16:30,Fri,161,True,P35 - P+R_Schiedam Centrum,168
2020-05-15,16:31,Fri,161,True,P35 - P+R_Schiedam Centrum,168
2020-05-15,16:32,Fri,161,True,P35 - P+R_Schiedam Centrum,168
2020-05-15,16:33,Fri,161,True,P35 - P+R_Schiedam Centrum,168
2020-05-15,16:34,Fri,161,True,P35 - P+R_Schiedam Centrum,168
2020-05-15,16:35,Fri,161,True,P35 - P+R_Schiedam Centrum,168
2020-05-15,16:36,Fri,161,True,P35 - P+R_Schiedam Centrum,168
2020-05-15,16:37,Fri,161,True,P35 - P+R_Schiedam Centrum,168
2020-05-15,16:38,Fri,161,True,P35 - P+R_Schiedam Centrum,168
2020-05-15,16:39,Fri,161,True,P35 - P+R_Schiedam Centrum,168
2020-05-15,16:40,Fri,161,True,P35 - P+R_Schiedam Centrum,168
2020-05-15,16:41,Fri,161,True,P35 - P+R_Schiedam Centrum,168
2020-05-15,16:42,Fri,161,True,P35 - P+R_Schiedam Centrum,168
2020-05-15,16:43,Fri,161,True,P35 - P+R_Schiedam Centrum,168
2020-05-15,16:44,Fri,161,True,P35 - P+R_Schiedam Centrum,168
