2019-09-27,00:00,Fri,145,False,P47 - P_Hoogvliet Centrum
2019-09-27,00:01,Fri,145,False,P47 - P_Hoogvliet Centrum
2019-09-27,00:02,Fri,145,False,P47 - P_Hoogvliet Centrum
2019-09-27,00:03,Fri,145,False,P47 - P_Hoogvliet Centrum
2019-09-27,00:04,Fri,145,False,P47 - P_Hoogvliet Centrum
2019-09-27,00:05,Fri,145,False,P47 - P_Hoogvliet Centrum
2019-09-27,00:06,Fri,145,False,P47 - P_Hoogvliet Centrum
2019-09-27,00:07,Fri,145,False,P47 - P_Hoogvliet Centrum
2019-09-27,00:08,Fri,145,False,P47 - P_Hoogvliet Centrum
2019-09-27,00:09,Fri,145,False,P47 - P_Hoogvliet Centrum
2019-09-27,00:10,Fri,145,False,P47 - P_Hoogvliet Centrum
2019-09-27,00:11,Fri,145,False,P47 - P_Hoogvliet Centrum
2019-09-27,00:12,Fri,145,False,P47 - P_Hoogvliet Centrum
2019-09-27,00:13,Fri,145,False,P47 - P_Hoogvliet Centrum
2019-09-27,00:14,Fri,145,False,P47 - P_Hoogvliet Centrum
2019-09-27,00:15,Fri,145,False,P47 - P_Hoogvliet Centrum
2019-09-27,00:16,Fri,145,False,P47 - P_Hoogvliet Centrum
2019-09-27,00:17,Fri,145,False,P47 - P_Hoogvliet Centrum
2019-09-27,00:18,Fri,145,False,P47 - P_Hoogvliet Centrum
2019-09-27,00:19,Fri,145,False,P47 - P_Hoogvliet Centrum
2019-09-27,00:20,Fri,145,False,P47 - P_Hoogvliet Centrum
2019-09-27,00:21,Fri,145,False,P47 - P_Hoogvliet Centrum
2019-09-27,00:22,Fri,145,False,P47 - P_Hoogvliet Centrum
2019-09-27,00:23,Fri,145,False,P47 - P_Hoogvliet Centrum
2019-09-27,00:24,Fri,145,False,P47 - P_Hoogvliet Centrum
2019-09-27,00:25,Fri,145,False,P47 - P_Hoogvliet Centrum
2019-09-27,00:26,Fri,145,False,P47 - P_Hoogvliet Centrum
2019-09-27,00:27,Fri,145,False,P47 - P_Hoogvliet Centrum
2019-09-27,00:28,Fri,145,False,P47 - P_Hoogvliet Centrum
2019-09-27,00:29,Fri,145,False,P47 - P_Hoogvliet Centrum
2019-09-27,00:30,Fri,145,False,P47 - P_Hoogvliet Centrum
2019-09-27,00:31,Fri,145,False,P47 - P_Hoogvliet Centrum
2019-09-27,00:32,Fri,145,False,P47 - P_Hoogvliet Centrum
2019-09-27,00:33,Fri,145,False,P47 - P_Hoogvliet Centrum
2019-09-27,00:34,Fri,145,False,P47 - P_Hoogvliet Centrum
2019-09-27,00:35,Fri,145,False,P47 - P_Hoogvliet Centrum
2019-09-27,00:36,Fri,145,False,P47 - P_Hoogvliet Centrum
2019-09-27,00:37,Fri,145,False,P47 - P_Hoogvliet Centrum
2019-09-27,00:38,Fri,145,False,P47 - P_Hoogvliet Centrum
2019-09-27,00:39,Fri,145,False,P47 - P_Hoogvliet Centrum
2019-09-27,00:40,Fri,145,False,P47 - P_Hoogvliet Centrum
2019-09-27,00:41,Fri,145,False,P47 - P_Hoogvliet Centrum
2019-09-27,00:42,Fri,145,False,P47 - P_Hoogvliet Centrum
2019-09-27,00:43,Fri,145,False,P47 - P_Hoogvliet Centrum
2019-09-27,00:44,Fri,145,False,P47 - P_Hoogvliet Centrum
2019-09-27,00:45,Fri,145,False,P47 - P_Hoogvliet Centrum
2019-09-27,00:46,Fri,145,False,P47 - P_Hoogvliet Centrum
2019-09-27,00:47,Fri,145,False,P47 - P_Hoogvliet Centrum
2019-09-27,00:48,Fri,145,False,P47 - P_Hoogvliet Centrum
2019-09-27,00:49,Fri,145,False,P47 - P_Hoogvliet Centrum
2019-09-27,00:50,Fri,145,False,P47 - P_Hoogvliet Centrum
2019-09-27,00:51,Fri,145,False,P47 - P_Hoogvliet Centrum
2019-09-27,00:52,Fri,145,False,P47 - P_Hoogvliet Centrum
2019-09-27,00:53,Fri,145,False,P47 - P_Hoogvliet Centrum
2019-09-27,00:54,Fri,145,False,P47 - P_Hoogvliet Centrum
2019-09-27,00:55,Fri,145,False,P47 - P_Hoogvliet Centrum
2019-09-27,00:56,Fri,145,False,P47 - P_Hoogvliet Centrum
2019-09-27,00:57,Fri,145,False,P47 - P_Hoogvliet Centrum
2019-09-27,00:58,Fri,145,False,P47 - P_Hoogvliet Centrum
2019-09-27,00:59,Fri,145,False,P47 - P_Hoogvliet Centrum
2019-09-27,01:00,Fri,145,False,P47 - P_Hoogvliet Centrum
2019-09-27,01:01,Fri,145,False,P47 - P_Hoogvliet Centrum
2019-09-27,01:02,Fri,145,False,P47 - P_Hoogvliet Centrum
2019-09-27,01:03,Fri,145,False,P47 - P_Hoogvliet Centrum
2019-09-27,01:04,Fri,145,False,P47 - P_Hoogvliet Centrum
2019-09-27,01:05,Fri,145,False,P47 - P_Hoogvliet Centrum
2019-09-27,01:06,Fri,145,False,P47 - P_Hoogvliet Centrum
2019-09-27,01:07,Fri,145,False,P47 - P_Hoogvliet Centrum
2019-09-27,01:08,Fri,145,False,P47 - P_Hoogvliet Centrum
2019-09-27,01:09,Fri,145,False,P47 - P_Hoogvliet Centrum
2019-09-27,01:10,Fri,145,False,P47 - P_Hoogvliet Centrum
2019-09-27,01:11,Fri,145,False,P47 - P_Hoogvliet Centrum
2019-09-27,01:12,Fri,145,False,P47 - P_Hoogvliet Centrum
2019-09-27,01:13,Fri,145,False,P47 - P_Hoogvliet Centrum
2019-09-27,01:14,Fri,145,False,P47 - P_Hoogvliet Centrum
2019-09-27,01:15,Fri,145,False,P47 - P_Hoogvliet Centrum
2019-09-27,01:16,Fri,145,False,P47 - P_Hoogvliet Centrum
2019-09-27,01:17,Fri,145,False,P47 - P_Hoogvliet Centrum
2019-09-27,01:18,Fri,145,False,P47 - P_Hoogvliet Centrum
2019-09-27,01:19,Fri,145,False,P47 - P_Hoogvliet Centrum
2019-09-27,01:20,Fri,145,False,P47 - P_Hoogvliet Centrum
2019-09-27,01:21,Fri,145,False,P47 - P_Hoogvliet Centrum
2019-09-27,01:22,Fri,145,False,P47 - P_Hoogvliet Centrum
2019-09-27,01:23,Fri,145,False,P47 - P_Hoogvliet Centrum
2019-09-27,01:24,Fri,145,False,P47 - P_Hoogvliet Centrum
2019-09-27,01:25,Fri,145,False,P47 - P_Hoogvliet Centrum
2019-09-27,01:26,Fri,145,False,P47 - P_Hoogvliet Centrum
2019-09-27,01:27,Fri,145,False,P47 - P_Hoogvliet Centrum
2019-09-27,01:28,Fri,145,False,P47 - P_Hoogvliet Centrum
2019-09-27,01:29,Fri,145,False,P47 - P_Hoogvliet Centrum
2019-09-27,01:30,Fri,145,False,P47 - P_Hoogvliet Centrum
2019-09-27,01:31,Fri,145,False,P47 - P_Hoogvliet Centrum
2019-09-27,01:32,Fri,145,False,P47 - P_Hoogvliet Centrum
2019-09-27,01:33,Fri,145,False,P47 - P_Hoogvliet Centrum
2019-09-27,01:34,Fri,145,False,P47 - P_Hoogvliet Centrum
2019-09-27,01:35,Fri,145,False,P47 - P_Hoogvliet Centrum
2019-09-27,01:36,Fri,145,False,P47 - P_Hoogvliet Centrum
2019-09-27,01:37,Fri,145,False,P47 - P_Hoogvliet Centrum
2019-09-27,01:38,Fri,145,False,P47 - P_Hoogvliet Centrum
2019-09-27,01:39,Fri,145,False,P47 - P_Hoogvliet Centrum
2019-09-27,01:40,Fri,145,False,P47 - P_Hoogvliet Centrum
2019-09-27,01:41,Fri,145,False,P47 - P_Hoogvliet Centrum
2019-09-27,01:42,Fri,145,False,P47 - P_Hoogvliet Centrum
2019-09-27,01:43,Fri,145,False,P47 - P_Hoogvliet Centrum
2019-09-27,01:44,Fri,145,False,P47 - P_Hoogvliet Centrum
2019-09-27,01:45,Fri,145,False,P47 - P_Hoogvliet Centrum
2019-09-27,01:46,Fri,145,False,P47 - P_Hoogvliet Centrum
2019-09-27,01:47,Fri,145,False,P47 - P_Hoogvliet Centrum
2019-09-27,01:48,Fri,145,False,P47 - P_Hoogvliet Centrum
2019-09-27,01:49,Fri,145,False,P47 - P_Hoogvliet Centrum
2019-09-27,01:50,Fri,145,False,P47 - P_Hoogvliet Centrum
2019-09-27,01:51,Fri,145,False,P47 - P_Hoogvliet Centrum
2019-09-27,01:52,Fri,145,False,P47 - P_Hoogvliet Centrum
2019-09-27,01:53,Fri,145,False,P47 - P_Hoogvliet Centrum
2019-09-27,01:54,Fri,145,False,P47 - P_Hoogvliet Centrum
2019-09-27,01:55,Fri,145,False,P47 - P_Hoogvliet Centrum
2019-09-27,01:56,Fri,145,False,P47 - P_Hoogvliet Centrum
2019-09-27,01:57,Fri,145,False,P47 - P_Hoogvliet Centrum
2019-09-27,01:58,Fri,145,False,P47 - P_Hoogvliet Centrum
2019-09-27,01:59,Fri,145,False,P47 - P_Hoogvliet Centrum
2019-09-27,02:00,Fri,145,False,P47 - P_Hoogvliet Centrum
2019-09-27,02:01,Fri,145,False,P47 - P_Hoogvliet Centrum
2019-09-27,02:02,Fri,145,False,P47 - P_Hoogvliet Centrum
2019-09-27,02:03,Fri,145,False,P47 - P_Hoogvliet Centrum
2019-09-27,02:04,Fri,145,False,P47 - P_Hoogvliet Centrum
2019-09-27,02:05,Fri,145,False,P47 - P_Hoogvliet Centrum
2019-09-27,02:06,Fri,145,False,P47 - P_Hoogvliet Centrum
2019-09-27,02:07,Fri,145,False,P47 - P_Hoogvliet Centrum
2019-09-27,02:08,Fri,145,False,P47 - P_Hoogvliet Centrum
2019-09-27,02:09,Fri,145,False,P47 - P_Hoogvliet Centrum
2019-09-27,02:10,Fri,145,False,P47 - P_Hoogvliet Centrum
2019-09-27,02:11,Fri,145,False,P47 - P_Hoogvliet Centrum
2019-09-27,02:12,Fri,145,False,P47 - P_Hoogvliet Centrum
2019-09-27,02:13,Fri,145,False,P47 - P_Hoogvliet Centrum
2019-09-27,02:14,Fri,145,False,P47 - P_Hoogvliet Centrum
2019-09-27,02:15,Fri,145,False,P47 - P_Hoogvliet Centrum
2019-09-27,02:16,Fri,145,False,P47 - P_Hoogvliet Centrum
2019-09-27,02:17,Fri,145,False,P47 - P_Hoogvliet Centrum
2019-09-27,02:18,Fri,145,False,P47 - P_Hoogvliet Centrum
2019-09-27,02:19,Fri,145,False,P47 - P_Hoogvliet Centrum
2019-09-27,02:20,Fri,145,False,P47 - P_Hoogvliet Centrum
2019-09-27,02:21,Fri,145,False,P47 - P_Hoogvliet Centrum
2019-09-27,02:22,Fri,145,False,P47 - P_Hoogvliet Centrum
2019-09-27,02:23,Fri,145,False,P47 - P_Hoogvliet Centrum
2019-09-27,02:24,Fri,145,False,P47 - P_Hoogvliet Centrum
2019-09-27,02:25,Fri,145,False,P47 - P_Hoogvliet Centrum
2019-09-27,02:26,Fri,145,False,P47 - P_Hoogvliet Centrum
2019-09-27,02:27,Fri,145,False,P47 - P_Hoogvliet Centrum
2019-09-27,02:28,Fri,145,False,P47 - P_Hoogvliet Centrum
2019-09-27,02:29,Fri,145,False,P47 - P_Hoogvliet Centrum
2019-09-27,02:30,Fri,145,False,P47 - P_Hoogvliet Centrum
2019-09-27,02:31,Fri,145,False,P47 - P_Hoogvliet Centrum
2019-09-27,02:32,Fri,145,False,P47 - P_Hoogvliet Centrum
2019-09-27,02:33,Fri,145,False,P47 - P_Hoogvliet Centrum
2019-09-27,02:34,Fri,145,False,P47 - P_Hoogvliet Centrum
2019-09-27,02:35,Fri,145,False,P47 - P_Hoogvliet Centrum
2019-09-27,02:36,Fri,145,False,P47 - P_Hoogvliet Centrum
2019-09-27,02:37,Fri,145,False,P47 - P_Hoogvliet Centrum
2019-09-27,02:38,Fri,145,False,P47 - P_Hoogvliet Centrum
2019-09-27,02:39,Fri,145,False,P47 - P_Hoogvliet Centrum
2019-09-27,02:40,Fri,145,False,P47 - P_Hoogvliet Centrum
2019-09-27,02:41,Fri,145,False,P47 - P_Hoogvliet Centrum
2019-09-27,02:42,Fri,145,False,P47 - P_Hoogvliet Centrum
2019-09-27,02:43,Fri,145,False,P47 - P_Hoogvliet Centrum
2019-09-27,02:44,Fri,145,False,P47 - P_Hoogvliet Centrum
2019-09-27,02:45,Fri,145,False,P47 - P_Hoogvliet Centrum
2019-09-27,02:46,Fri,145,False,P47 - P_Hoogvliet Centrum
2019-09-27,02:47,Fri,145,False,P47 - P_Hoogvliet Centrum
2019-09-27,02:48,Fri,145,False,P47 - P_Hoogvliet Centrum
2019-09-27,02:49,Fri,145,False,P47 - P_Hoogvliet Centrum
2019-09-27,02:50,Fri,145,False,P47 - P_Hoogvliet Centrum
2019-09-27,02:51,Fri,145,False,P47 - P_Hoogvliet Centrum
2019-09-27,02:52,Fri,145,False,P47 - P_Hoogvliet Centrum
2019-09-27,02:53,Fri,145,False,P47 - P_Hoogvliet Centrum
2019-09-27,02:54,Fri,145,False,P47 - P_Hoogvliet Centrum
2019-09-27,02:55,Fri,145,False,P47 - P_Hoogvliet Centrum
2019-09-27,02:56,Fri,145,False,P47 - P_Hoogvliet Centrum
2019-09-27,02:57,Fri,145,False,P47 - P_Hoogvliet Centrum
2019-09-27,02:58,Fri,145,False,P47 - P_Hoogvliet Centrum
2019-09-27,02:59,Fri,145,False,P47 - P_Hoogvliet Centrum
2019-09-27,03:00,Fri,145,False,P47 - P_Hoogvliet Centrum
2019-09-27,03:01,Fri,145,False,P47 - P_Hoogvliet Centrum
2019-09-27,03:02,Fri,145,False,P47 - P_Hoogvliet Centrum
2019-09-27,03:03,Fri,145,False,P47 - P_Hoogvliet Centrum
2019-09-27,03:04,Fri,145,False,P47 - P_Hoogvliet Centrum
2019-09-27,03:05,Fri,145,False,P47 - P_Hoogvliet Centrum
2019-09-27,03:06,Fri,145,False,P47 - P_Hoogvliet Centrum
2019-09-27,03:07,Fri,145,False,P47 - P_Hoogvliet Centrum
2019-09-27,03:08,Fri,145,False,P47 - P_Hoogvliet Centrum
2019-09-27,03:09,Fri,145,False,P47 - P_Hoogvliet Centrum
2019-09-27,03:10,Fri,145,False,P47 - P_Hoogvliet Centrum
2019-09-27,03:11,Fri,145,False,P47 - P_Hoogvliet Centrum
2019-09-27,03:12,Fri,145,False,P47 - P_Hoogvliet Centrum
2019-09-27,03:13,Fri,145,False,P47 - P_Hoogvliet Centrum
2019-09-27,03:14,Fri,145,False,P47 - P_Hoogvliet Centrum
2019-09-27,03:15,Fri,145,False,P47 - P_Hoogvliet Centrum
2019-09-27,03:16,Fri,145,False,P47 - P_Hoogvliet Centrum
2019-09-27,03:17,Fri,145,False,P47 - P_Hoogvliet Centrum
2019-09-27,03:18,Fri,145,False,P47 - P_Hoogvliet Centrum
2019-09-27,03:19,Fri,145,False,P47 - P_Hoogvliet Centrum
2019-09-27,03:20,Fri,145,False,P47 - P_Hoogvliet Centrum
2019-09-27,03:21,Fri,145,False,P47 - P_Hoogvliet Centrum
2019-09-27,03:22,Fri,145,False,P47 - P_Hoogvliet Centrum
2019-09-27,03:23,Fri,145,False,P47 - P_Hoogvliet Centrum
2019-09-27,03:24,Fri,145,False,P47 - P_Hoogvliet Centrum
2019-09-27,03:25,Fri,145,False,P47 - P_Hoogvliet Centrum
2019-09-27,03:26,Fri,145,False,P47 - P_Hoogvliet Centrum
2019-09-27,03:27,Fri,145,False,P47 - P_Hoogvliet Centrum
2019-09-27,03:28,Fri,145,False,P47 - P_Hoogvliet Centrum
2019-09-27,03:29,Fri,145,False,P47 - P_Hoogvliet Centrum
2019-09-27,03:30,Fri,145,False,P47 - P_Hoogvliet Centrum
2019-09-27,03:31,Fri,145,False,P47 - P_Hoogvliet Centrum
2019-09-27,03:32,Fri,145,False,P47 - P_Hoogvliet Centrum
2019-09-27,03:33,Fri,145,False,P47 - P_Hoogvliet Centrum
2019-09-27,03:34,Fri,145,False,P47 - P_Hoogvliet Centrum
2019-09-27,03:35,Fri,145,False,P47 - P_Hoogvliet Centrum
2019-09-27,03:36,Fri,145,False,P47 - P_Hoogvliet Centrum
2019-09-27,03:37,Fri,145,False,P47 - P_Hoogvliet Centrum
2019-09-27,03:38,Fri,145,False,P47 - P_Hoogvliet Centrum
2019-09-27,03:39,Fri,145,False,P47 - P_Hoogvliet Centrum
2019-09-27,03:40,Fri,145,False,P47 - P_Hoogvliet Centrum
2019-09-27,03:41,Fri,145,False,P47 - P_Hoogvliet Centrum
2019-09-27,03:42,Fri,145,False,P47 - P_Hoogvliet Centrum
2019-09-27,03:43,Fri,145,False,P47 - P_Hoogvliet Centrum
2019-09-27,03:44,Fri,145,False,P47 - P_Hoogvliet Centrum
2019-09-27,03:45,Fri,145,False,P47 - P_Hoogvliet Centrum
2019-09-27,03:46,Fri,145,False,P47 - P_Hoogvliet Centrum
2019-09-27,03:47,Fri,145,False,P47 - P_Hoogvliet Centrum
2019-09-27,03:48,Fri,145,False,P47 - P_Hoogvliet Centrum
2019-09-27,03:49,Fri,145,False,P47 - P_Hoogvliet Centrum
2019-09-27,03:50,Fri,145,False,P47 - P_Hoogvliet Centrum
2019-09-27,03:51,Fri,145,False,P47 - P_Hoogvliet Centrum
2019-09-27,03:52,Fri,145,False,P47 - P_Hoogvliet Centrum
2019-09-27,03:53,Fri,145,False,P47 - P_Hoogvliet Centrum
2019-09-27,03:54,Fri,145,False,P47 - P_Hoogvliet Centrum
2019-09-27,03:55,Fri,145,False,P47 - P_Hoogvliet Centrum
2019-09-27,03:56,Fri,145,False,P47 - P_Hoogvliet Centrum
2019-09-27,03:57,Fri,145,False,P47 - P_Hoogvliet Centrum
2019-09-27,03:58,Fri,145,False,P47 - P_Hoogvliet Centrum
2019-09-27,03:59,Fri,145,False,P47 - P_Hoogvliet Centrum
2019-09-27,04:00,Fri,145,False,P47 - P_Hoogvliet Centrum
2019-09-27,04:01,Fri,145,False,P47 - P_Hoogvliet Centrum
2019-09-27,04:02,Fri,145,False,P47 - P_Hoogvliet Centrum
2019-09-27,04:03,Fri,145,False,P47 - P_Hoogvliet Centrum
2019-09-27,04:04,Fri,145,False,P47 - P_Hoogvliet Centrum
2019-09-27,04:05,Fri,145,False,P47 - P_Hoogvliet Centrum
2019-09-27,04:06,Fri,145,False,P47 - P_Hoogvliet Centrum
2019-09-27,04:07,Fri,145,False,P47 - P_Hoogvliet Centrum
2019-09-27,04:08,Fri,145,False,P47 - P_Hoogvliet Centrum
2019-09-27,04:09,Fri,145,False,P47 - P_Hoogvliet Centrum
2019-09-27,04:10,Fri,145,False,P47 - P_Hoogvliet Centrum
2019-09-27,04:11,Fri,145,False,P47 - P_Hoogvliet Centrum
2019-09-27,04:12,Fri,145,False,P47 - P_Hoogvliet Centrum
2019-09-27,04:13,Fri,145,False,P47 - P_Hoogvliet Centrum
2019-09-27,04:14,Fri,145,False,P47 - P_Hoogvliet Centrum
2019-09-27,04:15,Fri,145,False,P47 - P_Hoogvliet Centrum
2019-09-27,04:16,Fri,145,False,P47 - P_Hoogvliet Centrum
2019-09-27,04:17,Fri,145,False,P47 - P_Hoogvliet Centrum
2019-09-27,04:18,Fri,145,False,P47 - P_Hoogvliet Centrum
2019-09-27,04:19,Fri,145,False,P47 - P_Hoogvliet Centrum
2019-09-27,04:20,Fri,145,False,P47 - P_Hoogvliet Centrum
2019-09-27,04:21,Fri,145,False,P47 - P_Hoogvliet Centrum
2019-09-27,04:22,Fri,145,False,P47 - P_Hoogvliet Centrum
2019-09-27,04:23,Fri,145,False,P47 - P_Hoogvliet Centrum
2019-09-27,04:24,Fri,145,False,P47 - P_Hoogvliet Centrum
2019-09-27,04:25,Fri,145,False,P47 - P_Hoogvliet Centrum
2019-09-27,04:26,Fri,145,False,P47 - P_Hoogvliet Centrum
2019-09-27,04:27,Fri,145,False,P47 - P_Hoogvliet Centrum
2019-09-27,04:28,Fri,145,False,P47 - P_Hoogvliet Centrum
2019-09-27,04:29,Fri,145,False,P47 - P_Hoogvliet Centrum
2019-09-27,04:30,Fri,145,False,P47 - P_Hoogvliet Centrum
2019-09-27,04:31,Fri,145,False,P47 - P_Hoogvliet Centrum
2019-09-27,04:32,Fri,145,False,P47 - P_Hoogvliet Centrum
2019-09-27,04:33,Fri,145,False,P47 - P_Hoogvliet Centrum
2019-09-27,04:34,Fri,145,False,P47 - P_Hoogvliet Centrum
2019-09-27,04:35,Fri,145,False,P47 - P_Hoogvliet Centrum
2019-09-27,04:36,Fri,145,False,P47 - P_Hoogvliet Centrum
2019-09-27,04:37,Fri,145,False,P47 - P_Hoogvliet Centrum
2019-09-27,04:38,Fri,145,False,P47 - P_Hoogvliet Centrum
2019-09-27,04:39,Fri,145,False,P47 - P_Hoogvliet Centrum
2019-09-27,04:40,Fri,145,False,P47 - P_Hoogvliet Centrum
2019-09-27,04:41,Fri,145,False,P47 - P_Hoogvliet Centrum
2019-09-27,04:42,Fri,145,False,P47 - P_Hoogvliet Centrum
2019-09-27,04:43,Fri,145,False,P47 - P_Hoogvliet Centrum
2019-09-27,04:44,Fri,145,False,P47 - P_Hoogvliet Centrum
2019-09-27,04:45,Fri,145,False,P47 - P_Hoogvliet Centrum
2019-09-27,04:46,Fri,145,False,P47 - P_Hoogvliet Centrum
2019-09-27,04:47,Fri,145,False,P47 - P_Hoogvliet Centrum
2019-09-27,04:48,Fri,145,False,P47 - P_Hoogvliet Centrum
2019-09-27,04:49,Fri,145,False,P47 - P_Hoogvliet Centrum
2019-09-27,04:50,Fri,145,False,P47 - P_Hoogvliet Centrum
2019-09-27,04:51,Fri,145,False,P47 - P_Hoogvliet Centrum
2019-09-27,04:52,Fri,145,False,P47 - P_Hoogvliet Centrum
2019-09-27,04:53,Fri,145,False,P47 - P_Hoogvliet Centrum
2019-09-27,04:54,Fri,145,False,P47 - P_Hoogvliet Centrum
2019-09-27,04:55,Fri,145,False,P47 - P_Hoogvliet Centrum
2019-09-27,04:56,Fri,145,False,P47 - P_Hoogvliet Centrum
2019-09-27,04:57,Fri,145,False,P47 - P_Hoogvliet Centrum
2019-09-27,04:58,Fri,145,False,P47 - P_Hoogvliet Centrum
2019-09-27,04:59,Fri,145,False,P47 - P_Hoogvliet Centrum
2019-09-27,05:00,Fri,145,False,P47 - P_Hoogvliet Centrum
2019-09-27,05:01,Fri,145,False,P47 - P_Hoogvliet Centrum
2019-09-27,05:02,Fri,145,False,P47 - P_Hoogvliet Centrum
2019-09-27,05:03,Fri,145,False,P47 - P_Hoogvliet Centrum
2019-09-27,05:04,Fri,145,False,P47 - P_Hoogvliet Centrum
2019-09-27,05:05,Fri,145,False,P47 - P_Hoogvliet Centrum
2019-09-27,05:06,Fri,145,False,P47 - P_Hoogvliet Centrum
2019-09-27,05:07,Fri,145,False,P47 - P_Hoogvliet Centrum
2019-09-27,05:08,Fri,145,False,P47 - P_Hoogvliet Centrum
2019-09-27,05:09,Fri,145,False,P47 - P_Hoogvliet Centrum
2019-09-27,05:10,Fri,145,False,P47 - P_Hoogvliet Centrum
2019-09-27,05:11,Fri,145,False,P47 - P_Hoogvliet Centrum
2019-09-27,05:12,Fri,145,False,P47 - P_Hoogvliet Centrum
2019-09-27,05:13,Fri,145,False,P47 - P_Hoogvliet Centrum
2019-09-27,05:14,Fri,145,False,P47 - P_Hoogvliet Centrum
2019-09-27,05:15,Fri,145,False,P47 - P_Hoogvliet Centrum
2019-09-27,05:16,Fri,145,False,P47 - P_Hoogvliet Centrum
2019-09-27,05:17,Fri,145,False,P47 - P_Hoogvliet Centrum
2019-09-27,05:18,Fri,145,False,P47 - P_Hoogvliet Centrum
2019-09-27,05:19,Fri,145,False,P47 - P_Hoogvliet Centrum
2019-09-27,05:20,Fri,145,False,P47 - P_Hoogvliet Centrum
2019-09-27,05:21,Fri,145,False,P47 - P_Hoogvliet Centrum
2019-09-27,05:22,Fri,145,False,P47 - P_Hoogvliet Centrum
2019-09-27,05:23,Fri,145,False,P47 - P_Hoogvliet Centrum
2019-09-27,05:24,Fri,145,False,P47 - P_Hoogvliet Centrum
2019-09-27,05:25,Fri,145,False,P47 - P_Hoogvliet Centrum
2019-09-27,05:26,Fri,145,False,P47 - P_Hoogvliet Centrum
2019-09-27,05:27,Fri,145,False,P47 - P_Hoogvliet Centrum
2019-09-27,05:28,Fri,145,False,P47 - P_Hoogvliet Centrum
2019-09-27,05:29,Fri,145,False,P47 - P_Hoogvliet Centrum
2019-09-27,05:30,Fri,145,False,P47 - P_Hoogvliet Centrum
2019-09-27,05:31,Fri,145,False,P47 - P_Hoogvliet Centrum
2019-09-27,05:32,Fri,145,False,P47 - P_Hoogvliet Centrum
2019-09-27,05:33,Fri,145,False,P47 - P_Hoogvliet Centrum
2019-09-27,05:34,Fri,145,False,P47 - P_Hoogvliet Centrum
2019-09-27,05:35,Fri,145,False,P47 - P_Hoogvliet Centrum
2019-09-27,05:36,Fri,145,False,P47 - P_Hoogvliet Centrum
2019-09-27,05:37,Fri,145,False,P47 - P_Hoogvliet Centrum
2019-09-27,05:38,Fri,145,False,P47 - P_Hoogvliet Centrum
2019-09-27,05:39,Fri,145,False,P47 - P_Hoogvliet Centrum
2019-09-27,05:40,Fri,145,False,P47 - P_Hoogvliet Centrum
2019-09-27,05:41,Fri,145,False,P47 - P_Hoogvliet Centrum
2019-09-27,05:42,Fri,145,False,P47 - P_Hoogvliet Centrum
2019-09-27,05:43,Fri,145,False,P47 - P_Hoogvliet Centrum
2019-09-27,05:44,Fri,145,False,P47 - P_Hoogvliet Centrum
2019-09-27,05:45,Fri,145,False,P47 - P_Hoogvliet Centrum
2019-09-27,05:46,Fri,145,False,P47 - P_Hoogvliet Centrum
2019-09-27,05:47,Fri,145,False,P47 - P_Hoogvliet Centrum
2019-09-27,05:48,Fri,145,False,P47 - P_Hoogvliet Centrum
2019-09-27,05:49,Fri,145,False,P47 - P_Hoogvliet Centrum
2019-09-27,05:50,Fri,145,False,P47 - P_Hoogvliet Centrum
2019-09-27,05:51,Fri,145,False,P47 - P_Hoogvliet Centrum
2019-09-27,05:52,Fri,145,False,P47 - P_Hoogvliet Centrum
2019-09-27,05:53,Fri,145,False,P47 - P_Hoogvliet Centrum
2019-09-27,05:54,Fri,145,False,P47 - P_Hoogvliet Centrum
2019-09-27,05:55,Fri,145,False,P47 - P_Hoogvliet Centrum
2019-09-27,05:56,Fri,145,False,P47 - P_Hoogvliet Centrum
2019-09-27,05:57,Fri,145,False,P47 - P_Hoogvliet Centrum
2019-09-27,05:58,Fri,145,False,P47 - P_Hoogvliet Centrum
2019-09-27,05:59,Fri,145,False,P47 - P_Hoogvliet Centrum
2019-09-27,06:00,Fri,145,False,P47 - P_Hoogvliet Centrum
2019-09-27,06:01,Fri,145,False,P47 - P_Hoogvliet Centrum
2019-09-27,06:02,Fri,145,False,P47 - P_Hoogvliet Centrum
2019-09-27,06:03,Fri,145,False,P47 - P_Hoogvliet Centrum
2019-09-27,06:04,Fri,145,False,P47 - P_Hoogvliet Centrum
2019-09-27,06:05,Fri,145,False,P47 - P_Hoogvliet Centrum
2019-09-27,06:06,Fri,145,False,P47 - P_Hoogvliet Centrum
2019-09-27,06:07,Fri,145,False,P47 - P_Hoogvliet Centrum
2019-09-27,06:08,Fri,145,False,P47 - P_Hoogvliet Centrum
2019-09-27,06:09,Fri,145,False,P47 - P_Hoogvliet Centrum
2019-09-27,06:10,Fri,145,False,P47 - P_Hoogvliet Centrum
2019-09-27,06:11,Fri,145,False,P47 - P_Hoogvliet Centrum
2019-09-27,06:12,Fri,145,False,P47 - P_Hoogvliet Centrum
2019-09-27,06:13,Fri,145,False,P47 - P_Hoogvliet Centrum
2019-09-27,06:14,Fri,145,False,P47 - P_Hoogvliet Centrum
2019-09-27,06:15,Fri,145,False,P47 - P_Hoogvliet Centrum
2019-09-27,06:16,Fri,145,False,P47 - P_Hoogvliet Centrum
2019-09-27,06:17,Fri,145,False,P47 - P_Hoogvliet Centrum
2019-09-27,06:18,Fri,145,False,P47 - P_Hoogvliet Centrum
2019-09-27,06:19,Fri,145,False,P47 - P_Hoogvliet Centrum
2019-09-27,06:20,Fri,145,False,P47 - P_Hoogvliet Centrum
2019-09-27,06:21,Fri,145,False,P47 - P_Hoogvliet Centrum
2019-09-27,06:22,Fri,145,False,P47 - P_Hoogvliet Centrum
2019-09-27,06:23,Fri,145,False,P47 - P_Hoogvliet Centrum
2019-09-27,06:24,Fri,145,False,P47 - P_Hoogvliet Centrum
2019-09-27,06:25,Fri,145,False,P47 - P_Hoogvliet Centrum
2019-09-27,06:26,Fri,145,False,P47 - P_Hoogvliet Centrum
2019-09-27,06:27,Fri,145,False,P47 - P_Hoogvliet Centrum
2019-09-27,06:28,Fri,145,False,P47 - P_Hoogvliet Centrum
2019-09-27,06:29,Fri,145,False,P47 - P_Hoogvliet Centrum
2019-09-27,06:30,Fri,145,False,P47 - P_Hoogvliet Centrum
2019-09-27,06:31,Fri,145,False,P47 - P_Hoogvliet Centrum
2019-09-27,06:32,Fri,145,False,P47 - P_Hoogvliet Centrum
2019-09-27,06:33,Fri,145,False,P47 - P_Hoogvliet Centrum
2019-09-27,06:34,Fri,145,False,P47 - P_Hoogvliet Centrum
2019-09-27,06:35,Fri,145,False,P47 - P_Hoogvliet Centrum
2019-09-27,06:36,Fri,145,False,P47 - P_Hoogvliet Centrum
2019-09-27,06:37,Fri,145,False,P47 - P_Hoogvliet Centrum
2019-09-27,06:38,Fri,145,False,P47 - P_Hoogvliet Centrum
2019-09-27,06:39,Fri,145,False,P47 - P_Hoogvliet Centrum
2019-09-27,06:40,Fri,145,False,P47 - P_Hoogvliet Centrum
2019-09-27,06:41,Fri,145,False,P47 - P_Hoogvliet Centrum
2019-09-27,06:42,Fri,145,False,P47 - P_Hoogvliet Centrum
2019-09-27,06:43,Fri,145,False,P47 - P_Hoogvliet Centrum
2019-09-27,06:44,Fri,145,False,P47 - P_Hoogvliet Centrum
2019-09-27,06:45,Fri,145,False,P47 - P_Hoogvliet Centrum
2019-09-27,06:46,Fri,145,False,P47 - P_Hoogvliet Centrum
2019-09-27,06:47,Fri,145,False,P47 - P_Hoogvliet Centrum
2019-09-27,06:48,Fri,145,False,P47 - P_Hoogvliet Centrum
2019-09-27,06:49,Fri,145,False,P47 - P_Hoogvliet Centrum
2019-09-27,06:50,Fri,145,False,P47 - P_Hoogvliet Centrum
2019-09-27,06:51,Fri,145,False,P47 - P_Hoogvliet Centrum
2019-09-27,06:52,Fri,145,False,P47 - P_Hoogvliet Centrum
2019-09-27,06:53,Fri,145,False,P47 - P_Hoogvliet Centrum
2019-09-27,06:54,Fri,145,False,P47 - P_Hoogvliet Centrum
2019-09-27,06:55,Fri,145,False,P47 - P_Hoogvliet Centrum
2019-09-27,06:56,Fri,145,False,P47 - P_Hoogvliet Centrum
2019-09-27,06:57,Fri,145,False,P47 - P_Hoogvliet Centrum
2019-09-27,06:58,Fri,145,False,P47 - P_Hoogvliet Centrum
2019-09-27,06:59,Fri,145,False,P47 - P_Hoogvliet Centrum
2019-09-27,07:00,Fri,145,False,P47 - P_Hoogvliet Centrum
2019-09-27,07:01,Fri,145,False,P47 - P_Hoogvliet Centrum
2019-09-27,07:02,Fri,145,False,P47 - P_Hoogvliet Centrum
2019-09-27,07:03,Fri,145,False,P47 - P_Hoogvliet Centrum
2019-09-27,07:04,Fri,145,False,P47 - P_Hoogvliet Centrum
2019-09-27,07:05,Fri,145,False,P47 - P_Hoogvliet Centrum
2019-09-27,07:06,Fri,145,False,P47 - P_Hoogvliet Centrum
2019-09-27,07:07,Fri,145,False,P47 - P_Hoogvliet Centrum
2019-09-27,07:08,Fri,145,False,P47 - P_Hoogvliet Centrum
2019-09-27,07:09,Fri,145,False,P47 - P_Hoogvliet Centrum
2019-09-27,07:10,Fri,145,False,P47 - P_Hoogvliet Centrum
2019-09-27,07:11,Fri,145,False,P47 - P_Hoogvliet Centrum
2019-09-27,07:12,Fri,145,False,P47 - P_Hoogvliet Centrum
2019-09-27,07:13,Fri,145,False,P47 - P_Hoogvliet Centrum
2019-09-27,07:14,Fri,145,False,P47 - P_Hoogvliet Centrum
2019-09-27,07:15,Fri,145,False,P47 - P_Hoogvliet Centrum
2019-09-27,07:16,Fri,145,False,P47 - P_Hoogvliet Centrum
2019-09-27,07:17,Fri,145,False,P47 - P_Hoogvliet Centrum
2019-09-27,07:18,Fri,145,False,P47 - P_Hoogvliet Centrum
2019-09-27,07:19,Fri,145,False,P47 - P_Hoogvliet Centrum
2019-09-27,07:20,Fri,145,False,P47 - P_Hoogvliet Centrum
2019-09-27,07:21,Fri,145,False,P47 - P_Hoogvliet Centrum
2019-09-27,07:22,Fri,145,False,P47 - P_Hoogvliet Centrum
2019-09-27,07:23,Fri,145,False,P47 - P_Hoogvliet Centrum
2019-09-27,07:24,Fri,145,False,P47 - P_Hoogvliet Centrum
2019-09-27,07:25,Fri,145,False,P47 - P_Hoogvliet Centrum
2019-09-27,07:27,Fri,145,False,P47 - P_Hoogvliet Centrum
2019-09-27,07:26,Fri,145,False,P47 - P_Hoogvliet Centrum
2019-09-27,07:28,Fri,145,False,P47 - P_Hoogvliet Centrum
2019-09-27,07:29,Fri,145,False,P47 - P_Hoogvliet Centrum
2019-09-27,07:30,Fri,145,False,P47 - P_Hoogvliet Centrum
2019-09-27,07:31,Fri,145,True,P47 - P_Hoogvliet Centrum
2019-09-27,07:32,Fri,144,True,P47 - P_Hoogvliet Centrum
2019-09-27,07:33,Fri,144,True,P47 - P_Hoogvliet Centrum
2019-09-27,07:34,Fri,144,True,P47 - P_Hoogvliet Centrum
2019-09-27,07:35,Fri,144,True,P47 - P_Hoogvliet Centrum
2019-09-27,07:36,Fri,144,True,P47 - P_Hoogvliet Centrum
2019-09-27,07:37,Fri,144,True,P47 - P_Hoogvliet Centrum
2019-09-27,07:38,Fri,143,True,P47 - P_Hoogvliet Centrum
2019-09-27,07:39,Fri,143,True,P47 - P_Hoogvliet Centrum
2019-09-27,07:40,Fri,143,True,P47 - P_Hoogvliet Centrum
2019-09-27,07:41,Fri,143,True,P47 - P_Hoogvliet Centrum
2019-09-27,07:42,Fri,142,True,P47 - P_Hoogvliet Centrum
2019-09-27,07:43,Fri,142,True,P47 - P_Hoogvliet Centrum
2019-09-27,07:44,Fri,142,True,P47 - P_Hoogvliet Centrum
2019-09-27,07:45,Fri,142,True,P47 - P_Hoogvliet Centrum
2019-09-27,07:46,Fri,142,True,P47 - P_Hoogvliet Centrum
2019-09-27,07:47,Fri,141,True,P47 - P_Hoogvliet Centrum
2019-09-27,07:48,Fri,141,True,P47 - P_Hoogvliet Centrum
2019-09-27,07:49,Fri,140,True,P47 - P_Hoogvliet Centrum
2019-09-27,07:50,Fri,139,True,P47 - P_Hoogvliet Centrum
2019-09-27,07:51,Fri,139,True,P47 - P_Hoogvliet Centrum
2019-09-27,07:52,Fri,139,True,P47 - P_Hoogvliet Centrum
2019-09-27,07:53,Fri,139,True,P47 - P_Hoogvliet Centrum
2019-09-27,07:54,Fri,139,True,P47 - P_Hoogvliet Centrum
2019-09-27,07:55,Fri,139,True,P47 - P_Hoogvliet Centrum
2019-09-27,07:56,Fri,139,True,P47 - P_Hoogvliet Centrum
2019-09-27,07:57,Fri,139,True,P47 - P_Hoogvliet Centrum
2019-09-27,07:58,Fri,139,True,P47 - P_Hoogvliet Centrum
2019-09-27,07:59,Fri,139,True,P47 - P_Hoogvliet Centrum
2019-09-27,08:00,Fri,139,True,P47 - P_Hoogvliet Centrum
2019-09-27,08:01,Fri,139,True,P47 - P_Hoogvliet Centrum
2019-09-27,08:02,Fri,139,True,P47 - P_Hoogvliet Centrum
2019-09-27,08:03,Fri,139,True,P47 - P_Hoogvliet Centrum
2019-09-27,08:04,Fri,139,True,P47 - P_Hoogvliet Centrum
2019-09-27,08:05,Fri,139,True,P47 - P_Hoogvliet Centrum
2019-09-27,08:06,Fri,139,True,P47 - P_Hoogvliet Centrum
2019-09-27,08:07,Fri,139,True,P47 - P_Hoogvliet Centrum
2019-09-27,08:08,Fri,139,True,P47 - P_Hoogvliet Centrum
2019-09-27,08:09,Fri,139,True,P47 - P_Hoogvliet Centrum
2019-09-27,08:10,Fri,139,True,P47 - P_Hoogvliet Centrum
2019-09-27,08:11,Fri,138,True,P47 - P_Hoogvliet Centrum
2019-09-27,08:12,Fri,138,True,P47 - P_Hoogvliet Centrum
2019-09-27,08:13,Fri,137,True,P47 - P_Hoogvliet Centrum
2019-09-27,08:14,Fri,137,True,P47 - P_Hoogvliet Centrum
2019-09-27,08:15,Fri,137,True,P47 - P_Hoogvliet Centrum
2019-09-27,08:16,Fri,137,True,P47 - P_Hoogvliet Centrum
2019-09-27,08:17,Fri,137,True,P47 - P_Hoogvliet Centrum
2019-09-27,08:18,Fri,137,True,P47 - P_Hoogvliet Centrum
2019-09-27,08:19,Fri,137,True,P47 - P_Hoogvliet Centrum
2019-09-27,08:20,Fri,137,True,P47 - P_Hoogvliet Centrum
2019-09-27,08:21,Fri,137,True,P47 - P_Hoogvliet Centrum
2019-09-27,08:22,Fri,137,True,P47 - P_Hoogvliet Centrum
2019-09-27,08:23,Fri,137,True,P47 - P_Hoogvliet Centrum
2019-09-27,08:24,Fri,137,True,P47 - P_Hoogvliet Centrum
2019-09-27,08:25,Fri,137,True,P47 - P_Hoogvliet Centrum
2019-09-27,08:26,Fri,137,True,P47 - P_Hoogvliet Centrum
2019-09-27,08:27,Fri,137,True,P47 - P_Hoogvliet Centrum
2019-09-27,08:28,Fri,137,True,P47 - P_Hoogvliet Centrum
2019-09-27,08:29,Fri,137,True,P47 - P_Hoogvliet Centrum
2019-09-27,08:30,Fri,137,True,P47 - P_Hoogvliet Centrum
2019-09-27,08:31,Fri,137,True,P47 - P_Hoogvliet Centrum
2019-09-27,08:32,Fri,137,True,P47 - P_Hoogvliet Centrum
2019-09-27,08:33,Fri,137,True,P47 - P_Hoogvliet Centrum
2019-09-27,08:34,Fri,136,True,P47 - P_Hoogvliet Centrum
2019-09-27,08:35,Fri,136,True,P47 - P_Hoogvliet Centrum
2019-09-27,08:36,Fri,136,True,P47 - P_Hoogvliet Centrum
2019-09-27,08:37,Fri,135,True,P47 - P_Hoogvliet Centrum
2019-09-27,08:38,Fri,134,True,P47 - P_Hoogvliet Centrum
2019-09-27,08:39,Fri,133,True,P47 - P_Hoogvliet Centrum
2019-09-27,08:40,Fri,133,True,P47 - P_Hoogvliet Centrum
2019-09-27,08:41,Fri,133,True,P47 - P_Hoogvliet Centrum
2019-09-27,08:42,Fri,133,True,P47 - P_Hoogvliet Centrum
2019-09-27,08:43,Fri,133,True,P47 - P_Hoogvliet Centrum
2019-09-27,08:44,Fri,133,True,P47 - P_Hoogvliet Centrum
2019-09-27,08:45,Fri,133,True,P47 - P_Hoogvliet Centrum
2019-09-27,08:46,Fri,133,True,P47 - P_Hoogvliet Centrum
2019-09-27,08:47,Fri,133,True,P47 - P_Hoogvliet Centrum
2019-09-27,08:48,Fri,133,True,P47 - P_Hoogvliet Centrum
2019-09-27,08:49,Fri,132,True,P47 - P_Hoogvliet Centrum
2019-09-27,08:50,Fri,132,True,P47 - P_Hoogvliet Centrum
2019-09-27,08:51,Fri,132,True,P47 - P_Hoogvliet Centrum
2019-09-27,08:52,Fri,132,True,P47 - P_Hoogvliet Centrum
2019-09-27,08:53,Fri,131,True,P47 - P_Hoogvliet Centrum
2019-09-27,08:54,Fri,131,True,P47 - P_Hoogvliet Centrum
2019-09-27,08:55,Fri,128,True,P47 - P_Hoogvliet Centrum
2019-09-27,08:56,Fri,128,True,P47 - P_Hoogvliet Centrum
2019-09-27,08:57,Fri,128,True,P47 - P_Hoogvliet Centrum
2019-09-27,08:58,Fri,128,True,P47 - P_Hoogvliet Centrum
2019-09-27,08:59,Fri,128,True,P47 - P_Hoogvliet Centrum
2019-09-27,09:00,Fri,128,True,P47 - P_Hoogvliet Centrum
2019-09-27,09:01,Fri,128,True,P47 - P_Hoogvliet Centrum
2019-09-27,09:02,Fri,128,True,P47 - P_Hoogvliet Centrum
2019-09-27,09:03,Fri,128,True,P47 - P_Hoogvliet Centrum
2019-09-27,09:04,Fri,128,True,P47 - P_Hoogvliet Centrum
2019-09-27,09:05,Fri,128,True,P47 - P_Hoogvliet Centrum
2019-09-27,09:06,Fri,127,True,P47 - P_Hoogvliet Centrum
2019-09-27,09:07,Fri,126,True,P47 - P_Hoogvliet Centrum
2019-09-27,09:08,Fri,126,True,P47 - P_Hoogvliet Centrum
2019-09-27,09:09,Fri,125,True,P47 - P_Hoogvliet Centrum
2019-09-27,09:10,Fri,125,True,P47 - P_Hoogvliet Centrum
2019-09-27,09:11,Fri,125,True,P47 - P_Hoogvliet Centrum
2019-09-27,09:12,Fri,125,True,P47 - P_Hoogvliet Centrum
2019-09-27,09:13,Fri,124,True,P47 - P_Hoogvliet Centrum
2019-09-27,09:14,Fri,124,True,P47 - P_Hoogvliet Centrum
2019-09-27,09:15,Fri,123,True,P47 - P_Hoogvliet Centrum
2019-09-27,09:16,Fri,123,True,P47 - P_Hoogvliet Centrum
2019-09-27,09:17,Fri,123,True,P47 - P_Hoogvliet Centrum
2019-09-27,09:18,Fri,122,True,P47 - P_Hoogvliet Centrum
2019-09-27,09:19,Fri,122,True,P47 - P_Hoogvliet Centrum
2019-09-27,09:20,Fri,122,True,P47 - P_Hoogvliet Centrum
2019-09-27,09:21,Fri,123,True,P47 - P_Hoogvliet Centrum
2019-09-27,09:22,Fri,123,True,P47 - P_Hoogvliet Centrum
2019-09-27,09:23,Fri,123,True,P47 - P_Hoogvliet Centrum
2019-09-27,09:24,Fri,122,True,P47 - P_Hoogvliet Centrum
2019-09-27,09:25,Fri,122,True,P47 - P_Hoogvliet Centrum
2019-09-27,09:26,Fri,122,True,P47 - P_Hoogvliet Centrum
2019-09-27,09:27,Fri,122,True,P47 - P_Hoogvliet Centrum
2019-09-27,09:28,Fri,122,True,P47 - P_Hoogvliet Centrum
2019-09-27,09:29,Fri,122,True,P47 - P_Hoogvliet Centrum
2019-09-27,09:30,Fri,122,True,P47 - P_Hoogvliet Centrum
2019-09-27,09:31,Fri,122,True,P47 - P_Hoogvliet Centrum
2019-09-27,09:32,Fri,122,True,P47 - P_Hoogvliet Centrum
2019-09-27,09:33,Fri,122,True,P47 - P_Hoogvliet Centrum
2019-09-27,09:34,Fri,120,True,P47 - P_Hoogvliet Centrum
2019-09-27,09:35,Fri,120,True,P47 - P_Hoogvliet Centrum
2019-09-27,09:36,Fri,120,True,P47 - P_Hoogvliet Centrum
2019-09-27,09:37,Fri,120,True,P47 - P_Hoogvliet Centrum
2019-09-27,09:38,Fri,120,True,P47 - P_Hoogvliet Centrum
2019-09-27,09:39,Fri,120,True,P47 - P_Hoogvliet Centrum
2019-09-27,09:40,Fri,120,True,P47 - P_Hoogvliet Centrum
2019-09-27,09:41,Fri,120,True,P47 - P_Hoogvliet Centrum
2019-09-27,09:42,Fri,120,True,P47 - P_Hoogvliet Centrum
2019-09-27,09:43,Fri,120,True,P47 - P_Hoogvliet Centrum
2019-09-27,09:44,Fri,118,True,P47 - P_Hoogvliet Centrum
2019-09-27,09:45,Fri,118,True,P47 - P_Hoogvliet Centrum
2019-09-27,09:46,Fri,118,True,P47 - P_Hoogvliet Centrum
2019-09-27,09:47,Fri,118,True,P47 - P_Hoogvliet Centrum
2019-09-27,09:48,Fri,117,True,P47 - P_Hoogvliet Centrum
2019-09-27,09:49,Fri,117,True,P47 - P_Hoogvliet Centrum
2019-09-27,09:50,Fri,118,True,P47 - P_Hoogvliet Centrum
2019-09-27,09:51,Fri,118,True,P47 - P_Hoogvliet Centrum
2019-09-27,09:52,Fri,117,True,P47 - P_Hoogvliet Centrum
2019-09-27,09:53,Fri,117,True,P47 - P_Hoogvliet Centrum
2019-09-27,09:54,Fri,118,True,P47 - P_Hoogvliet Centrum
2019-09-27,09:55,Fri,118,True,P47 - P_Hoogvliet Centrum
2019-09-27,09:56,Fri,118,True,P47 - P_Hoogvliet Centrum
2019-09-27,09:57,Fri,118,True,P47 - P_Hoogvliet Centrum
2019-09-27,09:58,Fri,117,True,P47 - P_Hoogvliet Centrum
2019-09-27,09:59,Fri,117,True,P47 - P_Hoogvliet Centrum
2019-09-27,10:00,Fri,117,True,P47 - P_Hoogvliet Centrum
2019-09-27,10:01,Fri,117,True,P47 - P_Hoogvliet Centrum
2019-09-27,10:02,Fri,117,True,P47 - P_Hoogvliet Centrum
2019-09-27,10:03,Fri,117,True,P47 - P_Hoogvliet Centrum
2019-09-27,10:04,Fri,117,True,P47 - P_Hoogvliet Centrum
2019-09-27,10:05,Fri,117,True,P47 - P_Hoogvliet Centrum
2019-09-27,10:06,Fri,116,True,P47 - P_Hoogvliet Centrum
2019-09-27,10:07,Fri,115,True,P47 - P_Hoogvliet Centrum
2019-09-27,10:08,Fri,115,True,P47 - P_Hoogvliet Centrum
2019-09-27,10:09,Fri,115,True,P47 - P_Hoogvliet Centrum
2019-09-27,10:10,Fri,115,True,P47 - P_Hoogvliet Centrum
2019-09-27,10:11,Fri,115,True,P47 - P_Hoogvliet Centrum
2019-09-27,10:12,Fri,115,True,P47 - P_Hoogvliet Centrum
2019-09-27,10:13,Fri,116,True,P47 - P_Hoogvliet Centrum
2019-09-27,10:14,Fri,115,True,P47 - P_Hoogvliet Centrum
2019-09-27,10:15,Fri,115,True,P47 - P_Hoogvliet Centrum
2019-09-27,10:16,Fri,115,True,P47 - P_Hoogvliet Centrum
2019-09-27,10:17,Fri,115,True,P47 - P_Hoogvliet Centrum
2019-09-27,10:18,Fri,115,True,P47 - P_Hoogvliet Centrum
2019-09-27,10:19,Fri,115,True,P47 - P_Hoogvliet Centrum
2019-09-27,10:20,Fri,115,True,P47 - P_Hoogvliet Centrum
2019-09-27,10:21,Fri,115,True,P47 - P_Hoogvliet Centrum
2019-09-27,10:22,Fri,115,True,P47 - P_Hoogvliet Centrum
2019-09-27,10:23,Fri,115,True,P47 - P_Hoogvliet Centrum
2019-09-27,10:24,Fri,115,True,P47 - P_Hoogvliet Centrum
2019-09-27,10:25,Fri,116,True,P47 - P_Hoogvliet Centrum
2019-09-27,10:26,Fri,116,True,P47 - P_Hoogvliet Centrum
2019-09-27,10:27,Fri,116,True,P47 - P_Hoogvliet Centrum
2019-09-27,10:28,Fri,115,True,P47 - P_Hoogvliet Centrum
2019-09-27,10:29,Fri,115,True,P47 - P_Hoogvliet Centrum
2019-09-27,10:30,Fri,115,True,P47 - P_Hoogvliet Centrum
2019-09-27,10:31,Fri,115,True,P47 - P_Hoogvliet Centrum
2019-09-27,10:32,Fri,115,True,P47 - P_Hoogvliet Centrum
2019-09-27,10:33,Fri,114,True,P47 - P_Hoogvliet Centrum
2019-09-27,10:34,Fri,114,True,P47 - P_Hoogvliet Centrum
2019-09-27,10:35,Fri,114,True,P47 - P_Hoogvliet Centrum
2019-09-27,10:36,Fri,114,True,P47 - P_Hoogvliet Centrum
2019-09-27,10:37,Fri,114,True,P47 - P_Hoogvliet Centrum
2019-09-27,10:38,Fri,114,True,P47 - P_Hoogvliet Centrum
2019-09-27,10:39,Fri,114,True,P47 - P_Hoogvliet Centrum
2019-09-27,10:40,Fri,113,True,P47 - P_Hoogvliet Centrum
2019-09-27,10:41,Fri,112,True,P47 - P_Hoogvliet Centrum
2019-09-27,10:42,Fri,110,True,P47 - P_Hoogvliet Centrum
2019-09-27,10:43,Fri,110,True,P47 - P_Hoogvliet Centrum
2019-09-27,10:44,Fri,110,True,P47 - P_Hoogvliet Centrum
2019-09-27,10:45,Fri,110,True,P47 - P_Hoogvliet Centrum
2019-09-27,10:46,Fri,110,True,P47 - P_Hoogvliet Centrum
2019-09-27,10:47,Fri,110,True,P47 - P_Hoogvliet Centrum
2019-09-27,10:48,Fri,110,True,P47 - P_Hoogvliet Centrum
2019-09-27,10:49,Fri,110,True,P47 - P_Hoogvliet Centrum
2019-09-27,10:50,Fri,110,True,P47 - P_Hoogvliet Centrum
2019-09-27,10:51,Fri,110,True,P47 - P_Hoogvliet Centrum
2019-09-27,10:52,Fri,110,True,P47 - P_Hoogvliet Centrum
2019-09-27,10:53,Fri,110,True,P47 - P_Hoogvliet Centrum
2019-09-27,10:54,Fri,110,True,P47 - P_Hoogvliet Centrum
2019-09-27,10:55,Fri,110,True,P47 - P_Hoogvliet Centrum
2019-09-27,10:56,Fri,111,True,P47 - P_Hoogvliet Centrum
2019-09-27,10:57,Fri,111,True,P47 - P_Hoogvliet Centrum
2019-09-27,10:58,Fri,111,True,P47 - P_Hoogvliet Centrum
2019-09-27,10:59,Fri,112,True,P47 - P_Hoogvliet Centrum
2019-09-27,11:00,Fri,112,True,P47 - P_Hoogvliet Centrum
2019-09-27,11:01,Fri,112,True,P47 - P_Hoogvliet Centrum
2019-09-27,11:02,Fri,112,True,P47 - P_Hoogvliet Centrum
2019-09-27,11:03,Fri,112,True,P47 - P_Hoogvliet Centrum
2019-09-27,11:04,Fri,112,True,P47 - P_Hoogvliet Centrum
2019-09-27,11:05,Fri,112,True,P47 - P_Hoogvliet Centrum
2019-09-27,11:06,Fri,112,True,P47 - P_Hoogvliet Centrum
2019-09-27,11:07,Fri,112,True,P47 - P_Hoogvliet Centrum
2019-09-27,11:08,Fri,112,True,P47 - P_Hoogvliet Centrum
2019-09-27,11:09,Fri,112,True,P47 - P_Hoogvliet Centrum
2019-09-27,11:10,Fri,112,True,P47 - P_Hoogvliet Centrum
2019-09-27,11:11,Fri,110,True,P47 - P_Hoogvliet Centrum
2019-09-27,11:12,Fri,111,True,P47 - P_Hoogvliet Centrum
2019-09-27,11:13,Fri,110,True,P47 - P_Hoogvliet Centrum
2019-09-27,11:14,Fri,110,True,P47 - P_Hoogvliet Centrum
2019-09-27,11:15,Fri,109,True,P47 - P_Hoogvliet Centrum
2019-09-27,11:16,Fri,109,True,P47 - P_Hoogvliet Centrum
2019-09-27,11:17,Fri,108,True,P47 - P_Hoogvliet Centrum
2019-09-27,11:18,Fri,108,True,P47 - P_Hoogvliet Centrum
2019-09-27,11:19,Fri,108,True,P47 - P_Hoogvliet Centrum
2019-09-27,11:20,Fri,108,True,P47 - P_Hoogvliet Centrum
2019-09-27,11:21,Fri,106,True,P47 - P_Hoogvliet Centrum
2019-09-27,11:22,Fri,106,True,P47 - P_Hoogvliet Centrum
2019-09-27,11:23,Fri,106,True,P47 - P_Hoogvliet Centrum
2019-09-27,11:24,Fri,106,True,P47 - P_Hoogvliet Centrum
2019-09-27,11:25,Fri,107,True,P47 - P_Hoogvliet Centrum
2019-09-27,11:26,Fri,107,True,P47 - P_Hoogvliet Centrum
2019-09-27,11:27,Fri,108,True,P47 - P_Hoogvliet Centrum
2019-09-27,11:28,Fri,108,True,P47 - P_Hoogvliet Centrum
2019-09-27,11:29,Fri,108,True,P47 - P_Hoogvliet Centrum
2019-09-27,11:30,Fri,108,True,P47 - P_Hoogvliet Centrum
2019-09-27,11:31,Fri,108,True,P47 - P_Hoogvliet Centrum
2019-09-27,11:32,Fri,108,True,P47 - P_Hoogvliet Centrum
2019-09-27,11:33,Fri,108,True,P47 - P_Hoogvliet Centrum
2019-09-27,11:34,Fri,108,True,P47 - P_Hoogvliet Centrum
2019-09-27,11:35,Fri,108,True,P47 - P_Hoogvliet Centrum
2019-09-27,11:36,Fri,108,True,P47 - P_Hoogvliet Centrum
2019-09-27,11:37,Fri,108,True,P47 - P_Hoogvliet Centrum
2019-09-27,11:38,Fri,108,True,P47 - P_Hoogvliet Centrum
2019-09-27,11:39,Fri,108,True,P47 - P_Hoogvliet Centrum
2019-09-27,11:40,Fri,109,True,P47 - P_Hoogvliet Centrum
2019-09-27,11:41,Fri,109,True,P47 - P_Hoogvliet Centrum
2019-09-27,11:42,Fri,109,True,P47 - P_Hoogvliet Centrum
2019-09-27,11:43,Fri,110,True,P47 - P_Hoogvliet Centrum
2019-09-27,11:44,Fri,110,True,P47 - P_Hoogvliet Centrum
2019-09-27,11:45,Fri,109,True,P47 - P_Hoogvliet Centrum
2019-09-27,11:46,Fri,110,True,P47 - P_Hoogvliet Centrum
2019-09-27,11:47,Fri,110,True,P47 - P_Hoogvliet Centrum
2019-09-27,11:48,Fri,110,True,P47 - P_Hoogvliet Centrum
2019-09-27,11:49,Fri,110,True,P47 - P_Hoogvliet Centrum
2019-09-27,11:50,Fri,110,True,P47 - P_Hoogvliet Centrum
2019-09-27,11:51,Fri,110,True,P47 - P_Hoogvliet Centrum
2019-09-27,11:52,Fri,110,True,P47 - P_Hoogvliet Centrum
2019-09-27,11:53,Fri,110,True,P47 - P_Hoogvliet Centrum
2019-09-27,11:54,Fri,110,True,P47 - P_Hoogvliet Centrum
2019-09-27,11:55,Fri,109,True,P47 - P_Hoogvliet Centrum
2019-09-27,11:56,Fri,110,True,P47 - P_Hoogvliet Centrum
2019-09-27,11:57,Fri,110,True,P47 - P_Hoogvliet Centrum
2019-09-27,11:58,Fri,110,True,P47 - P_Hoogvliet Centrum
2019-09-27,11:59,Fri,110,True,P47 - P_Hoogvliet Centrum
2019-09-27,12:00,Fri,109,True,P47 - P_Hoogvliet Centrum
2019-09-27,12:01,Fri,109,True,P47 - P_Hoogvliet Centrum
2019-09-27,12:02,Fri,109,True,P47 - P_Hoogvliet Centrum
2019-09-27,12:03,Fri,108,True,P47 - P_Hoogvliet Centrum
2019-09-27,12:04,Fri,108,True,P47 - P_Hoogvliet Centrum
2019-09-27,12:05,Fri,109,True,P47 - P_Hoogvliet Centrum
2019-09-27,12:06,Fri,109,True,P47 - P_Hoogvliet Centrum
2019-09-27,12:07,Fri,109,True,P47 - P_Hoogvliet Centrum
2019-09-27,12:08,Fri,108,True,P47 - P_Hoogvliet Centrum
2019-09-27,12:09,Fri,109,True,P47 - P_Hoogvliet Centrum
2019-09-27,12:10,Fri,110,True,P47 - P_Hoogvliet Centrum
2019-09-27,12:11,Fri,110,True,P47 - P_Hoogvliet Centrum
2019-09-27,12:12,Fri,110,True,P47 - P_Hoogvliet Centrum
2019-09-27,12:13,Fri,110,True,P47 - P_Hoogvliet Centrum
2019-09-27,12:14,Fri,110,True,P47 - P_Hoogvliet Centrum
2019-09-27,12:15,Fri,111,True,P47 - P_Hoogvliet Centrum
2019-09-27,12:16,Fri,112,True,P47 - P_Hoogvliet Centrum
2019-09-27,12:17,Fri,112,True,P47 - P_Hoogvliet Centrum
2019-09-27,12:18,Fri,114,True,P47 - P_Hoogvliet Centrum
2019-09-27,12:19,Fri,114,True,P47 - P_Hoogvliet Centrum
2019-09-27,12:20,Fri,114,True,P47 - P_Hoogvliet Centrum
2019-09-27,12:21,Fri,114,True,P47 - P_Hoogvliet Centrum
2019-09-27,12:22,Fri,115,True,P47 - P_Hoogvliet Centrum
2019-09-27,12:23,Fri,115,True,P47 - P_Hoogvliet Centrum
2019-09-27,12:24,Fri,114,True,P47 - P_Hoogvliet Centrum
2019-09-27,12:25,Fri,114,True,P47 - P_Hoogvliet Centrum
2019-09-27,12:26,Fri,114,True,P47 - P_Hoogvliet Centrum
2019-09-27,12:27,Fri,114,True,P47 - P_Hoogvliet Centrum
2019-09-27,12:28,Fri,114,True,P47 - P_Hoogvliet Centrum
2019-09-27,12:29,Fri,114,True,P47 - P_Hoogvliet Centrum
2019-09-27,12:30,Fri,114,True,P47 - P_Hoogvliet Centrum
2019-09-27,12:31,Fri,114,True,P47 - P_Hoogvliet Centrum
2019-09-27,12:32,Fri,113,True,P47 - P_Hoogvliet Centrum
2019-09-27,12:33,Fri,113,True,P47 - P_Hoogvliet Centrum
2019-09-27,12:34,Fri,113,True,P47 - P_Hoogvliet Centrum
2019-09-27,12:35,Fri,114,True,P47 - P_Hoogvliet Centrum
2019-09-27,12:36,Fri,114,True,P47 - P_Hoogvliet Centrum
2019-09-27,12:37,Fri,114,True,P47 - P_Hoogvliet Centrum
2019-09-27,12:38,Fri,114,True,P47 - P_Hoogvliet Centrum
2019-09-27,12:39,Fri,114,True,P47 - P_Hoogvliet Centrum
2019-09-27,12:40,Fri,113,True,P47 - P_Hoogvliet Centrum
2019-09-27,12:41,Fri,112,True,P47 - P_Hoogvliet Centrum
2019-09-27,12:42,Fri,112,True,P47 - P_Hoogvliet Centrum
2019-09-27,12:43,Fri,112,True,P47 - P_Hoogvliet Centrum
2019-09-27,12:44,Fri,111,True,P47 - P_Hoogvliet Centrum
2019-09-27,12:45,Fri,111,True,P47 - P_Hoogvliet Centrum
2019-09-27,12:46,Fri,112,True,P47 - P_Hoogvliet Centrum
2019-09-27,12:47,Fri,112,True,P47 - P_Hoogvliet Centrum
2019-09-27,12:48,Fri,112,True,P47 - P_Hoogvliet Centrum
2019-09-27,12:49,Fri,111,True,P47 - P_Hoogvliet Centrum
2019-09-27,12:50,Fri,110,True,P47 - P_Hoogvliet Centrum
2019-09-27,12:51,Fri,111,True,P47 - P_Hoogvliet Centrum
2019-09-27,12:52,Fri,110,True,P47 - P_Hoogvliet Centrum
2019-09-27,12:53,Fri,110,True,P47 - P_Hoogvliet Centrum
2019-09-27,12:54,Fri,110,True,P47 - P_Hoogvliet Centrum
2019-09-27,12:55,Fri,110,True,P47 - P_Hoogvliet Centrum
2019-09-27,12:56,Fri,110,True,P47 - P_Hoogvliet Centrum
2019-09-27,12:57,Fri,110,True,P47 - P_Hoogvliet Centrum
2019-09-27,12:58,Fri,110,True,P47 - P_Hoogvliet Centrum
2019-09-27,12:59,Fri,109,True,P47 - P_Hoogvliet Centrum
2019-09-27,13:00,Fri,109,True,P47 - P_Hoogvliet Centrum
2019-09-27,13:01,Fri,109,True,P47 - P_Hoogvliet Centrum
2019-09-27,13:02,Fri,109,True,P47 - P_Hoogvliet Centrum
2019-09-27,13:03,Fri,109,True,P47 - P_Hoogvliet Centrum
2019-09-27,13:04,Fri,109,True,P47 - P_Hoogvliet Centrum
2019-09-27,13:05,Fri,109,True,P47 - P_Hoogvliet Centrum
2019-09-27,13:06,Fri,109,True,P47 - P_Hoogvliet Centrum
2019-09-27,13:07,Fri,109,True,P47 - P_Hoogvliet Centrum
2019-09-27,13:08,Fri,109,True,P47 - P_Hoogvliet Centrum
2019-09-27,13:09,Fri,109,True,P47 - P_Hoogvliet Centrum
2019-09-27,13:10,Fri,109,True,P47 - P_Hoogvliet Centrum
2019-09-27,13:11,Fri,109,True,P47 - P_Hoogvliet Centrum
2019-09-27,13:12,Fri,109,True,P47 - P_Hoogvliet Centrum
2019-09-27,13:13,Fri,109,True,P47 - P_Hoogvliet Centrum
2019-09-27,13:14,Fri,109,True,P47 - P_Hoogvliet Centrum
2019-09-27,13:15,Fri,109,True,P47 - P_Hoogvliet Centrum
2019-09-27,13:16,Fri,109,True,P47 - P_Hoogvliet Centrum
2019-09-27,13:17,Fri,109,True,P47 - P_Hoogvliet Centrum
2019-09-27,13:18,Fri,108,True,P47 - P_Hoogvliet Centrum
2019-09-27,13:19,Fri,108,True,P47 - P_Hoogvliet Centrum
2019-09-27,13:20,Fri,108,True,P47 - P_Hoogvliet Centrum
2019-09-27,13:21,Fri,108,True,P47 - P_Hoogvliet Centrum
2019-09-27,13:22,Fri,108,True,P47 - P_Hoogvliet Centrum
2019-09-27,13:23,Fri,108,True,P47 - P_Hoogvliet Centrum
2019-09-27,13:24,Fri,108,True,P47 - P_Hoogvliet Centrum
2019-09-27,13:25,Fri,108,True,P47 - P_Hoogvliet Centrum
2019-09-27,13:26,Fri,108,True,P47 - P_Hoogvliet Centrum
2019-09-27,13:27,Fri,108,True,P47 - P_Hoogvliet Centrum
2019-09-27,13:28,Fri,108,True,P47 - P_Hoogvliet Centrum
2019-09-27,13:29,Fri,108,True,P47 - P_Hoogvliet Centrum
2019-09-27,13:30,Fri,107,True,P47 - P_Hoogvliet Centrum
2019-09-27,13:31,Fri,106,True,P47 - P_Hoogvliet Centrum
2019-09-27,13:32,Fri,107,True,P47 - P_Hoogvliet Centrum
2019-09-27,13:33,Fri,108,True,P47 - P_Hoogvliet Centrum
2019-09-27,13:34,Fri,108,True,P47 - P_Hoogvliet Centrum
2019-09-27,13:35,Fri,108,True,P47 - P_Hoogvliet Centrum
2019-09-27,13:36,Fri,108,True,P47 - P_Hoogvliet Centrum
2019-09-27,13:37,Fri,109,True,P47 - P_Hoogvliet Centrum
2019-09-27,13:38,Fri,109,True,P47 - P_Hoogvliet Centrum
2019-09-27,13:39,Fri,109,True,P47 - P_Hoogvliet Centrum
2019-09-27,13:40,Fri,109,True,P47 - P_Hoogvliet Centrum
2019-09-27,13:41,Fri,109,True,P47 - P_Hoogvliet Centrum
2019-09-27,13:42,Fri,109,True,P47 - P_Hoogvliet Centrum
2019-09-27,13:43,Fri,109,True,P47 - P_Hoogvliet Centrum
2019-09-27,13:44,Fri,111,True,P47 - P_Hoogvliet Centrum
2019-09-27,13:45,Fri,111,True,P47 - P_Hoogvliet Centrum
2019-09-27,13:46,Fri,111,True,P47 - P_Hoogvliet Centrum
2019-09-27,13:47,Fri,111,True,P47 - P_Hoogvliet Centrum
2019-09-27,13:48,Fri,111,True,P47 - P_Hoogvliet Centrum
2019-09-27,13:49,Fri,111,True,P47 - P_Hoogvliet Centrum
2019-09-27,13:50,Fri,111,True,P47 - P_Hoogvliet Centrum
2019-09-27,13:51,Fri,111,True,P47 - P_Hoogvliet Centrum
2019-09-27,13:52,Fri,111,True,P47 - P_Hoogvliet Centrum
2019-09-27,13:53,Fri,111,True,P47 - P_Hoogvliet Centrum
2019-09-27,13:54,Fri,112,True,P47 - P_Hoogvliet Centrum
2019-09-27,13:55,Fri,111,True,P47 - P_Hoogvliet Centrum
2019-09-27,13:56,Fri,111,True,P47 - P_Hoogvliet Centrum
2019-09-27,13:57,Fri,112,True,P47 - P_Hoogvliet Centrum
2019-09-27,13:58,Fri,112,True,P47 - P_Hoogvliet Centrum
2019-09-27,13:59,Fri,113,True,P47 - P_Hoogvliet Centrum
2019-09-27,14:00,Fri,113,True,P47 - P_Hoogvliet Centrum
2019-09-27,14:01,Fri,112,True,P47 - P_Hoogvliet Centrum
2019-09-27,14:02,Fri,112,True,P47 - P_Hoogvliet Centrum
2019-09-27,14:03,Fri,111,True,P47 - P_Hoogvliet Centrum
2019-09-27,14:04,Fri,111,True,P47 - P_Hoogvliet Centrum
2019-09-27,14:05,Fri,111,True,P47 - P_Hoogvliet Centrum
2019-09-27,14:06,Fri,111,True,P47 - P_Hoogvliet Centrum
2019-09-27,14:07,Fri,111,True,P47 - P_Hoogvliet Centrum
2019-09-27,14:08,Fri,111,True,P47 - P_Hoogvliet Centrum
2019-09-27,14:09,Fri,111,True,P47 - P_Hoogvliet Centrum
2019-09-27,14:10,Fri,111,True,P47 - P_Hoogvliet Centrum
2019-09-27,14:11,Fri,111,True,P47 - P_Hoogvliet Centrum
2019-09-27,14:12,Fri,111,True,P47 - P_Hoogvliet Centrum
2019-09-27,14:13,Fri,111,True,P47 - P_Hoogvliet Centrum
2019-09-27,14:14,Fri,111,True,P47 - P_Hoogvliet Centrum
2019-09-27,14:15,Fri,112,True,P47 - P_Hoogvliet Centrum
2019-09-27,14:16,Fri,112,True,P47 - P_Hoogvliet Centrum
2019-09-27,14:17,Fri,113,True,P47 - P_Hoogvliet Centrum
2019-09-27,14:18,Fri,113,True,P47 - P_Hoogvliet Centrum
2019-09-27,14:19,Fri,113,True,P47 - P_Hoogvliet Centrum
2019-09-27,14:20,Fri,113,True,P47 - P_Hoogvliet Centrum
2019-09-27,14:21,Fri,113,True,P47 - P_Hoogvliet Centrum
2019-09-27,14:22,Fri,113,True,P47 - P_Hoogvliet Centrum
2019-09-27,14:23,Fri,112,True,P47 - P_Hoogvliet Centrum
2019-09-27,14:24,Fri,112,True,P47 - P_Hoogvliet Centrum
2019-09-27,14:25,Fri,112,True,P47 - P_Hoogvliet Centrum
2019-09-27,14:26,Fri,112,True,P47 - P_Hoogvliet Centrum
2019-09-27,14:27,Fri,112,True,P47 - P_Hoogvliet Centrum
2019-09-27,14:28,Fri,112,True,P47 - P_Hoogvliet Centrum
2019-09-27,14:29,Fri,113,True,P47 - P_Hoogvliet Centrum
2019-09-27,14:30,Fri,113,True,P47 - P_Hoogvliet Centrum
2019-09-27,14:31,Fri,113,True,P47 - P_Hoogvliet Centrum
2019-09-27,14:32,Fri,113,True,P47 - P_Hoogvliet Centrum
2019-09-27,14:33,Fri,112,True,P47 - P_Hoogvliet Centrum
2019-09-27,14:34,Fri,114,True,P47 - P_Hoogvliet Centrum
2019-09-27,14:35,Fri,114,True,P47 - P_Hoogvliet Centrum
2019-09-27,14:36,Fri,114,True,P47 - P_Hoogvliet Centrum
2019-09-27,14:37,Fri,114,True,P47 - P_Hoogvliet Centrum
2019-09-27,14:38,Fri,113,True,P47 - P_Hoogvliet Centrum
2019-09-27,14:39,Fri,112,True,P47 - P_Hoogvliet Centrum
2019-09-27,14:40,Fri,113,True,P47 - P_Hoogvliet Centrum
2019-09-27,14:41,Fri,112,True,P47 - P_Hoogvliet Centrum
2019-09-27,14:42,Fri,112,True,P47 - P_Hoogvliet Centrum
2019-09-27,14:43,Fri,112,True,P47 - P_Hoogvliet Centrum
2019-09-27,14:44,Fri,112,True,P47 - P_Hoogvliet Centrum
2019-09-27,14:45,Fri,113,True,P47 - P_Hoogvliet Centrum
2019-09-27,14:46,Fri,113,True,P47 - P_Hoogvliet Centrum
2019-09-27,14:47,Fri,114,True,P47 - P_Hoogvliet Centrum
2019-09-27,14:48,Fri,114,True,P47 - P_Hoogvliet Centrum
2019-09-27,14:49,Fri,114,True,P47 - P_Hoogvliet Centrum
2019-09-27,14:50,Fri,114,True,P47 - P_Hoogvliet Centrum
2019-09-27,14:51,Fri,114,True,P47 - P_Hoogvliet Centrum
2019-09-27,14:52,Fri,114,True,P47 - P_Hoogvliet Centrum
2019-09-27,14:53,Fri,114,True,P47 - P_Hoogvliet Centrum
2019-09-27,14:54,Fri,113,True,P47 - P_Hoogvliet Centrum
2019-09-27,14:55,Fri,112,True,P47 - P_Hoogvliet Centrum
2019-09-27,14:56,Fri,112,True,P47 - P_Hoogvliet Centrum
2019-09-27,14:57,Fri,112,True,P47 - P_Hoogvliet Centrum
2019-09-27,14:58,Fri,113,True,P47 - P_Hoogvliet Centrum
2019-09-27,14:59,Fri,112,True,P47 - P_Hoogvliet Centrum
2019-09-27,15:00,Fri,112,True,P47 - P_Hoogvliet Centrum
2019-09-27,15:01,Fri,112,True,P47 - P_Hoogvliet Centrum
2019-09-27,15:02,Fri,112,True,P47 - P_Hoogvliet Centrum
2019-09-27,15:03,Fri,112,True,P47 - P_Hoogvliet Centrum
2019-09-27,15:04,Fri,112,True,P47 - P_Hoogvliet Centrum
2019-09-27,15:05,Fri,113,True,P47 - P_Hoogvliet Centrum
2019-09-27,15:06,Fri,114,True,P47 - P_Hoogvliet Centrum
2019-09-27,15:07,Fri,113,True,P47 - P_Hoogvliet Centrum
2019-09-27,15:08,Fri,113,True,P47 - P_Hoogvliet Centrum
2019-09-27,15:09,Fri,114,True,P47 - P_Hoogvliet Centrum
2019-09-27,15:10,Fri,115,True,P47 - P_Hoogvliet Centrum
2019-09-27,15:11,Fri,115,True,P47 - P_Hoogvliet Centrum
2019-09-27,15:12,Fri,115,True,P47 - P_Hoogvliet Centrum
2019-09-27,15:13,Fri,115,True,P47 - P_Hoogvliet Centrum
2019-09-27,15:14,Fri,115,True,P47 - P_Hoogvliet Centrum
2019-09-27,15:15,Fri,115,True,P47 - P_Hoogvliet Centrum
2019-09-27,15:16,Fri,114,True,P47 - P_Hoogvliet Centrum
2019-09-27,15:17,Fri,115,True,P47 - P_Hoogvliet Centrum
2019-09-27,15:18,Fri,115,True,P47 - P_Hoogvliet Centrum
2019-09-27,15:19,Fri,115,True,P47 - P_Hoogvliet Centrum
2019-09-27,15:20,Fri,116,True,P47 - P_Hoogvliet Centrum
2019-09-27,15:21,Fri,115,True,P47 - P_Hoogvliet Centrum
2019-09-27,15:22,Fri,115,True,P47 - P_Hoogvliet Centrum
2019-09-27,15:23,Fri,115,True,P47 - P_Hoogvliet Centrum
2019-09-27,15:24,Fri,115,True,P47 - P_Hoogvliet Centrum
2019-09-27,15:25,Fri,115,True,P47 - P_Hoogvliet Centrum
2019-09-27,15:26,Fri,115,True,P47 - P_Hoogvliet Centrum
2019-09-27,15:27,Fri,115,True,P47 - P_Hoogvliet Centrum
2019-09-27,15:28,Fri,115,True,P47 - P_Hoogvliet Centrum
2019-09-27,15:29,Fri,116,True,P47 - P_Hoogvliet Centrum
2019-09-27,15:30,Fri,116,True,P47 - P_Hoogvliet Centrum
2019-09-27,15:31,Fri,116,True,P47 - P_Hoogvliet Centrum
2019-09-27,15:32,Fri,115,True,P47 - P_Hoogvliet Centrum
2019-09-27,15:33,Fri,115,True,P47 - P_Hoogvliet Centrum
2019-09-27,15:34,Fri,115,True,P47 - P_Hoogvliet Centrum
2019-09-27,15:35,Fri,116,True,P47 - P_Hoogvliet Centrum
2019-09-27,15:36,Fri,115,True,P47 - P_Hoogvliet Centrum
2019-09-27,15:37,Fri,115,True,P47 - P_Hoogvliet Centrum
2019-09-27,15:38,Fri,115,True,P47 - P_Hoogvliet Centrum
2019-09-27,15:39,Fri,115,True,P47 - P_Hoogvliet Centrum
2019-09-27,15:40,Fri,114,True,P47 - P_Hoogvliet Centrum
2019-09-27,15:41,Fri,114,True,P47 - P_Hoogvliet Centrum
2019-09-27,15:42,Fri,114,True,P47 - P_Hoogvliet Centrum
2019-09-27,15:43,Fri,114,True,P47 - P_Hoogvliet Centrum
2019-09-27,15:44,Fri,114,True,P47 - P_Hoogvliet Centrum
2019-09-27,15:45,Fri,114,True,P47 - P_Hoogvliet Centrum
2019-09-27,15:46,Fri,114,True,P47 - P_Hoogvliet Centrum
2019-09-27,15:47,Fri,114,True,P47 - P_Hoogvliet Centrum
2019-09-27,15:48,Fri,113,True,P47 - P_Hoogvliet Centrum
2019-09-27,15:49,Fri,113,True,P47 - P_Hoogvliet Centrum
2019-09-27,15:50,Fri,113,True,P47 - P_Hoogvliet Centrum
2019-09-27,15:51,Fri,114,True,P47 - P_Hoogvliet Centrum
2019-09-27,15:52,Fri,114,True,P47 - P_Hoogvliet Centrum
2019-09-27,15:53,Fri,114,True,P47 - P_Hoogvliet Centrum
2019-09-27,15:54,Fri,114,True,P47 - P_Hoogvliet Centrum
2019-09-27,15:55,Fri,114,True,P47 - P_Hoogvliet Centrum
2019-09-27,15:56,Fri,114,True,P47 - P_Hoogvliet Centrum
2019-09-27,15:57,Fri,114,True,P47 - P_Hoogvliet Centrum
2019-09-27,15:58,Fri,114,True,P47 - P_Hoogvliet Centrum
2019-09-27,15:59,Fri,114,True,P47 - P_Hoogvliet Centrum
2019-09-27,16:00,Fri,114,True,P47 - P_Hoogvliet Centrum
2019-09-27,16:01,Fri,116,True,P47 - P_Hoogvliet Centrum
2019-09-27,16:02,Fri,116,True,P47 - P_Hoogvliet Centrum
2019-09-27,16:03,Fri,116,True,P47 - P_Hoogvliet Centrum
2019-09-27,16:04,Fri,116,True,P47 - P_Hoogvliet Centrum
2019-09-27,16:05,Fri,118,True,P47 - P_Hoogvliet Centrum
2019-09-27,16:06,Fri,118,True,P47 - P_Hoogvliet Centrum
2019-09-27,16:07,Fri,118,True,P47 - P_Hoogvliet Centrum
2019-09-27,16:08,Fri,119,True,P47 - P_Hoogvliet Centrum
2019-09-27,16:09,Fri,120,True,P47 - P_Hoogvliet Centrum
2019-09-27,16:10,Fri,120,True,P47 - P_Hoogvliet Centrum
2019-09-27,16:11,Fri,120,True,P47 - P_Hoogvliet Centrum
2019-09-27,16:12,Fri,121,True,P47 - P_Hoogvliet Centrum
2019-09-27,16:13,Fri,121,True,P47 - P_Hoogvliet Centrum
2019-09-27,16:14,Fri,121,True,P47 - P_Hoogvliet Centrum
2019-09-27,16:15,Fri,122,True,P47 - P_Hoogvliet Centrum
2019-09-27,16:16,Fri,122,True,P47 - P_Hoogvliet Centrum
2019-09-27,16:17,Fri,122,True,P47 - P_Hoogvliet Centrum
2019-09-27,16:18,Fri,122,True,P47 - P_Hoogvliet Centrum
2019-09-27,16:19,Fri,122,True,P47 - P_Hoogvliet Centrum
2019-09-27,16:20,Fri,122,True,P47 - P_Hoogvliet Centrum
2019-09-27,16:21,Fri,122,True,P47 - P_Hoogvliet Centrum
2019-09-27,16:22,Fri,122,True,P47 - P_Hoogvliet Centrum
2019-09-27,16:23,Fri,121,True,P47 - P_Hoogvliet Centrum
2019-09-27,16:24,Fri,121,True,P47 - P_Hoogvliet Centrum
2019-09-27,16:25,Fri,121,True,P47 - P_Hoogvliet Centrum
2019-09-27,16:26,Fri,121,True,P47 - P_Hoogvliet Centrum
2019-09-27,16:27,Fri,121,True,P47 - P_Hoogvliet Centrum
2019-09-27,16:28,Fri,121,True,P47 - P_Hoogvliet Centrum
2019-09-27,16:29,Fri,122,True,P47 - P_Hoogvliet Centrum
2019-09-27,16:30,Fri,122,True,P47 - P_Hoogvliet Centrum
2019-09-27,16:31,Fri,122,True,P47 - P_Hoogvliet Centrum
2019-09-27,16:32,Fri,122,True,P47 - P_Hoogvliet Centrum
2019-09-27,16:33,Fri,122,True,P47 - P_Hoogvliet Centrum
2019-09-27,16:34,Fri,122,True,P47 - P_Hoogvliet Centrum
2019-09-27,16:35,Fri,122,True,P47 - P_Hoogvliet Centrum
2019-09-27,16:36,Fri,122,True,P47 - P_Hoogvliet Centrum
2019-09-27,16:37,Fri,122,True,P47 - P_Hoogvliet Centrum
2019-09-27,16:38,Fri,122,True,P47 - P_Hoogvliet Centrum
2019-09-27,16:39,Fri,122,True,P47 - P_Hoogvliet Centrum
2019-09-27,16:40,Fri,122,True,P47 - P_Hoogvliet Centrum
2019-09-27,16:41,Fri,122,True,P47 - P_Hoogvliet Centrum
2019-09-27,16:42,Fri,122,True,P47 - P_Hoogvliet Centrum
2019-09-27,16:43,Fri,122,True,P47 - P_Hoogvliet Centrum
2019-09-27,16:44,Fri,122,True,P47 - P_Hoogvliet Centrum
2019-09-27,16:45,Fri,122,True,P47 - P_Hoogvliet Centrum
2019-09-27,16:46,Fri,122,True,P47 - P_Hoogvliet Centrum
2019-09-27,16:47,Fri,122,True,P47 - P_Hoogvliet Centrum
2019-09-27,16:48,Fri,123,True,P47 - P_Hoogvliet Centrum
2019-09-27,16:49,Fri,123,True,P47 - P_Hoogvliet Centrum
2019-09-27,16:50,Fri,123,True,P47 - P_Hoogvliet Centrum
2019-09-27,16:51,Fri,123,True,P47 - P_Hoogvliet Centrum
2019-09-27,16:52,Fri,123,True,P47 - P_Hoogvliet Centrum
2019-09-27,16:53,Fri,124,True,P47 - P_Hoogvliet Centrum
2019-09-27,16:54,Fri,125,True,P47 - P_Hoogvliet Centrum
2019-09-27,16:55,Fri,125,True,P47 - P_Hoogvliet Centrum
2019-09-27,16:56,Fri,125,True,P47 - P_Hoogvliet Centrum
2019-09-27,16:57,Fri,125,True,P47 - P_Hoogvliet Centrum
2019-09-27,16:58,Fri,125,True,P47 - P_Hoogvliet Centrum
2019-09-27,16:59,Fri,125,True,P47 - P_Hoogvliet Centrum
2019-09-27,17:00,Fri,125,True,P47 - P_Hoogvliet Centrum
2019-09-27,17:01,Fri,126,True,P47 - P_Hoogvliet Centrum
2019-09-27,17:02,Fri,127,True,P47 - P_Hoogvliet Centrum
2019-09-27,17:03,Fri,127,True,P47 - P_Hoogvliet Centrum
2019-09-27,17:04,Fri,127,True,P47 - P_Hoogvliet Centrum
2019-09-27,17:05,Fri,127,True,P47 - P_Hoogvliet Centrum
2019-09-27,17:06,Fri,127,True,P47 - P_Hoogvliet Centrum
2019-09-27,17:07,Fri,127,True,P47 - P_Hoogvliet Centrum
2019-09-27,17:08,Fri,128,True,P47 - P_Hoogvliet Centrum
2019-09-27,17:09,Fri,127,True,P47 - P_Hoogvliet Centrum
2019-09-27,17:10,Fri,127,True,P47 - P_Hoogvliet Centrum
2019-09-27,17:11,Fri,130,True,P47 - P_Hoogvliet Centrum
2019-09-27,17:12,Fri,130,True,P47 - P_Hoogvliet Centrum
2019-09-27,17:13,Fri,130,True,P47 - P_Hoogvliet Centrum
2019-09-27,17:14,Fri,130,True,P47 - P_Hoogvliet Centrum
2019-09-27,17:15,Fri,129,True,P47 - P_Hoogvliet Centrum
2019-09-27,17:16,Fri,128,True,P47 - P_Hoogvliet Centrum
2019-09-27,17:17,Fri,128,True,P47 - P_Hoogvliet Centrum
2019-09-27,17:18,Fri,128,True,P47 - P_Hoogvliet Centrum
2019-09-27,17:19,Fri,128,True,P47 - P_Hoogvliet Centrum
2019-09-27,17:20,Fri,128,True,P47 - P_Hoogvliet Centrum
2019-09-27,17:21,Fri,127,True,P47 - P_Hoogvliet Centrum
2019-09-27,17:22,Fri,128,True,P47 - P_Hoogvliet Centrum
2019-09-27,17:23,Fri,128,True,P47 - P_Hoogvliet Centrum
2019-09-27,17:24,Fri,129,True,P47 - P_Hoogvliet Centrum
2019-09-27,17:25,Fri,128,True,P47 - P_Hoogvliet Centrum
2019-09-27,17:26,Fri,128,True,P47 - P_Hoogvliet Centrum
2019-09-27,17:27,Fri,127,True,P47 - P_Hoogvliet Centrum
2019-09-27,17:28,Fri,128,True,P47 - P_Hoogvliet Centrum
2019-09-27,17:29,Fri,128,True,P47 - P_Hoogvliet Centrum
2019-09-27,17:30,Fri,128,True,P47 - P_Hoogvliet Centrum
2019-09-27,17:31,Fri,128,True,P47 - P_Hoogvliet Centrum
2019-09-27,17:32,Fri,128,True,P47 - P_Hoogvliet Centrum
2019-09-27,17:33,Fri,128,True,P47 - P_Hoogvliet Centrum
2019-09-27,17:34,Fri,128,True,P47 - P_Hoogvliet Centrum
2019-09-27,17:35,Fri,128,True,P47 - P_Hoogvliet Centrum
2019-09-27,17:36,Fri,128,True,P47 - P_Hoogvliet Centrum
2019-09-27,17:37,Fri,128,True,P47 - P_Hoogvliet Centrum
2019-09-27,17:38,Fri,128,True,P47 - P_Hoogvliet Centrum
2019-09-27,17:39,Fri,127,True,P47 - P_Hoogvliet Centrum
2019-09-27,17:40,Fri,126,True,P47 - P_Hoogvliet Centrum
2019-09-27,17:41,Fri,126,True,P47 - P_Hoogvliet Centrum
2019-09-27,17:42,Fri,126,True,P47 - P_Hoogvliet Centrum
2019-09-27,17:43,Fri,126,True,P47 - P_Hoogvliet Centrum
2019-09-27,17:44,Fri,126,True,P47 - P_Hoogvliet Centrum
2019-09-27,17:45,Fri,126,True,P47 - P_Hoogvliet Centrum
2019-09-27,17:46,Fri,126,True,P47 - P_Hoogvliet Centrum
2019-09-27,17:47,Fri,125,True,P47 - P_Hoogvliet Centrum
2019-09-27,17:48,Fri,124,True,P47 - P_Hoogvliet Centrum
2019-09-27,17:49,Fri,124,True,P47 - P_Hoogvliet Centrum
2019-09-27,17:50,Fri,124,True,P47 - P_Hoogvliet Centrum
2019-09-27,17:51,Fri,123,True,P47 - P_Hoogvliet Centrum
2019-09-27,17:52,Fri,122,True,P47 - P_Hoogvliet Centrum
2019-09-27,17:53,Fri,121,True,P47 - P_Hoogvliet Centrum
2019-09-27,17:54,Fri,120,True,P47 - P_Hoogvliet Centrum
2019-09-27,17:55,Fri,120,True,P47 - P_Hoogvliet Centrum
2019-09-27,17:56,Fri,120,True,P47 - P_Hoogvliet Centrum
2019-09-27,17:57,Fri,120,True,P47 - P_Hoogvliet Centrum
2019-09-27,17:58,Fri,120,True,P47 - P_Hoogvliet Centrum
2019-09-27,17:59,Fri,120,True,P47 - P_Hoogvliet Centrum
2019-09-27,18:00,Fri,120,True,P47 - P_Hoogvliet Centrum
2019-09-27,18:01,Fri,119,True,P47 - P_Hoogvliet Centrum
2019-09-27,18:02,Fri,120,True,P47 - P_Hoogvliet Centrum
2019-09-27,18:03,Fri,120,True,P47 - P_Hoogvliet Centrum
2019-09-27,18:04,Fri,121,True,P47 - P_Hoogvliet Centrum
2019-09-27,18:05,Fri,122,True,P47 - P_Hoogvliet Centrum
2019-09-27,18:06,Fri,122,True,P47 - P_Hoogvliet Centrum
2019-09-27,18:07,Fri,122,True,P47 - P_Hoogvliet Centrum
2019-09-27,18:08,Fri,122,True,P47 - P_Hoogvliet Centrum
2019-09-27,18:09,Fri,122,True,P47 - P_Hoogvliet Centrum
2019-09-27,18:10,Fri,121,True,P47 - P_Hoogvliet Centrum
2019-09-27,18:11,Fri,122,True,P47 - P_Hoogvliet Centrum
2019-09-27,18:12,Fri,122,True,P47 - P_Hoogvliet Centrum
2019-09-27,18:13,Fri,122,True,P47 - P_Hoogvliet Centrum
2019-09-27,18:14,Fri,121,True,P47 - P_Hoogvliet Centrum
2019-09-27,18:15,Fri,120,True,P47 - P_Hoogvliet Centrum
2019-09-27,18:16,Fri,119,True,P47 - P_Hoogvliet Centrum
2019-09-27,18:17,Fri,119,True,P47 - P_Hoogvliet Centrum
2019-09-27,18:18,Fri,119,True,P47 - P_Hoogvliet Centrum
2019-09-27,18:19,Fri,120,True,P47 - P_Hoogvliet Centrum
2019-09-27,18:20,Fri,120,True,P47 - P_Hoogvliet Centrum
2019-09-27,18:21,Fri,120,True,P47 - P_Hoogvliet Centrum
2019-09-27,18:22,Fri,120,True,P47 - P_Hoogvliet Centrum
2019-09-27,18:23,Fri,120,True,P47 - P_Hoogvliet Centrum
2019-09-27,18:24,Fri,117,True,P47 - P_Hoogvliet Centrum
2019-09-27,18:25,Fri,117,True,P47 - P_Hoogvliet Centrum
2019-09-27,18:26,Fri,117,True,P47 - P_Hoogvliet Centrum
2019-09-27,18:27,Fri,118,True,P47 - P_Hoogvliet Centrum
2019-09-27,18:28,Fri,118,True,P47 - P_Hoogvliet Centrum
2019-09-27,18:29,Fri,117,True,P47 - P_Hoogvliet Centrum
2019-09-27,18:30,Fri,117,True,P47 - P_Hoogvliet Centrum
2019-09-27,18:31,Fri,117,True,P47 - P_Hoogvliet Centrum
2019-09-27,18:32,Fri,116,True,P47 - P_Hoogvliet Centrum
2019-09-27,18:33,Fri,116,True,P47 - P_Hoogvliet Centrum
2019-09-27,18:34,Fri,116,True,P47 - P_Hoogvliet Centrum
2019-09-27,18:35,Fri,116,True,P47 - P_Hoogvliet Centrum
2019-09-27,18:36,Fri,116,True,P47 - P_Hoogvliet Centrum
2019-09-27,18:37,Fri,116,True,P47 - P_Hoogvliet Centrum
2019-09-27,18:38,Fri,116,True,P47 - P_Hoogvliet Centrum
2019-09-27,18:39,Fri,115,True,P47 - P_Hoogvliet Centrum
2019-09-27,18:40,Fri,115,True,P47 - P_Hoogvliet Centrum
2019-09-27,18:41,Fri,115,True,P47 - P_Hoogvliet Centrum
2019-09-27,18:42,Fri,115,True,P47 - P_Hoogvliet Centrum
2019-09-27,18:43,Fri,115,True,P47 - P_Hoogvliet Centrum
2019-09-27,18:44,Fri,115,True,P47 - P_Hoogvliet Centrum
2019-09-27,18:45,Fri,115,True,P47 - P_Hoogvliet Centrum
2019-09-27,18:46,Fri,115,True,P47 - P_Hoogvliet Centrum
2019-09-27,18:47,Fri,114,True,P47 - P_Hoogvliet Centrum
2019-09-27,18:48,Fri,114,True,P47 - P_Hoogvliet Centrum
2019-09-27,18:49,Fri,114,True,P47 - P_Hoogvliet Centrum
2019-09-27,18:50,Fri,112,True,P47 - P_Hoogvliet Centrum
2019-09-27,18:51,Fri,112,True,P47 - P_Hoogvliet Centrum
2019-09-27,18:52,Fri,111,True,P47 - P_Hoogvliet Centrum
2019-09-27,18:53,Fri,111,True,P47 - P_Hoogvliet Centrum
2019-09-27,18:54,Fri,111,True,P47 - P_Hoogvliet Centrum
2019-09-27,18:55,Fri,111,True,P47 - P_Hoogvliet Centrum
2019-09-27,18:56,Fri,111,True,P47 - P_Hoogvliet Centrum
2019-09-27,18:57,Fri,111,True,P47 - P_Hoogvliet Centrum
2019-09-27,18:58,Fri,111,True,P47 - P_Hoogvliet Centrum
2019-09-27,18:59,Fri,111,True,P47 - P_Hoogvliet Centrum
2019-09-27,19:00,Fri,110,True,P47 - P_Hoogvliet Centrum
2019-09-27,19:01,Fri,109,True,P47 - P_Hoogvliet Centrum
2019-09-27,19:02,Fri,109,True,P47 - P_Hoogvliet Centrum
2019-09-27,19:03,Fri,109,True,P47 - P_Hoogvliet Centrum
2019-09-27,19:04,Fri,109,True,P47 - P_Hoogvliet Centrum
2019-09-27,19:05,Fri,108,True,P47 - P_Hoogvliet Centrum
2019-09-27,19:06,Fri,110,True,P47 - P_Hoogvliet Centrum
2019-09-27,19:07,Fri,109,True,P47 - P_Hoogvliet Centrum
2019-09-27,19:08,Fri,108,True,P47 - P_Hoogvliet Centrum
2019-09-27,19:09,Fri,108,True,P47 - P_Hoogvliet Centrum
2019-09-27,19:10,Fri,107,True,P47 - P_Hoogvliet Centrum
2019-09-27,19:11,Fri,107,True,P47 - P_Hoogvliet Centrum
2019-09-27,19:12,Fri,109,True,P47 - P_Hoogvliet Centrum
2019-09-27,19:13,Fri,109,True,P47 - P_Hoogvliet Centrum
2019-09-27,19:14,Fri,109,True,P47 - P_Hoogvliet Centrum
2019-09-27,19:15,Fri,109,True,P47 - P_Hoogvliet Centrum
2019-09-27,19:16,Fri,109,True,P47 - P_Hoogvliet Centrum
2019-09-27,19:17,Fri,109,True,P47 - P_Hoogvliet Centrum
2019-09-27,19:18,Fri,109,True,P47 - P_Hoogvliet Centrum
2019-09-27,19:19,Fri,109,True,P47 - P_Hoogvliet Centrum
2019-09-27,19:20,Fri,109,True,P47 - P_Hoogvliet Centrum
2019-09-27,19:21,Fri,109,True,P47 - P_Hoogvliet Centrum
2019-09-27,19:22,Fri,109,True,P47 - P_Hoogvliet Centrum
2019-09-27,19:23,Fri,110,True,P47 - P_Hoogvliet Centrum
2019-09-27,19:24,Fri,111,True,P47 - P_Hoogvliet Centrum
2019-09-27,19:25,Fri,111,True,P47 - P_Hoogvliet Centrum
2019-09-27,19:26,Fri,111,True,P47 - P_Hoogvliet Centrum
2019-09-27,19:27,Fri,111,True,P47 - P_Hoogvliet Centrum
2019-09-27,19:28,Fri,111,True,P47 - P_Hoogvliet Centrum
2019-09-27,19:29,Fri,111,True,P47 - P_Hoogvliet Centrum
2019-09-27,19:30,Fri,111,True,P47 - P_Hoogvliet Centrum
2019-09-27,19:31,Fri,111,True,P47 - P_Hoogvliet Centrum
2019-09-27,19:32,Fri,112,True,P47 - P_Hoogvliet Centrum
2019-09-27,19:33,Fri,112,True,P47 - P_Hoogvliet Centrum
2019-09-27,19:34,Fri,112,True,P47 - P_Hoogvliet Centrum
2019-09-27,19:35,Fri,113,True,P47 - P_Hoogvliet Centrum
2019-09-27,19:36,Fri,112,True,P47 - P_Hoogvliet Centrum
2019-09-27,19:37,Fri,112,True,P47 - P_Hoogvliet Centrum
2019-09-27,19:38,Fri,112,True,P47 - P_Hoogvliet Centrum
2019-09-27,19:39,Fri,112,True,P47 - P_Hoogvliet Centrum
2019-09-27,19:40,Fri,113,True,P47 - P_Hoogvliet Centrum
2019-09-27,19:41,Fri,112,True,P47 - P_Hoogvliet Centrum
2019-09-27,19:42,Fri,112,True,P47 - P_Hoogvliet Centrum
2019-09-27,19:43,Fri,112,True,P47 - P_Hoogvliet Centrum
2019-09-27,19:44,Fri,112,True,P47 - P_Hoogvliet Centrum
2019-09-27,19:45,Fri,112,True,P47 - P_Hoogvliet Centrum
2019-09-27,19:46,Fri,112,True,P47 - P_Hoogvliet Centrum
2019-09-27,19:47,Fri,112,True,P47 - P_Hoogvliet Centrum
2019-09-27,19:48,Fri,112,True,P47 - P_Hoogvliet Centrum
2019-09-27,19:49,Fri,112,True,P47 - P_Hoogvliet Centrum
2019-09-27,19:50,Fri,112,True,P47 - P_Hoogvliet Centrum
2019-09-27,19:51,Fri,112,True,P47 - P_Hoogvliet Centrum
2019-09-27,19:52,Fri,112,True,P47 - P_Hoogvliet Centrum
2019-09-27,19:53,Fri,113,True,P47 - P_Hoogvliet Centrum
2019-09-27,19:54,Fri,113,True,P47 - P_Hoogvliet Centrum
2019-09-27,19:55,Fri,113,True,P47 - P_Hoogvliet Centrum
2019-09-27,19:56,Fri,113,True,P47 - P_Hoogvliet Centrum
2019-09-27,19:57,Fri,113,True,P47 - P_Hoogvliet Centrum
2019-09-27,19:58,Fri,113,True,P47 - P_Hoogvliet Centrum
2019-09-27,19:59,Fri,113,True,P47 - P_Hoogvliet Centrum
2019-09-27,20:00,Fri,113,True,P47 - P_Hoogvliet Centrum
2019-09-27,20:01,Fri,113,True,P47 - P_Hoogvliet Centrum
2019-09-27,20:02,Fri,113,True,P47 - P_Hoogvliet Centrum
2019-09-27,20:03,Fri,113,True,P47 - P_Hoogvliet Centrum
2019-09-27,20:04,Fri,113,True,P47 - P_Hoogvliet Centrum
2019-09-27,20:05,Fri,113,True,P47 - P_Hoogvliet Centrum
2019-09-27,20:06,Fri,114,True,P47 - P_Hoogvliet Centrum
2019-09-27,20:07,Fri,115,True,P47 - P_Hoogvliet Centrum
2019-09-27,20:08,Fri,116,True,P47 - P_Hoogvliet Centrum
2019-09-27,20:09,Fri,116,True,P47 - P_Hoogvliet Centrum
2019-09-27,20:10,Fri,117,True,P47 - P_Hoogvliet Centrum
2019-09-27,20:11,Fri,118,True,P47 - P_Hoogvliet Centrum
2019-09-27,20:12,Fri,118,True,P47 - P_Hoogvliet Centrum
2019-09-27,20:13,Fri,118,True,P47 - P_Hoogvliet Centrum
2019-09-27,20:14,Fri,118,True,P47 - P_Hoogvliet Centrum
2019-09-27,20:15,Fri,118,True,P47 - P_Hoogvliet Centrum
2019-09-27,20:16,Fri,118,True,P47 - P_Hoogvliet Centrum
2019-09-27,20:17,Fri,118,True,P47 - P_Hoogvliet Centrum
2019-09-27,20:18,Fri,118,True,P47 - P_Hoogvliet Centrum
2019-09-27,20:19,Fri,118,True,P47 - P_Hoogvliet Centrum
2019-09-27,20:20,Fri,118,True,P47 - P_Hoogvliet Centrum
2019-09-27,20:21,Fri,118,True,P47 - P_Hoogvliet Centrum
2019-09-27,20:22,Fri,118,True,P47 - P_Hoogvliet Centrum
2019-09-27,20:23,Fri,119,True,P47 - P_Hoogvliet Centrum
2019-09-27,20:24,Fri,120,True,P47 - P_Hoogvliet Centrum
2019-09-27,20:25,Fri,120,True,P47 - P_Hoogvliet Centrum
2019-09-27,20:26,Fri,120,True,P47 - P_Hoogvliet Centrum
2019-09-27,20:27,Fri,120,True,P47 - P_Hoogvliet Centrum
2019-09-27,20:28,Fri,120,True,P47 - P_Hoogvliet Centrum
2019-09-27,20:29,Fri,120,True,P47 - P_Hoogvliet Centrum
2019-09-27,20:30,Fri,120,True,P47 - P_Hoogvliet Centrum
2019-09-27,20:31,Fri,120,True,P47 - P_Hoogvliet Centrum
2019-09-27,20:32,Fri,120,True,P47 - P_Hoogvliet Centrum
2019-09-27,20:33,Fri,120,True,P47 - P_Hoogvliet Centrum
2019-09-27,20:34,Fri,120,True,P47 - P_Hoogvliet Centrum
2019-09-27,20:35,Fri,120,True,P47 - P_Hoogvliet Centrum
2019-09-27,20:36,Fri,120,True,P47 - P_Hoogvliet Centrum
2019-09-27,20:37,Fri,120,True,P47 - P_Hoogvliet Centrum
2019-09-27,20:38,Fri,121,True,P47 - P_Hoogvliet Centrum
2019-09-27,20:39,Fri,122,True,P47 - P_Hoogvliet Centrum
2019-09-27,20:40,Fri,122,True,P47 - P_Hoogvliet Centrum
2019-09-27,20:41,Fri,122,True,P47 - P_Hoogvliet Centrum
2019-09-27,20:42,Fri,122,True,P47 - P_Hoogvliet Centrum
2019-09-27,20:43,Fri,122,True,P47 - P_Hoogvliet Centrum
2019-09-27,20:44,Fri,122,True,P47 - P_Hoogvliet Centrum
2019-09-27,20:45,Fri,122,True,P47 - P_Hoogvliet Centrum
2019-09-27,20:46,Fri,122,True,P47 - P_Hoogvliet Centrum
2019-09-27,20:47,Fri,122,True,P47 - P_Hoogvliet Centrum
2019-09-27,20:48,Fri,122,True,P47 - P_Hoogvliet Centrum
2019-09-27,20:49,Fri,122,True,P47 - P_Hoogvliet Centrum
2019-09-27,20:50,Fri,122,True,P47 - P_Hoogvliet Centrum
2019-09-27,20:51,Fri,122,True,P47 - P_Hoogvliet Centrum
2019-09-27,20:52,Fri,123,True,P47 - P_Hoogvliet Centrum
2019-09-27,20:53,Fri,123,True,P47 - P_Hoogvliet Centrum
2019-09-27,20:54,Fri,123,True,P47 - P_Hoogvliet Centrum
2019-09-27,20:55,Fri,124,True,P47 - P_Hoogvliet Centrum
2019-09-27,20:56,Fri,126,True,P47 - P_Hoogvliet Centrum
2019-09-27,20:57,Fri,126,True,P47 - P_Hoogvliet Centrum
2019-09-27,20:58,Fri,126,True,P47 - P_Hoogvliet Centrum
2019-09-27,20:59,Fri,127,True,P47 - P_Hoogvliet Centrum
2019-09-27,21:00,Fri,127,True,P47 - P_Hoogvliet Centrum
2019-09-27,21:01,Fri,128,True,P47 - P_Hoogvliet Centrum
2019-09-27,21:02,Fri,128,True,P47 - P_Hoogvliet Centrum
2019-09-27,21:03,Fri,129,True,P47 - P_Hoogvliet Centrum
2019-09-27,21:04,Fri,129,True,P47 - P_Hoogvliet Centrum
2019-09-27,21:05,Fri,129,True,P47 - P_Hoogvliet Centrum
2019-09-27,21:06,Fri,129,True,P47 - P_Hoogvliet Centrum
2019-09-27,21:07,Fri,129,True,P47 - P_Hoogvliet Centrum
2019-09-27,21:08,Fri,129,True,P47 - P_Hoogvliet Centrum
2019-09-27,21:09,Fri,129,True,P47 - P_Hoogvliet Centrum
2019-09-27,21:10,Fri,129,True,P47 - P_Hoogvliet Centrum
2019-09-27,21:11,Fri,130,True,P47 - P_Hoogvliet Centrum
2019-09-27,21:12,Fri,131,True,P47 - P_Hoogvliet Centrum
2019-09-27,21:13,Fri,132,True,P47 - P_Hoogvliet Centrum
2019-09-27,21:14,Fri,132,True,P47 - P_Hoogvliet Centrum
2019-09-27,21:15,Fri,132,True,P47 - P_Hoogvliet Centrum
2019-09-27,21:16,Fri,132,True,P47 - P_Hoogvliet Centrum
2019-09-27,21:17,Fri,132,True,P47 - P_Hoogvliet Centrum
2019-09-27,21:18,Fri,132,True,P47 - P_Hoogvliet Centrum
2019-09-27,21:19,Fri,134,True,P47 - P_Hoogvliet Centrum
2019-09-27,21:20,Fri,134,True,P47 - P_Hoogvliet Centrum
2019-09-27,21:21,Fri,134,True,P47 - P_Hoogvliet Centrum
2019-09-27,21:22,Fri,134,True,P47 - P_Hoogvliet Centrum
2019-09-27,21:23,Fri,134,True,P47 - P_Hoogvliet Centrum
2019-09-27,21:24,Fri,134,True,P47 - P_Hoogvliet Centrum
2019-09-27,21:25,Fri,134,True,P47 - P_Hoogvliet Centrum
2019-09-27,21:26,Fri,134,True,P47 - P_Hoogvliet Centrum
2019-09-27,21:27,Fri,134,True,P47 - P_Hoogvliet Centrum
2019-09-27,21:28,Fri,134,True,P47 - P_Hoogvliet Centrum
2019-09-27,21:29,Fri,134,True,P47 - P_Hoogvliet Centrum
2019-09-27,21:30,Fri,134,True,P47 - P_Hoogvliet Centrum
2019-09-27,21:31,Fri,134,False,P47 - P_Hoogvliet Centrum
2019-09-27,21:32,Fri,134,False,P47 - P_Hoogvliet Centrum
2019-09-27,21:33,Fri,134,False,P47 - P_Hoogvliet Centrum
2019-09-27,21:34,Fri,134,False,P47 - P_Hoogvliet Centrum
2019-09-27,21:35,Fri,134,False,P47 - P_Hoogvliet Centrum
2019-09-27,21:36,Fri,135,False,P47 - P_Hoogvliet Centrum
2019-09-27,21:37,Fri,135,False,P47 - P_Hoogvliet Centrum
2019-09-27,21:38,Fri,135,False,P47 - P_Hoogvliet Centrum
2019-09-27,21:39,Fri,135,False,P47 - P_Hoogvliet Centrum
2019-09-27,21:40,Fri,135,False,P47 - P_Hoogvliet Centrum
2019-09-27,21:41,Fri,135,False,P47 - P_Hoogvliet Centrum
2019-09-27,21:42,Fri,135,False,P47 - P_Hoogvliet Centrum
2019-09-27,21:43,Fri,135,False,P47 - P_Hoogvliet Centrum
2019-09-27,21:44,Fri,135,False,P47 - P_Hoogvliet Centrum
2019-09-27,21:45,Fri,135,False,P47 - P_Hoogvliet Centrum
2019-09-27,21:46,Fri,135,False,P47 - P_Hoogvliet Centrum
2019-09-27,21:47,Fri,135,False,P47 - P_Hoogvliet Centrum
2019-09-27,21:48,Fri,135,False,P47 - P_Hoogvliet Centrum
2019-09-27,21:49,Fri,135,False,P47 - P_Hoogvliet Centrum
2019-09-27,21:50,Fri,135,False,P47 - P_Hoogvliet Centrum
2019-09-27,21:51,Fri,135,False,P47 - P_Hoogvliet Centrum
2019-09-27,21:52,Fri,135,False,P47 - P_Hoogvliet Centrum
2019-09-27,21:53,Fri,135,False,P47 - P_Hoogvliet Centrum
2019-09-27,21:54,Fri,135,False,P47 - P_Hoogvliet Centrum
2019-09-27,21:55,Fri,135,False,P47 - P_Hoogvliet Centrum
2019-09-27,21:56,Fri,135,False,P47 - P_Hoogvliet Centrum
2019-09-27,21:57,Fri,135,False,P47 - P_Hoogvliet Centrum
2019-09-27,21:58,Fri,135,False,P47 - P_Hoogvliet Centrum
2019-09-27,21:59,Fri,135,False,P47 - P_Hoogvliet Centrum
2019-09-27,22:00,Fri,135,False,P47 - P_Hoogvliet Centrum
2019-09-27,22:01,Fri,136,False,P47 - P_Hoogvliet Centrum
2019-09-27,22:02,Fri,136,False,P47 - P_Hoogvliet Centrum
2019-09-27,22:03,Fri,136,False,P47 - P_Hoogvliet Centrum
2019-09-27,22:04,Fri,136,False,P47 - P_Hoogvliet Centrum
2019-09-27,22:05,Fri,136,False,P47 - P_Hoogvliet Centrum
2019-09-27,22:06,Fri,136,False,P47 - P_Hoogvliet Centrum
2019-09-27,22:07,Fri,136,False,P47 - P_Hoogvliet Centrum
2019-09-27,22:08,Fri,136,False,P47 - P_Hoogvliet Centrum
2019-09-27,22:09,Fri,136,False,P47 - P_Hoogvliet Centrum
2019-09-27,22:10,Fri,136,False,P47 - P_Hoogvliet Centrum
2019-09-27,22:11,Fri,136,False,P47 - P_Hoogvliet Centrum
2019-09-27,22:12,Fri,136,False,P47 - P_Hoogvliet Centrum
2019-09-27,22:13,Fri,136,False,P47 - P_Hoogvliet Centrum
2019-09-27,22:14,Fri,136,False,P47 - P_Hoogvliet Centrum
2019-09-27,22:15,Fri,136,False,P47 - P_Hoogvliet Centrum
2019-09-27,22:16,Fri,136,False,P47 - P_Hoogvliet Centrum
2019-09-27,22:17,Fri,136,False,P47 - P_Hoogvliet Centrum
2019-09-27,22:18,Fri,136,False,P47 - P_Hoogvliet Centrum
2019-09-27,22:19,Fri,136,False,P47 - P_Hoogvliet Centrum
2019-09-27,22:20,Fri,136,False,P47 - P_Hoogvliet Centrum
2019-09-27,22:21,Fri,136,False,P47 - P_Hoogvliet Centrum
2019-09-27,22:22,Fri,136,False,P47 - P_Hoogvliet Centrum
2019-09-27,22:23,Fri,136,False,P47 - P_Hoogvliet Centrum
2019-09-27,22:24,Fri,136,False,P47 - P_Hoogvliet Centrum
2019-09-27,22:25,Fri,136,False,P47 - P_Hoogvliet Centrum
2019-09-27,22:26,Fri,136,False,P47 - P_Hoogvliet Centrum
2019-09-27,22:27,Fri,136,False,P47 - P_Hoogvliet Centrum
2019-09-27,22:28,Fri,137,False,P47 - P_Hoogvliet Centrum
2019-09-27,22:29,Fri,137,False,P47 - P_Hoogvliet Centrum
2019-09-27,22:30,Fri,137,False,P47 - P_Hoogvliet Centrum
2019-09-27,22:31,Fri,137,False,P47 - P_Hoogvliet Centrum
2019-09-27,22:32,Fri,137,False,P47 - P_Hoogvliet Centrum
2019-09-27,22:33,Fri,137,False,P47 - P_Hoogvliet Centrum
2019-09-27,22:34,Fri,137,False,P47 - P_Hoogvliet Centrum
2019-09-27,22:35,Fri,139,False,P47 - P_Hoogvliet Centrum
2019-09-27,22:36,Fri,140,False,P47 - P_Hoogvliet Centrum
2019-09-27,22:37,Fri,141,False,P47 - P_Hoogvliet Centrum
2019-09-27,22:38,Fri,141,False,P47 - P_Hoogvliet Centrum
2019-09-27,22:39,Fri,141,False,P47 - P_Hoogvliet Centrum
2019-09-27,22:40,Fri,141,False,P47 - P_Hoogvliet Centrum
2019-09-27,22:41,Fri,141,False,P47 - P_Hoogvliet Centrum
2019-09-27,22:42,Fri,141,False,P47 - P_Hoogvliet Centrum
2019-09-27,22:43,Fri,141,False,P47 - P_Hoogvliet Centrum
2019-09-27,22:44,Fri,141,False,P47 - P_Hoogvliet Centrum
2019-09-27,22:45,Fri,142,False,P47 - P_Hoogvliet Centrum
2019-09-27,22:46,Fri,142,False,P47 - P_Hoogvliet Centrum
2019-09-27,22:47,Fri,142,False,P47 - P_Hoogvliet Centrum
2019-09-27,22:48,Fri,142,False,P47 - P_Hoogvliet Centrum
2019-09-27,22:49,Fri,142,False,P47 - P_Hoogvliet Centrum
2019-09-27,22:50,Fri,142,False,P47 - P_Hoogvliet Centrum
2019-09-27,22:51,Fri,143,False,P47 - P_Hoogvliet Centrum
2019-09-27,22:52,Fri,144,False,P47 - P_Hoogvliet Centrum
2019-09-27,22:53,Fri,144,False,P47 - P_Hoogvliet Centrum
2019-09-27,22:54,Fri,144,False,P47 - P_Hoogvliet Centrum
2019-09-27,22:55,Fri,144,False,P47 - P_Hoogvliet Centrum
2019-09-27,22:56,Fri,144,False,P47 - P_Hoogvliet Centrum
2019-09-27,22:57,Fri,144,False,P47 - P_Hoogvliet Centrum
2019-09-27,22:58,Fri,144,False,P47 - P_Hoogvliet Centrum
2019-09-27,22:59,Fri,144,False,P47 - P_Hoogvliet Centrum
2019-09-27,23:00,Fri,144,False,P47 - P_Hoogvliet Centrum
2019-09-27,23:01,Fri,144,False,P47 - P_Hoogvliet Centrum
2019-09-27,23:02,Fri,144,False,P47 - P_Hoogvliet Centrum
2019-09-27,23:03,Fri,144,False,P47 - P_Hoogvliet Centrum
2019-09-27,23:04,Fri,144,False,P47 - P_Hoogvliet Centrum
2019-09-27,23:05,Fri,144,False,P47 - P_Hoogvliet Centrum
2019-09-27,23:06,Fri,144,False,P47 - P_Hoogvliet Centrum
2019-09-27,23:07,Fri,144,False,P47 - P_Hoogvliet Centrum
2019-09-27,23:08,Fri,144,False,P47 - P_Hoogvliet Centrum
2019-09-27,23:09,Fri,144,False,P47 - P_Hoogvliet Centrum
2019-09-27,23:10,Fri,144,False,P47 - P_Hoogvliet Centrum
2019-09-27,23:11,Fri,144,False,P47 - P_Hoogvliet Centrum
2019-09-27,23:12,Fri,144,False,P47 - P_Hoogvliet Centrum
2019-09-27,23:13,Fri,144,False,P47 - P_Hoogvliet Centrum
2019-09-27,23:14,Fri,144,False,P47 - P_Hoogvliet Centrum
2019-09-27,23:15,Fri,144,False,P47 - P_Hoogvliet Centrum
2019-09-27,23:16,Fri,144,False,P47 - P_Hoogvliet Centrum
2019-09-27,23:17,Fri,144,False,P47 - P_Hoogvliet Centrum
2019-09-27,23:18,Fri,144,False,P47 - P_Hoogvliet Centrum
2019-09-27,23:19,Fri,144,False,P47 - P_Hoogvliet Centrum
2019-09-27,23:20,Fri,144,False,P47 - P_Hoogvliet Centrum
2019-09-27,23:21,Fri,144,False,P47 - P_Hoogvliet Centrum
2019-09-27,23:22,Fri,144,False,P47 - P_Hoogvliet Centrum
2019-09-27,23:23,Fri,144,False,P47 - P_Hoogvliet Centrum
2019-09-27,23:24,Fri,144,False,P47 - P_Hoogvliet Centrum
2019-09-27,23:25,Fri,144,False,P47 - P_Hoogvliet Centrum
2019-09-27,23:26,Fri,144,False,P47 - P_Hoogvliet Centrum
2019-09-27,23:27,Fri,144,False,P47 - P_Hoogvliet Centrum
2019-09-27,23:28,Fri,144,False,P47 - P_Hoogvliet Centrum
2019-09-27,23:29,Fri,144,False,P47 - P_Hoogvliet Centrum
2019-09-27,23:30,Fri,144,False,P47 - P_Hoogvliet Centrum
2019-09-27,23:31,Fri,144,False,P47 - P_Hoogvliet Centrum
2019-09-27,23:32,Fri,144,False,P47 - P_Hoogvliet Centrum
2019-09-27,23:33,Fri,144,False,P47 - P_Hoogvliet Centrum
2019-09-27,23:34,Fri,144,False,P47 - P_Hoogvliet Centrum
2019-09-27,23:35,Fri,144,False,P47 - P_Hoogvliet Centrum
2019-09-27,23:36,Fri,144,False,P47 - P_Hoogvliet Centrum
2019-09-27,23:37,Fri,144,False,P47 - P_Hoogvliet Centrum
2019-09-27,23:38,Fri,144,False,P47 - P_Hoogvliet Centrum
2019-09-27,23:39,Fri,144,False,P47 - P_Hoogvliet Centrum
2019-09-27,23:40,Fri,144,False,P47 - P_Hoogvliet Centrum
2019-09-27,23:41,Fri,144,False,P47 - P_Hoogvliet Centrum
2019-09-27,23:42,Fri,144,False,P47 - P_Hoogvliet Centrum
2019-09-27,23:43,Fri,144,False,P47 - P_Hoogvliet Centrum
2019-09-27,23:44,Fri,144,False,P47 - P_Hoogvliet Centrum
2019-09-27,23:45,Fri,144,False,P47 - P_Hoogvliet Centrum
2019-09-27,23:46,Fri,144,False,P47 - P_Hoogvliet Centrum
2019-09-27,23:47,Fri,144,False,P47 - P_Hoogvliet Centrum
2019-09-27,23:48,Fri,144,False,P47 - P_Hoogvliet Centrum
2019-09-27,23:49,Fri,144,False,P47 - P_Hoogvliet Centrum
2019-09-27,23:50,Fri,144,False,P47 - P_Hoogvliet Centrum
2019-09-27,23:51,Fri,144,False,P47 - P_Hoogvliet Centrum
2019-09-27,23:52,Fri,144,False,P47 - P_Hoogvliet Centrum
2019-09-27,23:53,Fri,144,False,P47 - P_Hoogvliet Centrum
2019-09-27,23:54,Fri,144,False,P47 - P_Hoogvliet Centrum
2019-09-27,23:55,Fri,144,False,P47 - P_Hoogvliet Centrum
2019-09-27,23:56,Fri,144,False,P47 - P_Hoogvliet Centrum
2019-09-27,23:57,Fri,144,False,P47 - P_Hoogvliet Centrum
2019-09-27,23:58,Fri,144,False,P47 - P_Hoogvliet Centrum
2019-09-27,23:59,Fri,144,False,P47 - P_Hoogvliet Centrum
