2020-05-23,00:00,Sat,103,True,P41 - P+R Capelsebrug,370
2020-05-23,00:01,Sat,103,True,P41 - P+R Capelsebrug,370
2020-05-23,00:02,Sat,103,True,P41 - P+R Capelsebrug,370
2020-05-23,00:03,Sat,103,True,P41 - P+R Capelsebrug,370
2020-05-23,00:04,Sat,103,True,P41 - P+R Capelsebrug,370
2020-05-23,00:05,Sat,103,True,P41 - P+R Capelsebrug,370
2020-05-23,00:06,Sat,103,True,P41 - P+R Capelsebrug,370
2020-05-23,00:07,Sat,103,True,P41 - P+R Capelsebrug,370
2020-05-23,00:08,Sat,103,True,P41 - P+R Capelsebrug,370
2020-05-23,00:09,Sat,103,True,P41 - P+R Capelsebrug,370
2020-05-23,00:10,Sat,103,True,P41 - P+R Capelsebrug,370
2020-05-23,00:11,Sat,103,True,P41 - P+R Capelsebrug,370
2020-05-23,00:12,Sat,103,True,P41 - P+R Capelsebrug,370
2020-05-23,00:13,Sat,103,True,P41 - P+R Capelsebrug,370
2020-05-23,00:14,Sat,103,True,P41 - P+R Capelsebrug,370
2020-05-23,00:15,Sat,103,True,P41 - P+R Capelsebrug,370
2020-05-23,00:16,Sat,103,True,P41 - P+R Capelsebrug,370
2020-05-23,00:17,Sat,103,True,P41 - P+R Capelsebrug,370
2020-05-23,00:18,Sat,103,True,P41 - P+R Capelsebrug,370
2020-05-23,00:19,Sat,103,True,P41 - P+R Capelsebrug,370
2020-05-23,00:20,Sat,103,True,P41 - P+R Capelsebrug,370
2020-05-23,00:21,Sat,103,True,P41 - P+R Capelsebrug,370
2020-05-23,00:22,Sat,103,True,P41 - P+R Capelsebrug,370
2020-05-23,00:23,Sat,103,True,P41 - P+R Capelsebrug,370
2020-05-23,00:24,Sat,103,True,P41 - P+R Capelsebrug,370
2020-05-23,00:25,Sat,103,True,P41 - P+R Capelsebrug,370
2020-05-23,00:26,Sat,103,True,P41 - P+R Capelsebrug,370
2020-05-23,00:27,Sat,103,True,P41 - P+R Capelsebrug,370
2020-05-23,00:28,Sat,103,True,P41 - P+R Capelsebrug,370
2020-05-23,00:29,Sat,103,True,P41 - P+R Capelsebrug,370
2020-05-23,00:30,Sat,103,True,P41 - P+R Capelsebrug,370
2020-05-23,00:31,Sat,103,True,P41 - P+R Capelsebrug,370
2020-05-23,00:32,Sat,103,True,P41 - P+R Capelsebrug,370
2020-05-23,00:33,Sat,103,True,P41 - P+R Capelsebrug,370
2020-05-23,00:34,Sat,103,True,P41 - P+R Capelsebrug,370
2020-05-23,00:35,Sat,103,True,P41 - P+R Capelsebrug,370
2020-05-23,00:36,Sat,103,True,P41 - P+R Capelsebrug,370
2020-05-23,00:37,Sat,103,True,P41 - P+R Capelsebrug,370
2020-05-23,00:38,Sat,103,True,P41 - P+R Capelsebrug,370
2020-05-23,00:39,Sat,103,True,P41 - P+R Capelsebrug,370
2020-05-23,00:40,Sat,103,True,P41 - P+R Capelsebrug,370
2020-05-23,00:41,Sat,103,True,P41 - P+R Capelsebrug,370
2020-05-23,00:42,Sat,103,True,P41 - P+R Capelsebrug,370
2020-05-23,00:43,Sat,103,True,P41 - P+R Capelsebrug,370
2020-05-23,00:44,Sat,103,True,P41 - P+R Capelsebrug,370
2020-05-23,00:45,Sat,103,True,P41 - P+R Capelsebrug,370
2020-05-23,00:46,Sat,103,True,P41 - P+R Capelsebrug,370
2020-05-23,00:47,Sat,103,True,P41 - P+R Capelsebrug,370
2020-05-23,00:48,Sat,103,True,P41 - P+R Capelsebrug,370
2020-05-23,00:49,Sat,103,True,P41 - P+R Capelsebrug,370
2020-05-23,00:50,Sat,103,True,P41 - P+R Capelsebrug,370
2020-05-23,00:51,Sat,103,True,P41 - P+R Capelsebrug,370
2020-05-23,00:52,Sat,103,True,P41 - P+R Capelsebrug,370
2020-05-23,00:53,Sat,103,True,P41 - P+R Capelsebrug,370
2020-05-23,00:54,Sat,103,True,P41 - P+R Capelsebrug,370
2020-05-23,00:55,Sat,103,True,P41 - P+R Capelsebrug,370
2020-05-23,00:56,Sat,103,True,P41 - P+R Capelsebrug,370
2020-05-23,00:57,Sat,103,True,P41 - P+R Capelsebrug,370
2020-05-23,00:58,Sat,103,True,P41 - P+R Capelsebrug,370
2020-05-23,00:59,Sat,103,True,P41 - P+R Capelsebrug,370
2020-05-23,01:00,Sat,103,True,P41 - P+R Capelsebrug,370
2020-05-23,01:01,Sat,103,True,P41 - P+R Capelsebrug,370
2020-05-23,01:02,Sat,103,True,P41 - P+R Capelsebrug,370
2020-05-23,01:03,Sat,103,True,P41 - P+R Capelsebrug,370
2020-05-23,01:04,Sat,103,True,P41 - P+R Capelsebrug,370
2020-05-23,01:05,Sat,103,True,P41 - P+R Capelsebrug,370
2020-05-23,01:06,Sat,103,True,P41 - P+R Capelsebrug,370
2020-05-23,01:07,Sat,103,True,P41 - P+R Capelsebrug,370
2020-05-23,01:08,Sat,103,True,P41 - P+R Capelsebrug,370
2020-05-23,01:09,Sat,103,True,P41 - P+R Capelsebrug,370
2020-05-23,01:10,Sat,103,True,P41 - P+R Capelsebrug,370
2020-05-23,01:11,Sat,103,True,P41 - P+R Capelsebrug,370
2020-05-23,01:12,Sat,103,True,P41 - P+R Capelsebrug,370
2020-05-23,01:13,Sat,103,True,P41 - P+R Capelsebrug,370
2020-05-23,01:14,Sat,103,True,P41 - P+R Capelsebrug,370
2020-05-23,01:15,Sat,103,True,P41 - P+R Capelsebrug,370
2020-05-23,01:16,Sat,103,True,P41 - P+R Capelsebrug,370
2020-05-23,01:17,Sat,103,True,P41 - P+R Capelsebrug,370
2020-05-23,01:18,Sat,103,True,P41 - P+R Capelsebrug,370
2020-05-23,01:19,Sat,103,True,P41 - P+R Capelsebrug,370
2020-05-23,01:20,Sat,103,True,P41 - P+R Capelsebrug,370
2020-05-23,01:21,Sat,103,True,P41 - P+R Capelsebrug,370
2020-05-23,01:22,Sat,103,True,P41 - P+R Capelsebrug,370
2020-05-23,01:23,Sat,103,True,P41 - P+R Capelsebrug,370
2020-05-23,01:24,Sat,103,True,P41 - P+R Capelsebrug,370
2020-05-23,01:25,Sat,103,True,P41 - P+R Capelsebrug,370
2020-05-23,01:26,Sat,103,True,P41 - P+R Capelsebrug,370
2020-05-23,01:27,Sat,103,True,P41 - P+R Capelsebrug,370
2020-05-23,01:28,Sat,103,True,P41 - P+R Capelsebrug,370
2020-05-23,01:29,Sat,103,True,P41 - P+R Capelsebrug,370
2020-05-23,01:30,Sat,103,True,P41 - P+R Capelsebrug,370
2020-05-23,01:31,Sat,103,True,P41 - P+R Capelsebrug,370
2020-05-23,01:32,Sat,103,True,P41 - P+R Capelsebrug,370
2020-05-23,01:33,Sat,103,True,P41 - P+R Capelsebrug,370
2020-05-23,01:34,Sat,103,True,P41 - P+R Capelsebrug,370
2020-05-23,01:35,Sat,103,True,P41 - P+R Capelsebrug,370
2020-05-23,01:36,Sat,103,True,P41 - P+R Capelsebrug,370
2020-05-23,01:37,Sat,103,True,P41 - P+R Capelsebrug,370
2020-05-23,01:38,Sat,103,True,P41 - P+R Capelsebrug,370
2020-05-23,01:39,Sat,103,True,P41 - P+R Capelsebrug,370
2020-05-23,01:40,Sat,103,True,P41 - P+R Capelsebrug,370
2020-05-23,01:41,Sat,103,True,P41 - P+R Capelsebrug,370
2020-05-23,01:42,Sat,103,True,P41 - P+R Capelsebrug,370
2020-05-23,01:43,Sat,103,True,P41 - P+R Capelsebrug,370
2020-05-23,01:44,Sat,103,True,P41 - P+R Capelsebrug,370
2020-05-23,01:45,Sat,103,True,P41 - P+R Capelsebrug,370
2020-05-23,01:46,Sat,103,True,P41 - P+R Capelsebrug,370
2020-05-23,01:47,Sat,103,True,P41 - P+R Capelsebrug,370
2020-05-23,01:48,Sat,103,True,P41 - P+R Capelsebrug,370
2020-05-23,01:49,Sat,103,True,P41 - P+R Capelsebrug,370
2020-05-23,01:50,Sat,103,True,P41 - P+R Capelsebrug,370
2020-05-23,01:51,Sat,103,True,P41 - P+R Capelsebrug,370
2020-05-23,01:52,Sat,103,True,P41 - P+R Capelsebrug,370
2020-05-23,01:53,Sat,103,True,P41 - P+R Capelsebrug,370
2020-05-23,01:54,Sat,103,True,P41 - P+R Capelsebrug,370
2020-05-23,01:55,Sat,103,True,P41 - P+R Capelsebrug,370
2020-05-23,01:56,Sat,103,True,P41 - P+R Capelsebrug,370
2020-05-23,01:57,Sat,103,True,P41 - P+R Capelsebrug,370
2020-05-23,01:58,Sat,103,True,P41 - P+R Capelsebrug,370
2020-05-23,01:59,Sat,103,True,P41 - P+R Capelsebrug,370
2020-05-23,02:00,Sat,103,True,P41 - P+R Capelsebrug,370
2020-05-23,02:01,Sat,103,True,P41 - P+R Capelsebrug,370
2020-05-23,02:02,Sat,103,True,P41 - P+R Capelsebrug,370
2020-05-23,02:03,Sat,103,True,P41 - P+R Capelsebrug,370
2020-05-23,02:04,Sat,103,True,P41 - P+R Capelsebrug,370
2020-05-23,02:05,Sat,103,True,P41 - P+R Capelsebrug,370
2020-05-23,02:06,Sat,103,True,P41 - P+R Capelsebrug,370
2020-05-23,02:07,Sat,103,True,P41 - P+R Capelsebrug,370
2020-05-23,02:08,Sat,103,True,P41 - P+R Capelsebrug,370
2020-05-23,02:09,Sat,103,True,P41 - P+R Capelsebrug,370
2020-05-23,02:10,Sat,103,True,P41 - P+R Capelsebrug,370
2020-05-23,02:11,Sat,103,True,P41 - P+R Capelsebrug,370
2020-05-23,02:12,Sat,103,True,P41 - P+R Capelsebrug,370
2020-05-23,02:13,Sat,103,True,P41 - P+R Capelsebrug,370
2020-05-23,02:14,Sat,103,True,P41 - P+R Capelsebrug,370
2020-05-23,02:15,Sat,103,True,P41 - P+R Capelsebrug,370
2020-05-23,02:16,Sat,103,True,P41 - P+R Capelsebrug,370
2020-05-23,02:17,Sat,103,True,P41 - P+R Capelsebrug,370
2020-05-23,02:18,Sat,103,True,P41 - P+R Capelsebrug,370
2020-05-23,02:19,Sat,103,True,P41 - P+R Capelsebrug,370
2020-05-23,02:20,Sat,103,True,P41 - P+R Capelsebrug,370
2020-05-23,02:21,Sat,103,True,P41 - P+R Capelsebrug,370
2020-05-23,02:22,Sat,103,True,P41 - P+R Capelsebrug,370
2020-05-23,02:23,Sat,103,True,P41 - P+R Capelsebrug,370
2020-05-23,02:24,Sat,103,True,P41 - P+R Capelsebrug,370
2020-05-23,02:25,Sat,103,True,P41 - P+R Capelsebrug,370
2020-05-23,02:26,Sat,103,True,P41 - P+R Capelsebrug,370
2020-05-23,02:27,Sat,103,True,P41 - P+R Capelsebrug,370
2020-05-23,02:28,Sat,103,True,P41 - P+R Capelsebrug,370
2020-05-23,02:29,Sat,103,True,P41 - P+R Capelsebrug,370
2020-05-23,02:30,Sat,103,True,P41 - P+R Capelsebrug,370
2020-05-23,02:31,Sat,103,True,P41 - P+R Capelsebrug,370
2020-05-23,02:32,Sat,103,True,P41 - P+R Capelsebrug,370
2020-05-23,02:33,Sat,103,True,P41 - P+R Capelsebrug,370
2020-05-23,02:34,Sat,103,True,P41 - P+R Capelsebrug,370
2020-05-23,02:35,Sat,103,True,P41 - P+R Capelsebrug,370
2020-05-23,02:36,Sat,103,True,P41 - P+R Capelsebrug,370
2020-05-23,02:37,Sat,103,True,P41 - P+R Capelsebrug,370
2020-05-23,02:38,Sat,103,True,P41 - P+R Capelsebrug,370
2020-05-23,02:39,Sat,103,True,P41 - P+R Capelsebrug,370
2020-05-23,02:40,Sat,103,True,P41 - P+R Capelsebrug,370
2020-05-23,02:41,Sat,103,True,P41 - P+R Capelsebrug,370
2020-05-23,02:42,Sat,103,True,P41 - P+R Capelsebrug,370
2020-05-23,02:43,Sat,103,True,P41 - P+R Capelsebrug,370
2020-05-23,02:44,Sat,103,True,P41 - P+R Capelsebrug,370
2020-05-23,02:45,Sat,103,True,P41 - P+R Capelsebrug,370
2020-05-23,02:46,Sat,103,True,P41 - P+R Capelsebrug,370
2020-05-23,02:47,Sat,103,True,P41 - P+R Capelsebrug,370
2020-05-23,02:48,Sat,103,True,P41 - P+R Capelsebrug,370
2020-05-23,02:49,Sat,103,True,P41 - P+R Capelsebrug,370
2020-05-23,02:50,Sat,103,True,P41 - P+R Capelsebrug,370
2020-05-23,02:51,Sat,103,True,P41 - P+R Capelsebrug,370
2020-05-23,02:52,Sat,103,True,P41 - P+R Capelsebrug,370
2020-05-23,02:53,Sat,103,True,P41 - P+R Capelsebrug,370
2020-05-23,02:54,Sat,103,True,P41 - P+R Capelsebrug,370
2020-05-23,02:55,Sat,103,True,P41 - P+R Capelsebrug,370
2020-05-23,02:56,Sat,103,True,P41 - P+R Capelsebrug,370
2020-05-23,02:57,Sat,103,True,P41 - P+R Capelsebrug,370
2020-05-23,02:58,Sat,103,True,P41 - P+R Capelsebrug,370
2020-05-23,02:59,Sat,103,True,P41 - P+R Capelsebrug,370
2020-05-23,03:00,Sat,103,True,P41 - P+R Capelsebrug,370
2020-05-23,03:01,Sat,103,True,P41 - P+R Capelsebrug,370
2020-05-23,03:02,Sat,103,True,P41 - P+R Capelsebrug,370
2020-05-23,03:03,Sat,103,True,P41 - P+R Capelsebrug,370
2020-05-23,03:04,Sat,103,True,P41 - P+R Capelsebrug,370
2020-05-23,03:05,Sat,103,True,P41 - P+R Capelsebrug,370
2020-05-23,03:06,Sat,103,True,P41 - P+R Capelsebrug,370
2020-05-23,03:07,Sat,103,True,P41 - P+R Capelsebrug,370
2020-05-23,03:08,Sat,103,True,P41 - P+R Capelsebrug,370
2020-05-23,03:09,Sat,103,True,P41 - P+R Capelsebrug,370
2020-05-23,03:10,Sat,103,True,P41 - P+R Capelsebrug,370
2020-05-23,03:11,Sat,103,True,P41 - P+R Capelsebrug,370
2020-05-23,03:12,Sat,103,True,P41 - P+R Capelsebrug,370
2020-05-23,03:13,Sat,103,True,P41 - P+R Capelsebrug,370
2020-05-23,03:14,Sat,103,True,P41 - P+R Capelsebrug,370
2020-05-23,03:15,Sat,103,True,P41 - P+R Capelsebrug,370
2020-05-23,03:16,Sat,103,True,P41 - P+R Capelsebrug,370
2020-05-23,03:17,Sat,103,True,P41 - P+R Capelsebrug,370
2020-05-23,03:18,Sat,103,True,P41 - P+R Capelsebrug,370
2020-05-23,03:19,Sat,103,True,P41 - P+R Capelsebrug,370
2020-05-23,03:20,Sat,103,True,P41 - P+R Capelsebrug,370
2020-05-23,03:21,Sat,103,True,P41 - P+R Capelsebrug,370
2020-05-23,03:22,Sat,103,True,P41 - P+R Capelsebrug,370
2020-05-23,03:23,Sat,103,True,P41 - P+R Capelsebrug,370
2020-05-23,03:24,Sat,103,True,P41 - P+R Capelsebrug,370
2020-05-23,03:25,Sat,103,True,P41 - P+R Capelsebrug,370
2020-05-23,03:26,Sat,103,True,P41 - P+R Capelsebrug,370
2020-05-23,03:27,Sat,103,True,P41 - P+R Capelsebrug,370
2020-05-23,03:28,Sat,103,True,P41 - P+R Capelsebrug,370
2020-05-23,03:29,Sat,103,True,P41 - P+R Capelsebrug,370
2020-05-23,03:30,Sat,103,True,P41 - P+R Capelsebrug,370
2020-05-23,03:31,Sat,103,True,P41 - P+R Capelsebrug,370
2020-05-23,03:32,Sat,103,True,P41 - P+R Capelsebrug,370
2020-05-23,03:33,Sat,103,True,P41 - P+R Capelsebrug,370
2020-05-23,03:34,Sat,103,True,P41 - P+R Capelsebrug,370
2020-05-23,03:35,Sat,103,True,P41 - P+R Capelsebrug,370
2020-05-23,03:36,Sat,103,True,P41 - P+R Capelsebrug,370
2020-05-23,03:37,Sat,103,True,P41 - P+R Capelsebrug,370
2020-05-23,03:38,Sat,103,True,P41 - P+R Capelsebrug,370
2020-05-23,03:39,Sat,103,True,P41 - P+R Capelsebrug,370
2020-05-23,03:40,Sat,103,True,P41 - P+R Capelsebrug,370
2020-05-23,03:41,Sat,103,True,P41 - P+R Capelsebrug,370
2020-05-23,03:42,Sat,103,True,P41 - P+R Capelsebrug,370
2020-05-23,03:43,Sat,103,True,P41 - P+R Capelsebrug,370
2020-05-23,03:44,Sat,103,True,P41 - P+R Capelsebrug,370
2020-05-23,03:45,Sat,103,True,P41 - P+R Capelsebrug,370
2020-05-23,03:46,Sat,103,True,P41 - P+R Capelsebrug,370
2020-05-23,03:47,Sat,103,True,P41 - P+R Capelsebrug,370
2020-05-23,03:48,Sat,103,True,P41 - P+R Capelsebrug,370
2020-05-23,03:49,Sat,103,True,P41 - P+R Capelsebrug,370
2020-05-23,03:50,Sat,103,True,P41 - P+R Capelsebrug,370
2020-05-23,03:51,Sat,103,True,P41 - P+R Capelsebrug,370
2020-05-23,03:52,Sat,103,True,P41 - P+R Capelsebrug,370
2020-05-23,03:53,Sat,103,True,P41 - P+R Capelsebrug,370
2020-05-23,03:54,Sat,103,True,P41 - P+R Capelsebrug,370
2020-05-23,03:55,Sat,103,True,P41 - P+R Capelsebrug,370
2020-05-23,03:56,Sat,103,True,P41 - P+R Capelsebrug,370
2020-05-23,03:57,Sat,103,True,P41 - P+R Capelsebrug,370
2020-05-23,03:58,Sat,103,True,P41 - P+R Capelsebrug,370
2020-05-23,03:59,Sat,103,True,P41 - P+R Capelsebrug,370
2020-05-23,04:00,Sat,103,True,P41 - P+R Capelsebrug,370
2020-05-23,04:01,Sat,103,True,P41 - P+R Capelsebrug,370
2020-05-23,04:02,Sat,103,True,P41 - P+R Capelsebrug,370
2020-05-23,04:03,Sat,103,True,P41 - P+R Capelsebrug,370
2020-05-23,04:04,Sat,103,True,P41 - P+R Capelsebrug,370
2020-05-23,04:05,Sat,103,True,P41 - P+R Capelsebrug,370
2020-05-23,04:06,Sat,103,True,P41 - P+R Capelsebrug,370
2020-05-23,04:07,Sat,103,True,P41 - P+R Capelsebrug,370
2020-05-23,04:08,Sat,103,True,P41 - P+R Capelsebrug,370
2020-05-23,04:09,Sat,103,True,P41 - P+R Capelsebrug,370
2020-05-23,04:10,Sat,103,True,P41 - P+R Capelsebrug,370
2020-05-23,04:11,Sat,103,True,P41 - P+R Capelsebrug,370
2020-05-23,04:12,Sat,103,True,P41 - P+R Capelsebrug,370
2020-05-23,04:13,Sat,103,True,P41 - P+R Capelsebrug,370
2020-05-23,04:14,Sat,103,True,P41 - P+R Capelsebrug,370
2020-05-23,04:15,Sat,103,True,P41 - P+R Capelsebrug,370
2020-05-23,04:16,Sat,103,True,P41 - P+R Capelsebrug,370
2020-05-23,04:17,Sat,103,True,P41 - P+R Capelsebrug,370
2020-05-23,04:18,Sat,103,True,P41 - P+R Capelsebrug,370
2020-05-23,04:19,Sat,103,True,P41 - P+R Capelsebrug,370
2020-05-23,04:20,Sat,103,True,P41 - P+R Capelsebrug,370
2020-05-23,04:21,Sat,103,True,P41 - P+R Capelsebrug,370
2020-05-23,04:22,Sat,103,True,P41 - P+R Capelsebrug,370
2020-05-23,04:23,Sat,103,True,P41 - P+R Capelsebrug,370
2020-05-23,04:24,Sat,103,True,P41 - P+R Capelsebrug,370
2020-05-23,04:25,Sat,103,True,P41 - P+R Capelsebrug,370
2020-05-23,04:26,Sat,103,True,P41 - P+R Capelsebrug,370
2020-05-23,04:27,Sat,103,True,P41 - P+R Capelsebrug,370
2020-05-23,04:28,Sat,103,True,P41 - P+R Capelsebrug,370
2020-05-23,04:29,Sat,103,True,P41 - P+R Capelsebrug,370
2020-05-23,04:30,Sat,103,True,P41 - P+R Capelsebrug,370
2020-05-23,04:31,Sat,103,True,P41 - P+R Capelsebrug,370
2020-05-23,04:32,Sat,103,True,P41 - P+R Capelsebrug,370
2020-05-23,04:33,Sat,103,True,P41 - P+R Capelsebrug,370
2020-05-23,04:34,Sat,103,True,P41 - P+R Capelsebrug,370
2020-05-23,04:35,Sat,103,True,P41 - P+R Capelsebrug,370
2020-05-23,04:36,Sat,103,True,P41 - P+R Capelsebrug,370
2020-05-23,04:37,Sat,103,True,P41 - P+R Capelsebrug,370
2020-05-23,04:38,Sat,103,True,P41 - P+R Capelsebrug,370
2020-05-23,04:39,Sat,103,True,P41 - P+R Capelsebrug,370
2020-05-23,04:40,Sat,103,True,P41 - P+R Capelsebrug,370
2020-05-23,04:41,Sat,103,True,P41 - P+R Capelsebrug,370
2020-05-23,04:42,Sat,103,True,P41 - P+R Capelsebrug,370
2020-05-23,04:43,Sat,103,True,P41 - P+R Capelsebrug,370
2020-05-23,04:44,Sat,103,True,P41 - P+R Capelsebrug,370
2020-05-23,04:45,Sat,103,True,P41 - P+R Capelsebrug,370
2020-05-23,04:46,Sat,103,True,P41 - P+R Capelsebrug,370
2020-05-23,04:47,Sat,103,True,P41 - P+R Capelsebrug,370
2020-05-23,04:48,Sat,103,True,P41 - P+R Capelsebrug,370
2020-05-23,04:49,Sat,103,True,P41 - P+R Capelsebrug,370
2020-05-23,04:50,Sat,103,True,P41 - P+R Capelsebrug,370
2020-05-23,04:51,Sat,103,True,P41 - P+R Capelsebrug,370
2020-05-23,04:52,Sat,103,True,P41 - P+R Capelsebrug,370
2020-05-23,04:53,Sat,103,True,P41 - P+R Capelsebrug,370
2020-05-23,04:54,Sat,103,True,P41 - P+R Capelsebrug,370
2020-05-23,04:55,Sat,103,True,P41 - P+R Capelsebrug,370
2020-05-23,04:56,Sat,103,True,P41 - P+R Capelsebrug,370
2020-05-23,04:57,Sat,103,True,P41 - P+R Capelsebrug,370
2020-05-23,04:58,Sat,103,True,P41 - P+R Capelsebrug,370
2020-05-23,04:59,Sat,103,True,P41 - P+R Capelsebrug,370
2020-05-23,05:00,Sat,103,True,P41 - P+R Capelsebrug,370
2020-05-23,05:01,Sat,103,True,P41 - P+R Capelsebrug,370
2020-05-23,05:02,Sat,103,True,P41 - P+R Capelsebrug,370
2020-05-23,05:03,Sat,103,True,P41 - P+R Capelsebrug,370
2020-05-23,05:04,Sat,103,True,P41 - P+R Capelsebrug,370
2020-05-23,05:05,Sat,103,True,P41 - P+R Capelsebrug,370
2020-05-23,05:06,Sat,103,True,P41 - P+R Capelsebrug,370
2020-05-23,05:07,Sat,103,True,P41 - P+R Capelsebrug,370
2020-05-23,05:08,Sat,103,True,P41 - P+R Capelsebrug,370
2020-05-23,05:09,Sat,103,True,P41 - P+R Capelsebrug,370
2020-05-23,05:10,Sat,103,True,P41 - P+R Capelsebrug,370
2020-05-23,05:11,Sat,103,True,P41 - P+R Capelsebrug,370
2020-05-23,05:12,Sat,103,True,P41 - P+R Capelsebrug,370
2020-05-23,05:13,Sat,103,True,P41 - P+R Capelsebrug,370
2020-05-23,05:14,Sat,103,True,P41 - P+R Capelsebrug,370
2020-05-23,05:15,Sat,103,True,P41 - P+R Capelsebrug,370
2020-05-23,05:16,Sat,103,True,P41 - P+R Capelsebrug,370
2020-05-23,05:17,Sat,103,True,P41 - P+R Capelsebrug,370
2020-05-23,05:18,Sat,103,True,P41 - P+R Capelsebrug,370
2020-05-23,05:19,Sat,103,True,P41 - P+R Capelsebrug,370
2020-05-23,05:20,Sat,103,True,P41 - P+R Capelsebrug,370
2020-05-23,05:21,Sat,103,True,P41 - P+R Capelsebrug,370
2020-05-23,05:22,Sat,103,True,P41 - P+R Capelsebrug,370
2020-05-23,05:23,Sat,103,True,P41 - P+R Capelsebrug,370
2020-05-23,05:24,Sat,103,True,P41 - P+R Capelsebrug,370
2020-05-23,05:25,Sat,103,True,P41 - P+R Capelsebrug,370
2020-05-23,05:26,Sat,103,True,P41 - P+R Capelsebrug,370
2020-05-23,05:27,Sat,103,True,P41 - P+R Capelsebrug,370
2020-05-23,05:28,Sat,103,True,P41 - P+R Capelsebrug,370
2020-05-23,05:29,Sat,103,True,P41 - P+R Capelsebrug,370
2020-05-23,05:30,Sat,103,True,P41 - P+R Capelsebrug,370
2020-05-23,05:31,Sat,103,True,P41 - P+R Capelsebrug,370
2020-05-23,05:32,Sat,103,True,P41 - P+R Capelsebrug,370
2020-05-23,05:33,Sat,103,True,P41 - P+R Capelsebrug,370
2020-05-23,05:34,Sat,103,True,P41 - P+R Capelsebrug,370
2020-05-23,05:35,Sat,103,True,P41 - P+R Capelsebrug,370
2020-05-23,05:36,Sat,103,True,P41 - P+R Capelsebrug,370
2020-05-23,05:37,Sat,103,True,P41 - P+R Capelsebrug,370
2020-05-23,05:38,Sat,103,True,P41 - P+R Capelsebrug,370
2020-05-23,05:39,Sat,103,True,P41 - P+R Capelsebrug,370
2020-05-23,05:40,Sat,103,True,P41 - P+R Capelsebrug,370
2020-05-23,05:41,Sat,103,True,P41 - P+R Capelsebrug,370
2020-05-23,05:42,Sat,103,True,P41 - P+R Capelsebrug,370
2020-05-23,05:43,Sat,103,True,P41 - P+R Capelsebrug,370
2020-05-23,05:44,Sat,103,True,P41 - P+R Capelsebrug,370
2020-05-23,05:45,Sat,103,True,P41 - P+R Capelsebrug,370
2020-05-23,05:46,Sat,103,True,P41 - P+R Capelsebrug,370
2020-05-23,05:47,Sat,103,True,P41 - P+R Capelsebrug,370
2020-05-23,05:48,Sat,103,True,P41 - P+R Capelsebrug,370
2020-05-23,05:49,Sat,103,True,P41 - P+R Capelsebrug,370
2020-05-23,05:50,Sat,103,True,P41 - P+R Capelsebrug,370
2020-05-23,05:51,Sat,103,True,P41 - P+R Capelsebrug,370
2020-05-23,05:52,Sat,103,True,P41 - P+R Capelsebrug,370
2020-05-23,05:53,Sat,103,True,P41 - P+R Capelsebrug,370
2020-05-23,05:54,Sat,103,True,P41 - P+R Capelsebrug,370
2020-05-23,05:55,Sat,103,True,P41 - P+R Capelsebrug,370
2020-05-23,05:56,Sat,103,True,P41 - P+R Capelsebrug,370
2020-05-23,05:57,Sat,103,True,P41 - P+R Capelsebrug,370
2020-05-23,05:58,Sat,103,True,P41 - P+R Capelsebrug,370
2020-05-23,05:59,Sat,103,True,P41 - P+R Capelsebrug,370
2020-05-23,06:00,Sat,103,True,P41 - P+R Capelsebrug,370
2020-05-23,06:01,Sat,103,True,P41 - P+R Capelsebrug,370
2020-05-23,06:02,Sat,103,True,P41 - P+R Capelsebrug,370
2020-05-23,06:03,Sat,103,True,P41 - P+R Capelsebrug,370
2020-05-23,06:04,Sat,103,True,P41 - P+R Capelsebrug,370
2020-05-23,06:05,Sat,103,True,P41 - P+R Capelsebrug,370
2020-05-23,06:06,Sat,103,True,P41 - P+R Capelsebrug,370
2020-05-23,06:07,Sat,103,True,P41 - P+R Capelsebrug,370
2020-05-23,06:08,Sat,103,True,P41 - P+R Capelsebrug,370
2020-05-23,06:09,Sat,103,True,P41 - P+R Capelsebrug,370
2020-05-23,06:10,Sat,103,True,P41 - P+R Capelsebrug,370
2020-05-23,06:11,Sat,103,True,P41 - P+R Capelsebrug,370
2020-05-23,06:12,Sat,103,True,P41 - P+R Capelsebrug,370
2020-05-23,06:13,Sat,103,True,P41 - P+R Capelsebrug,370
2020-05-23,06:14,Sat,103,True,P41 - P+R Capelsebrug,370
2020-05-23,06:15,Sat,103,True,P41 - P+R Capelsebrug,370
2020-05-23,06:16,Sat,103,True,P41 - P+R Capelsebrug,370
2020-05-23,06:17,Sat,103,True,P41 - P+R Capelsebrug,370
2020-05-23,06:18,Sat,103,True,P41 - P+R Capelsebrug,370
2020-05-23,06:19,Sat,103,True,P41 - P+R Capelsebrug,370
2020-05-23,06:20,Sat,103,True,P41 - P+R Capelsebrug,370
2020-05-23,06:21,Sat,103,True,P41 - P+R Capelsebrug,370
2020-05-23,06:22,Sat,103,True,P41 - P+R Capelsebrug,370
2020-05-23,06:23,Sat,103,True,P41 - P+R Capelsebrug,370
2020-05-23,06:24,Sat,103,True,P41 - P+R Capelsebrug,370
2020-05-23,06:25,Sat,103,True,P41 - P+R Capelsebrug,370
2020-05-23,06:26,Sat,103,True,P41 - P+R Capelsebrug,370
2020-05-23,06:27,Sat,103,True,P41 - P+R Capelsebrug,370
2020-05-23,06:28,Sat,103,True,P41 - P+R Capelsebrug,370
2020-05-23,06:29,Sat,103,True,P41 - P+R Capelsebrug,370
2020-05-23,06:30,Sat,103,True,P41 - P+R Capelsebrug,370
2020-05-23,06:31,Sat,103,True,P41 - P+R Capelsebrug,370
2020-05-23,06:32,Sat,103,True,P41 - P+R Capelsebrug,370
2020-05-23,06:33,Sat,103,True,P41 - P+R Capelsebrug,370
2020-05-23,06:34,Sat,103,True,P41 - P+R Capelsebrug,370
2020-05-23,06:35,Sat,103,True,P41 - P+R Capelsebrug,370
2020-05-23,06:36,Sat,103,True,P41 - P+R Capelsebrug,370
2020-05-23,06:37,Sat,103,True,P41 - P+R Capelsebrug,370
2020-05-23,06:38,Sat,103,True,P41 - P+R Capelsebrug,370
2020-05-23,06:39,Sat,103,True,P41 - P+R Capelsebrug,370
2020-05-23,06:40,Sat,103,True,P41 - P+R Capelsebrug,370
2020-05-23,06:41,Sat,103,True,P41 - P+R Capelsebrug,370
2020-05-23,06:42,Sat,103,True,P41 - P+R Capelsebrug,370
2020-05-23,06:43,Sat,103,True,P41 - P+R Capelsebrug,370
2020-05-23,06:44,Sat,103,True,P41 - P+R Capelsebrug,370
2020-05-23,06:45,Sat,103,True,P41 - P+R Capelsebrug,370
2020-05-23,06:46,Sat,103,True,P41 - P+R Capelsebrug,370
2020-05-23,06:47,Sat,103,True,P41 - P+R Capelsebrug,370
2020-05-23,06:48,Sat,103,True,P41 - P+R Capelsebrug,370
2020-05-23,06:49,Sat,103,True,P41 - P+R Capelsebrug,370
2020-05-23,06:50,Sat,103,True,P41 - P+R Capelsebrug,370
2020-05-23,06:51,Sat,103,True,P41 - P+R Capelsebrug,370
2020-05-23,06:52,Sat,103,True,P41 - P+R Capelsebrug,370
2020-05-23,06:53,Sat,103,True,P41 - P+R Capelsebrug,370
2020-05-23,06:54,Sat,103,True,P41 - P+R Capelsebrug,370
2020-05-23,06:55,Sat,103,True,P41 - P+R Capelsebrug,370
2020-05-23,06:56,Sat,103,True,P41 - P+R Capelsebrug,370
2020-05-23,06:57,Sat,103,True,P41 - P+R Capelsebrug,370
2020-05-23,06:58,Sat,103,True,P41 - P+R Capelsebrug,370
2020-05-23,06:59,Sat,103,True,P41 - P+R Capelsebrug,370
2020-05-23,07:00,Sat,103,True,P41 - P+R Capelsebrug,370
2020-05-23,07:01,Sat,103,True,P41 - P+R Capelsebrug,370
2020-05-23,07:02,Sat,103,True,P41 - P+R Capelsebrug,370
2020-05-23,07:03,Sat,103,True,P41 - P+R Capelsebrug,370
2020-05-23,07:04,Sat,103,True,P41 - P+R Capelsebrug,370
2020-05-23,07:05,Sat,103,True,P41 - P+R Capelsebrug,370
2020-05-23,07:06,Sat,103,True,P41 - P+R Capelsebrug,370
2020-05-23,07:07,Sat,103,True,P41 - P+R Capelsebrug,370
2020-05-23,07:08,Sat,103,True,P41 - P+R Capelsebrug,370
2020-05-23,07:09,Sat,103,True,P41 - P+R Capelsebrug,370
2020-05-23,07:10,Sat,103,True,P41 - P+R Capelsebrug,370
2020-05-23,07:11,Sat,103,True,P41 - P+R Capelsebrug,370
2020-05-23,07:12,Sat,103,True,P41 - P+R Capelsebrug,370
2020-05-23,07:13,Sat,103,True,P41 - P+R Capelsebrug,370
2020-05-23,07:14,Sat,103,True,P41 - P+R Capelsebrug,370
2020-05-23,07:15,Sat,103,True,P41 - P+R Capelsebrug,370
2020-05-23,07:16,Sat,103,True,P41 - P+R Capelsebrug,370
2020-05-23,07:17,Sat,103,True,P41 - P+R Capelsebrug,370
2020-05-23,07:18,Sat,103,True,P41 - P+R Capelsebrug,370
2020-05-23,07:19,Sat,103,True,P41 - P+R Capelsebrug,370
2020-05-23,07:20,Sat,103,True,P41 - P+R Capelsebrug,370
2020-05-23,07:21,Sat,103,True,P41 - P+R Capelsebrug,370
2020-05-23,07:22,Sat,103,True,P41 - P+R Capelsebrug,370
2020-05-23,07:23,Sat,103,True,P41 - P+R Capelsebrug,370
2020-05-23,07:24,Sat,103,True,P41 - P+R Capelsebrug,370
2020-05-23,07:25,Sat,103,True,P41 - P+R Capelsebrug,370
2020-05-23,07:26,Sat,103,True,P41 - P+R Capelsebrug,370
2020-05-23,07:27,Sat,103,True,P41 - P+R Capelsebrug,370
2020-05-23,07:28,Sat,103,True,P41 - P+R Capelsebrug,370
2020-05-23,07:29,Sat,103,True,P41 - P+R Capelsebrug,370
2020-05-23,07:30,Sat,103,True,P41 - P+R Capelsebrug,370
2020-05-23,07:31,Sat,103,True,P41 - P+R Capelsebrug,370
2020-05-23,07:32,Sat,103,True,P41 - P+R Capelsebrug,370
2020-05-23,07:33,Sat,103,True,P41 - P+R Capelsebrug,370
2020-05-23,07:34,Sat,103,True,P41 - P+R Capelsebrug,370
2020-05-23,07:35,Sat,103,True,P41 - P+R Capelsebrug,370
2020-05-23,07:36,Sat,103,True,P41 - P+R Capelsebrug,370
2020-05-23,07:37,Sat,103,True,P41 - P+R Capelsebrug,370
2020-05-23,07:38,Sat,103,True,P41 - P+R Capelsebrug,370
2020-05-23,07:39,Sat,103,True,P41 - P+R Capelsebrug,370
2020-05-23,07:40,Sat,103,True,P41 - P+R Capelsebrug,370
2020-05-23,07:41,Sat,103,True,P41 - P+R Capelsebrug,370
2020-05-23,07:42,Sat,103,True,P41 - P+R Capelsebrug,370
2020-05-23,07:43,Sat,103,True,P41 - P+R Capelsebrug,370
2020-05-23,07:44,Sat,103,True,P41 - P+R Capelsebrug,370
2020-05-23,07:45,Sat,103,True,P41 - P+R Capelsebrug,370
2020-05-23,07:46,Sat,103,True,P41 - P+R Capelsebrug,370
2020-05-23,07:47,Sat,103,True,P41 - P+R Capelsebrug,370
2020-05-23,07:48,Sat,103,True,P41 - P+R Capelsebrug,370
2020-05-23,07:49,Sat,103,True,P41 - P+R Capelsebrug,370
2020-05-23,07:50,Sat,103,True,P41 - P+R Capelsebrug,370
2020-05-23,07:51,Sat,103,True,P41 - P+R Capelsebrug,370
2020-05-23,07:52,Sat,103,True,P41 - P+R Capelsebrug,370
2020-05-23,07:53,Sat,103,True,P41 - P+R Capelsebrug,370
2020-05-23,07:54,Sat,103,True,P41 - P+R Capelsebrug,370
2020-05-23,07:55,Sat,103,True,P41 - P+R Capelsebrug,370
2020-05-23,07:56,Sat,103,True,P41 - P+R Capelsebrug,370
2020-05-23,07:57,Sat,103,True,P41 - P+R Capelsebrug,370
2020-05-23,07:58,Sat,103,True,P41 - P+R Capelsebrug,370
2020-05-23,07:59,Sat,103,True,P41 - P+R Capelsebrug,370
2020-05-23,08:00,Sat,103,True,P41 - P+R Capelsebrug,370
2020-05-23,08:01,Sat,103,True,P41 - P+R Capelsebrug,370
2020-05-23,08:02,Sat,103,True,P41 - P+R Capelsebrug,370
2020-05-23,08:03,Sat,103,True,P41 - P+R Capelsebrug,370
2020-05-23,08:04,Sat,103,True,P41 - P+R Capelsebrug,370
2020-05-23,08:05,Sat,103,True,P41 - P+R Capelsebrug,370
2020-05-23,08:06,Sat,103,True,P41 - P+R Capelsebrug,370
2020-05-23,08:07,Sat,103,True,P41 - P+R Capelsebrug,370
2020-05-23,08:08,Sat,103,True,P41 - P+R Capelsebrug,370
2020-05-23,08:09,Sat,103,True,P41 - P+R Capelsebrug,370
2020-05-23,08:10,Sat,103,True,P41 - P+R Capelsebrug,370
2020-05-23,08:11,Sat,103,True,P41 - P+R Capelsebrug,370
2020-05-23,08:12,Sat,103,True,P41 - P+R Capelsebrug,370
2020-05-23,08:13,Sat,103,True,P41 - P+R Capelsebrug,370
2020-05-23,08:14,Sat,103,True,P41 - P+R Capelsebrug,370
2020-05-23,08:15,Sat,103,True,P41 - P+R Capelsebrug,370
2020-05-23,08:16,Sat,103,True,P41 - P+R Capelsebrug,370
2020-05-23,08:17,Sat,103,True,P41 - P+R Capelsebrug,370
2020-05-23,08:18,Sat,103,True,P41 - P+R Capelsebrug,370
2020-05-23,08:19,Sat,103,True,P41 - P+R Capelsebrug,370
2020-05-23,08:20,Sat,103,True,P41 - P+R Capelsebrug,370
2020-05-23,08:21,Sat,103,True,P41 - P+R Capelsebrug,370
2020-05-23,08:22,Sat,103,True,P41 - P+R Capelsebrug,370
2020-05-23,08:23,Sat,103,True,P41 - P+R Capelsebrug,370
2020-05-23,08:24,Sat,103,True,P41 - P+R Capelsebrug,370
2020-05-23,08:25,Sat,103,True,P41 - P+R Capelsebrug,370
2020-05-23,08:26,Sat,103,True,P41 - P+R Capelsebrug,370
2020-05-23,08:27,Sat,103,True,P41 - P+R Capelsebrug,370
2020-05-23,08:28,Sat,103,True,P41 - P+R Capelsebrug,370
2020-05-23,08:29,Sat,103,True,P41 - P+R Capelsebrug,370
2020-05-23,08:30,Sat,103,True,P41 - P+R Capelsebrug,370
2020-05-23,08:31,Sat,103,True,P41 - P+R Capelsebrug,370
2020-05-23,08:32,Sat,103,True,P41 - P+R Capelsebrug,370
2020-05-23,08:33,Sat,103,True,P41 - P+R Capelsebrug,370
2020-05-23,08:34,Sat,103,True,P41 - P+R Capelsebrug,370
2020-05-23,08:35,Sat,103,True,P41 - P+R Capelsebrug,370
2020-05-23,08:36,Sat,103,True,P41 - P+R Capelsebrug,370
2020-05-23,08:37,Sat,103,True,P41 - P+R Capelsebrug,370
2020-05-23,08:38,Sat,103,True,P41 - P+R Capelsebrug,370
2020-05-23,08:39,Sat,103,True,P41 - P+R Capelsebrug,370
2020-05-23,08:40,Sat,103,True,P41 - P+R Capelsebrug,370
2020-05-23,08:41,Sat,103,True,P41 - P+R Capelsebrug,370
2020-05-23,08:42,Sat,103,True,P41 - P+R Capelsebrug,370
2020-05-23,08:43,Sat,103,True,P41 - P+R Capelsebrug,370
2020-05-23,08:44,Sat,103,True,P41 - P+R Capelsebrug,370
2020-05-23,08:45,Sat,103,True,P41 - P+R Capelsebrug,370
2020-05-23,08:46,Sat,103,True,P41 - P+R Capelsebrug,370
2020-05-23,08:47,Sat,103,True,P41 - P+R Capelsebrug,370
2020-05-23,08:48,Sat,103,True,P41 - P+R Capelsebrug,370
2020-05-23,08:49,Sat,103,True,P41 - P+R Capelsebrug,370
2020-05-23,08:50,Sat,103,True,P41 - P+R Capelsebrug,370
2020-05-23,08:51,Sat,103,True,P41 - P+R Capelsebrug,370
2020-05-23,08:52,Sat,103,True,P41 - P+R Capelsebrug,370
2020-05-23,08:53,Sat,103,True,P41 - P+R Capelsebrug,370
2020-05-23,08:54,Sat,103,True,P41 - P+R Capelsebrug,370
2020-05-23,08:55,Sat,103,True,P41 - P+R Capelsebrug,370
2020-05-23,08:56,Sat,103,True,P41 - P+R Capelsebrug,370
2020-05-23,08:57,Sat,103,True,P41 - P+R Capelsebrug,370
2020-05-23,08:58,Sat,103,True,P41 - P+R Capelsebrug,370
2020-05-23,08:59,Sat,103,True,P41 - P+R Capelsebrug,370
2020-05-23,09:00,Sat,103,True,P41 - P+R Capelsebrug,370
2020-05-23,09:01,Sat,103,True,P41 - P+R Capelsebrug,370
2020-05-23,09:02,Sat,103,True,P41 - P+R Capelsebrug,370
2020-05-23,09:03,Sat,103,True,P41 - P+R Capelsebrug,370
2020-05-23,09:04,Sat,103,True,P41 - P+R Capelsebrug,370
2020-05-23,09:05,Sat,103,True,P41 - P+R Capelsebrug,370
2020-05-23,09:06,Sat,103,True,P41 - P+R Capelsebrug,370
2020-05-23,09:07,Sat,103,True,P41 - P+R Capelsebrug,370
2020-05-23,09:08,Sat,103,True,P41 - P+R Capelsebrug,370
2020-05-23,09:09,Sat,103,True,P41 - P+R Capelsebrug,370
2020-05-23,09:10,Sat,103,True,P41 - P+R Capelsebrug,370
2020-05-23,09:11,Sat,103,True,P41 - P+R Capelsebrug,370
2020-05-23,09:12,Sat,103,True,P41 - P+R Capelsebrug,370
2020-05-23,09:13,Sat,103,True,P41 - P+R Capelsebrug,370
2020-05-23,09:14,Sat,103,True,P41 - P+R Capelsebrug,370
2020-05-23,09:15,Sat,103,True,P41 - P+R Capelsebrug,370
2020-05-23,09:16,Sat,103,True,P41 - P+R Capelsebrug,370
2020-05-23,09:17,Sat,103,True,P41 - P+R Capelsebrug,370
2020-05-23,09:18,Sat,103,True,P41 - P+R Capelsebrug,370
2020-05-23,09:19,Sat,103,True,P41 - P+R Capelsebrug,370
2020-05-23,09:20,Sat,103,True,P41 - P+R Capelsebrug,370
2020-05-23,09:21,Sat,103,True,P41 - P+R Capelsebrug,370
2020-05-23,09:22,Sat,103,True,P41 - P+R Capelsebrug,370
2020-05-23,09:23,Sat,103,True,P41 - P+R Capelsebrug,370
2020-05-23,09:24,Sat,103,True,P41 - P+R Capelsebrug,370
2020-05-23,09:25,Sat,103,True,P41 - P+R Capelsebrug,370
2020-05-23,09:26,Sat,103,True,P41 - P+R Capelsebrug,370
2020-05-23,09:27,Sat,103,True,P41 - P+R Capelsebrug,370
2020-05-23,09:28,Sat,103,True,P41 - P+R Capelsebrug,370
2020-05-23,09:29,Sat,103,True,P41 - P+R Capelsebrug,370
2020-05-23,09:30,Sat,103,True,P41 - P+R Capelsebrug,370
2020-05-23,09:31,Sat,103,True,P41 - P+R Capelsebrug,370
2020-05-23,09:32,Sat,103,True,P41 - P+R Capelsebrug,370
2020-05-23,09:33,Sat,103,True,P41 - P+R Capelsebrug,370
2020-05-23,09:34,Sat,103,True,P41 - P+R Capelsebrug,370
2020-05-23,09:35,Sat,103,True,P41 - P+R Capelsebrug,370
2020-05-23,09:36,Sat,103,True,P41 - P+R Capelsebrug,370
2020-05-23,09:37,Sat,103,True,P41 - P+R Capelsebrug,370
2020-05-23,09:38,Sat,103,True,P41 - P+R Capelsebrug,370
2020-05-23,09:39,Sat,103,True,P41 - P+R Capelsebrug,370
2020-05-23,09:40,Sat,103,True,P41 - P+R Capelsebrug,370
2020-05-23,09:41,Sat,103,True,P41 - P+R Capelsebrug,370
2020-05-23,09:42,Sat,103,True,P41 - P+R Capelsebrug,370
2020-05-23,09:43,Sat,103,True,P41 - P+R Capelsebrug,370
2020-05-23,09:44,Sat,103,True,P41 - P+R Capelsebrug,370
2020-05-23,09:45,Sat,103,True,P41 - P+R Capelsebrug,370
2020-05-23,09:46,Sat,103,True,P41 - P+R Capelsebrug,370
2020-05-23,09:47,Sat,103,True,P41 - P+R Capelsebrug,370
2020-05-23,09:48,Sat,103,True,P41 - P+R Capelsebrug,370
2020-05-23,09:49,Sat,103,True,P41 - P+R Capelsebrug,370
2020-05-23,09:50,Sat,103,True,P41 - P+R Capelsebrug,370
2020-05-23,09:51,Sat,103,True,P41 - P+R Capelsebrug,370
2020-05-23,09:52,Sat,103,True,P41 - P+R Capelsebrug,370
2020-05-23,09:53,Sat,103,True,P41 - P+R Capelsebrug,370
2020-05-23,09:54,Sat,103,True,P41 - P+R Capelsebrug,370
2020-05-23,09:55,Sat,103,True,P41 - P+R Capelsebrug,370
2020-05-23,09:56,Sat,103,True,P41 - P+R Capelsebrug,370
2020-05-23,09:57,Sat,103,True,P41 - P+R Capelsebrug,370
2020-05-23,09:58,Sat,103,True,P41 - P+R Capelsebrug,370
2020-05-23,09:59,Sat,103,True,P41 - P+R Capelsebrug,370
2020-05-23,10:00,Sat,103,True,P41 - P+R Capelsebrug,370
2020-05-23,10:01,Sat,103,True,P41 - P+R Capelsebrug,370
2020-05-23,10:02,Sat,103,True,P41 - P+R Capelsebrug,370
2020-05-23,10:03,Sat,103,True,P41 - P+R Capelsebrug,370
2020-05-23,10:04,Sat,103,True,P41 - P+R Capelsebrug,370
2020-05-23,10:05,Sat,103,True,P41 - P+R Capelsebrug,370
2020-05-23,10:06,Sat,103,True,P41 - P+R Capelsebrug,370
2020-05-23,10:07,Sat,103,True,P41 - P+R Capelsebrug,370
2020-05-23,10:08,Sat,103,True,P41 - P+R Capelsebrug,370
2020-05-23,10:09,Sat,103,True,P41 - P+R Capelsebrug,370
2020-05-23,10:10,Sat,103,True,P41 - P+R Capelsebrug,370
2020-05-23,10:11,Sat,103,True,P41 - P+R Capelsebrug,370
2020-05-23,10:12,Sat,103,True,P41 - P+R Capelsebrug,370
2020-05-23,10:13,Sat,103,True,P41 - P+R Capelsebrug,370
2020-05-23,10:14,Sat,103,True,P41 - P+R Capelsebrug,370
2020-05-23,10:15,Sat,103,True,P41 - P+R Capelsebrug,370
2020-05-23,10:16,Sat,103,True,P41 - P+R Capelsebrug,370
2020-05-23,10:17,Sat,103,True,P41 - P+R Capelsebrug,370
2020-05-23,10:18,Sat,103,True,P41 - P+R Capelsebrug,370
2020-05-23,10:19,Sat,103,True,P41 - P+R Capelsebrug,370
2020-05-23,10:20,Sat,103,True,P41 - P+R Capelsebrug,370
2020-05-23,10:21,Sat,103,True,P41 - P+R Capelsebrug,370
2020-05-23,10:22,Sat,103,True,P41 - P+R Capelsebrug,370
2020-05-23,10:23,Sat,103,True,P41 - P+R Capelsebrug,370
2020-05-23,10:24,Sat,103,True,P41 - P+R Capelsebrug,370
2020-05-23,10:25,Sat,103,True,P41 - P+R Capelsebrug,370
2020-05-23,10:26,Sat,103,True,P41 - P+R Capelsebrug,370
2020-05-23,10:27,Sat,103,True,P41 - P+R Capelsebrug,370
2020-05-23,10:28,Sat,103,True,P41 - P+R Capelsebrug,370
2020-05-23,10:29,Sat,103,True,P41 - P+R Capelsebrug,370
2020-05-23,10:30,Sat,103,True,P41 - P+R Capelsebrug,370
2020-05-23,10:31,Sat,103,True,P41 - P+R Capelsebrug,370
2020-05-23,10:32,Sat,103,True,P41 - P+R Capelsebrug,370
2020-05-23,10:33,Sat,103,True,P41 - P+R Capelsebrug,370
2020-05-23,10:34,Sat,103,True,P41 - P+R Capelsebrug,370
2020-05-23,10:35,Sat,103,True,P41 - P+R Capelsebrug,370
2020-05-23,10:36,Sat,103,True,P41 - P+R Capelsebrug,370
2020-05-23,10:37,Sat,103,True,P41 - P+R Capelsebrug,370
2020-05-23,10:38,Sat,103,True,P41 - P+R Capelsebrug,370
2020-05-23,10:39,Sat,103,True,P41 - P+R Capelsebrug,370
2020-05-23,10:40,Sat,103,True,P41 - P+R Capelsebrug,370
2020-05-23,10:41,Sat,103,True,P41 - P+R Capelsebrug,370
2020-05-23,10:42,Sat,103,True,P41 - P+R Capelsebrug,370
2020-05-23,10:43,Sat,103,True,P41 - P+R Capelsebrug,370
2020-05-23,10:44,Sat,103,True,P41 - P+R Capelsebrug,370
2020-05-23,10:45,Sat,103,True,P41 - P+R Capelsebrug,370
2020-05-23,10:46,Sat,103,True,P41 - P+R Capelsebrug,370
2020-05-23,10:47,Sat,103,True,P41 - P+R Capelsebrug,370
2020-05-23,10:48,Sat,103,True,P41 - P+R Capelsebrug,370
2020-05-23,10:49,Sat,103,True,P41 - P+R Capelsebrug,370
2020-05-23,10:50,Sat,103,True,P41 - P+R Capelsebrug,370
2020-05-23,10:51,Sat,103,True,P41 - P+R Capelsebrug,370
2020-05-23,10:52,Sat,103,True,P41 - P+R Capelsebrug,370
2020-05-23,10:53,Sat,103,True,P41 - P+R Capelsebrug,370
2020-05-23,10:54,Sat,103,True,P41 - P+R Capelsebrug,370
2020-05-23,10:55,Sat,103,True,P41 - P+R Capelsebrug,370
2020-05-23,10:56,Sat,103,True,P41 - P+R Capelsebrug,370
2020-05-23,10:57,Sat,103,True,P41 - P+R Capelsebrug,370
2020-05-23,10:58,Sat,103,True,P41 - P+R Capelsebrug,370
2020-05-23,10:59,Sat,103,True,P41 - P+R Capelsebrug,370
