2020-01-29,00:00,Wed,503,True,P37 - P+R_Beverwaard
2020-01-29,00:01,Wed,503,True,P37 - P+R_Beverwaard
2020-01-29,00:02,Wed,503,True,P37 - P+R_Beverwaard
2020-01-29,00:03,Wed,503,True,P37 - P+R_Beverwaard
2020-01-29,00:04,Wed,503,True,P37 - P+R_Beverwaard
2020-01-29,00:05,Wed,503,True,P37 - P+R_Beverwaard
2020-01-29,00:06,Wed,503,True,P37 - P+R_Beverwaard
2020-01-29,00:07,Wed,503,True,P37 - P+R_Beverwaard
2020-01-29,00:08,Wed,503,True,P37 - P+R_Beverwaard
2020-01-29,00:09,Wed,503,True,P37 - P+R_Beverwaard
2020-01-29,00:10,Wed,503,True,P37 - P+R_Beverwaard
2020-01-29,00:11,Wed,503,True,P37 - P+R_Beverwaard
2020-01-29,00:12,Wed,503,True,P37 - P+R_Beverwaard
2020-01-29,00:13,Wed,503,True,P37 - P+R_Beverwaard
2020-01-29,00:14,Wed,503,True,P37 - P+R_Beverwaard
2020-01-29,00:15,Wed,503,True,P37 - P+R_Beverwaard
2020-01-29,00:16,Wed,503,True,P37 - P+R_Beverwaard
2020-01-29,00:17,Wed,503,True,P37 - P+R_Beverwaard
2020-01-29,00:18,Wed,503,True,P37 - P+R_Beverwaard
2020-01-29,00:19,Wed,503,True,P37 - P+R_Beverwaard
2020-01-29,00:20,Wed,503,True,P37 - P+R_Beverwaard
2020-01-29,00:21,Wed,503,True,P37 - P+R_Beverwaard
2020-01-29,00:22,Wed,503,True,P37 - P+R_Beverwaard
2020-01-29,00:23,Wed,503,True,P37 - P+R_Beverwaard
2020-01-29,00:24,Wed,503,True,P37 - P+R_Beverwaard
2020-01-29,00:25,Wed,503,True,P37 - P+R_Beverwaard
2020-01-29,00:26,Wed,503,True,P37 - P+R_Beverwaard
2020-01-29,00:27,Wed,503,True,P37 - P+R_Beverwaard
2020-01-29,00:28,Wed,503,True,P37 - P+R_Beverwaard
2020-01-29,00:29,Wed,503,True,P37 - P+R_Beverwaard
2020-01-29,00:30,Wed,503,True,P37 - P+R_Beverwaard
2020-01-29,00:31,Wed,503,True,P37 - P+R_Beverwaard
2020-01-29,00:32,Wed,503,True,P37 - P+R_Beverwaard
2020-01-29,00:33,Wed,503,True,P37 - P+R_Beverwaard
2020-01-29,00:34,Wed,503,True,P37 - P+R_Beverwaard
2020-01-29,00:35,Wed,503,True,P37 - P+R_Beverwaard
2020-01-29,00:36,Wed,503,True,P37 - P+R_Beverwaard
2020-01-29,00:37,Wed,503,True,P37 - P+R_Beverwaard
2020-01-29,00:38,Wed,503,True,P37 - P+R_Beverwaard
2020-01-29,00:39,Wed,503,True,P37 - P+R_Beverwaard
2020-01-29,00:40,Wed,503,True,P37 - P+R_Beverwaard
2020-01-29,00:41,Wed,503,True,P37 - P+R_Beverwaard
2020-01-29,00:42,Wed,503,True,P37 - P+R_Beverwaard
2020-01-29,00:43,Wed,503,True,P37 - P+R_Beverwaard
2020-01-29,00:44,Wed,503,True,P37 - P+R_Beverwaard
2020-01-29,00:45,Wed,503,True,P37 - P+R_Beverwaard
2020-01-29,00:46,Wed,503,True,P37 - P+R_Beverwaard
2020-01-29,00:47,Wed,503,True,P37 - P+R_Beverwaard
2020-01-29,00:48,Wed,503,True,P37 - P+R_Beverwaard
2020-01-29,00:49,Wed,503,True,P37 - P+R_Beverwaard
2020-01-29,00:50,Wed,503,True,P37 - P+R_Beverwaard
2020-01-29,00:51,Wed,503,True,P37 - P+R_Beverwaard
2020-01-29,00:52,Wed,503,True,P37 - P+R_Beverwaard
2020-01-29,00:53,Wed,503,True,P37 - P+R_Beverwaard
2020-01-29,00:54,Wed,503,True,P37 - P+R_Beverwaard
2020-01-29,00:55,Wed,503,True,P37 - P+R_Beverwaard
2020-01-29,00:56,Wed,503,True,P37 - P+R_Beverwaard
2020-01-29,00:57,Wed,503,True,P37 - P+R_Beverwaard
2020-01-29,00:58,Wed,503,True,P37 - P+R_Beverwaard
2020-01-29,00:59,Wed,503,True,P37 - P+R_Beverwaard
2020-01-29,01:00,Wed,503,True,P37 - P+R_Beverwaard
2020-01-29,01:01,Wed,503,True,P37 - P+R_Beverwaard
2020-01-29,01:02,Wed,503,True,P37 - P+R_Beverwaard
2020-01-29,01:03,Wed,503,True,P37 - P+R_Beverwaard
2020-01-29,01:04,Wed,503,True,P37 - P+R_Beverwaard
2020-01-29,01:05,Wed,503,True,P37 - P+R_Beverwaard
2020-01-29,01:06,Wed,503,True,P37 - P+R_Beverwaard
2020-01-29,01:07,Wed,503,True,P37 - P+R_Beverwaard
2020-01-29,01:08,Wed,503,True,P37 - P+R_Beverwaard
2020-01-29,01:09,Wed,503,True,P37 - P+R_Beverwaard
2020-01-29,01:10,Wed,503,True,P37 - P+R_Beverwaard
2020-01-29,01:11,Wed,503,True,P37 - P+R_Beverwaard
2020-01-29,01:12,Wed,503,True,P37 - P+R_Beverwaard
2020-01-29,01:13,Wed,503,True,P37 - P+R_Beverwaard
2020-01-29,01:14,Wed,503,True,P37 - P+R_Beverwaard
2020-01-29,01:15,Wed,503,True,P37 - P+R_Beverwaard
2020-01-29,01:16,Wed,503,True,P37 - P+R_Beverwaard
2020-01-29,01:17,Wed,503,True,P37 - P+R_Beverwaard
2020-01-29,01:18,Wed,503,True,P37 - P+R_Beverwaard
2020-01-29,01:19,Wed,503,True,P37 - P+R_Beverwaard
2020-01-29,01:20,Wed,503,True,P37 - P+R_Beverwaard
2020-01-29,01:21,Wed,503,True,P37 - P+R_Beverwaard
2020-01-29,01:22,Wed,503,True,P37 - P+R_Beverwaard
2020-01-29,01:23,Wed,503,True,P37 - P+R_Beverwaard
2020-01-29,01:24,Wed,503,True,P37 - P+R_Beverwaard
2020-01-29,01:25,Wed,503,True,P37 - P+R_Beverwaard
2020-01-29,01:26,Wed,503,True,P37 - P+R_Beverwaard
2020-01-29,01:27,Wed,503,True,P37 - P+R_Beverwaard
2020-01-29,01:28,Wed,503,True,P37 - P+R_Beverwaard
2020-01-29,01:29,Wed,503,True,P37 - P+R_Beverwaard
2020-01-29,01:30,Wed,503,True,P37 - P+R_Beverwaard
2020-01-29,01:31,Wed,503,True,P37 - P+R_Beverwaard
2020-01-29,01:32,Wed,503,True,P37 - P+R_Beverwaard
2020-01-29,01:33,Wed,503,True,P37 - P+R_Beverwaard
2020-01-29,01:34,Wed,503,True,P37 - P+R_Beverwaard
2020-01-29,01:35,Wed,503,True,P37 - P+R_Beverwaard
2020-01-29,01:36,Wed,503,True,P37 - P+R_Beverwaard
2020-01-29,01:37,Wed,503,True,P37 - P+R_Beverwaard
2020-01-29,01:38,Wed,503,True,P37 - P+R_Beverwaard
2020-01-29,01:39,Wed,503,True,P37 - P+R_Beverwaard
2020-01-29,01:40,Wed,503,True,P37 - P+R_Beverwaard
2020-01-29,01:41,Wed,503,True,P37 - P+R_Beverwaard
2020-01-29,01:42,Wed,503,True,P37 - P+R_Beverwaard
2020-01-29,01:43,Wed,503,True,P37 - P+R_Beverwaard
2020-01-29,01:44,Wed,503,True,P37 - P+R_Beverwaard
2020-01-29,01:45,Wed,503,True,P37 - P+R_Beverwaard
2020-01-29,01:46,Wed,503,True,P37 - P+R_Beverwaard
2020-01-29,01:47,Wed,503,True,P37 - P+R_Beverwaard
2020-01-29,01:48,Wed,503,True,P37 - P+R_Beverwaard
2020-01-29,01:49,Wed,503,True,P37 - P+R_Beverwaard
2020-01-29,01:50,Wed,503,True,P37 - P+R_Beverwaard
2020-01-29,01:51,Wed,503,True,P37 - P+R_Beverwaard
2020-01-29,01:52,Wed,503,True,P37 - P+R_Beverwaard
2020-01-29,01:53,Wed,503,True,P37 - P+R_Beverwaard
2020-01-29,01:54,Wed,503,True,P37 - P+R_Beverwaard
2020-01-29,01:55,Wed,503,True,P37 - P+R_Beverwaard
2020-01-29,01:56,Wed,503,True,P37 - P+R_Beverwaard
2020-01-29,01:57,Wed,503,True,P37 - P+R_Beverwaard
2020-01-29,01:58,Wed,503,True,P37 - P+R_Beverwaard
2020-01-29,01:59,Wed,503,True,P37 - P+R_Beverwaard
2020-01-29,02:00,Wed,503,True,P37 - P+R_Beverwaard
2020-01-29,02:01,Wed,503,True,P37 - P+R_Beverwaard
2020-01-29,02:02,Wed,503,True,P37 - P+R_Beverwaard
2020-01-29,02:03,Wed,503,True,P37 - P+R_Beverwaard
2020-01-29,02:04,Wed,503,True,P37 - P+R_Beverwaard
2020-01-29,02:05,Wed,503,True,P37 - P+R_Beverwaard
2020-01-29,02:06,Wed,503,True,P37 - P+R_Beverwaard
2020-01-29,02:07,Wed,503,True,P37 - P+R_Beverwaard
2020-01-29,02:08,Wed,503,True,P37 - P+R_Beverwaard
2020-01-29,02:09,Wed,503,True,P37 - P+R_Beverwaard
2020-01-29,02:10,Wed,503,True,P37 - P+R_Beverwaard
2020-01-29,02:11,Wed,503,True,P37 - P+R_Beverwaard
2020-01-29,02:12,Wed,503,True,P37 - P+R_Beverwaard
2020-01-29,02:13,Wed,503,True,P37 - P+R_Beverwaard
2020-01-29,02:14,Wed,503,True,P37 - P+R_Beverwaard
2020-01-29,02:15,Wed,503,True,P37 - P+R_Beverwaard
2020-01-29,02:16,Wed,503,True,P37 - P+R_Beverwaard
2020-01-29,02:17,Wed,503,True,P37 - P+R_Beverwaard
2020-01-29,02:18,Wed,503,True,P37 - P+R_Beverwaard
2020-01-29,02:19,Wed,503,True,P37 - P+R_Beverwaard
2020-01-29,02:20,Wed,503,True,P37 - P+R_Beverwaard
2020-01-29,02:21,Wed,503,True,P37 - P+R_Beverwaard
2020-01-29,02:22,Wed,503,True,P37 - P+R_Beverwaard
2020-01-29,02:23,Wed,503,True,P37 - P+R_Beverwaard
2020-01-29,02:24,Wed,503,True,P37 - P+R_Beverwaard
2020-01-29,02:25,Wed,503,True,P37 - P+R_Beverwaard
2020-01-29,02:26,Wed,503,True,P37 - P+R_Beverwaard
2020-01-29,02:27,Wed,503,True,P37 - P+R_Beverwaard
2020-01-29,02:28,Wed,503,True,P37 - P+R_Beverwaard
2020-01-29,02:29,Wed,503,True,P37 - P+R_Beverwaard
2020-01-29,02:30,Wed,503,True,P37 - P+R_Beverwaard
2020-01-29,02:31,Wed,503,True,P37 - P+R_Beverwaard
2020-01-29,02:32,Wed,503,True,P37 - P+R_Beverwaard
2020-01-29,02:33,Wed,503,True,P37 - P+R_Beverwaard
2020-01-29,02:34,Wed,503,True,P37 - P+R_Beverwaard
2020-01-29,02:35,Wed,503,True,P37 - P+R_Beverwaard
2020-01-29,02:36,Wed,503,True,P37 - P+R_Beverwaard
2020-01-29,02:37,Wed,503,True,P37 - P+R_Beverwaard
2020-01-29,02:38,Wed,503,True,P37 - P+R_Beverwaard
2020-01-29,02:39,Wed,503,True,P37 - P+R_Beverwaard
2020-01-29,02:40,Wed,503,True,P37 - P+R_Beverwaard
2020-01-29,02:41,Wed,503,True,P37 - P+R_Beverwaard
2020-01-29,02:42,Wed,503,True,P37 - P+R_Beverwaard
2020-01-29,02:43,Wed,503,True,P37 - P+R_Beverwaard
2020-01-29,02:44,Wed,503,True,P37 - P+R_Beverwaard
2020-01-29,02:45,Wed,503,True,P37 - P+R_Beverwaard
2020-01-29,02:46,Wed,503,True,P37 - P+R_Beverwaard
2020-01-29,02:47,Wed,503,True,P37 - P+R_Beverwaard
2020-01-29,02:48,Wed,503,True,P37 - P+R_Beverwaard
2020-01-29,02:49,Wed,503,True,P37 - P+R_Beverwaard
2020-01-29,02:50,Wed,503,True,P37 - P+R_Beverwaard
2020-01-29,02:51,Wed,503,True,P37 - P+R_Beverwaard
2020-01-29,02:52,Wed,503,True,P37 - P+R_Beverwaard
2020-01-29,02:53,Wed,503,True,P37 - P+R_Beverwaard
2020-01-29,02:54,Wed,503,True,P37 - P+R_Beverwaard
2020-01-29,02:55,Wed,503,True,P37 - P+R_Beverwaard
2020-01-29,02:56,Wed,503,True,P37 - P+R_Beverwaard
2020-01-29,02:57,Wed,503,True,P37 - P+R_Beverwaard
2020-01-29,02:58,Wed,503,True,P37 - P+R_Beverwaard
2020-01-29,02:59,Wed,503,True,P37 - P+R_Beverwaard
2020-01-29,03:00,Wed,503,True,P37 - P+R_Beverwaard
2020-01-29,03:01,Wed,503,True,P37 - P+R_Beverwaard
2020-01-29,03:02,Wed,503,True,P37 - P+R_Beverwaard
2020-01-29,03:03,Wed,503,True,P37 - P+R_Beverwaard
2020-01-29,03:04,Wed,503,True,P37 - P+R_Beverwaard
2020-01-29,03:05,Wed,503,True,P37 - P+R_Beverwaard
2020-01-29,03:06,Wed,503,True,P37 - P+R_Beverwaard
2020-01-29,03:07,Wed,503,True,P37 - P+R_Beverwaard
2020-01-29,03:08,Wed,503,True,P37 - P+R_Beverwaard
2020-01-29,03:09,Wed,503,True,P37 - P+R_Beverwaard
2020-01-29,03:10,Wed,503,True,P37 - P+R_Beverwaard
2020-01-29,03:11,Wed,503,True,P37 - P+R_Beverwaard
2020-01-29,03:12,Wed,503,True,P37 - P+R_Beverwaard
2020-01-29,03:13,Wed,503,True,P37 - P+R_Beverwaard
2020-01-29,03:14,Wed,503,True,P37 - P+R_Beverwaard
2020-01-29,03:15,Wed,503,True,P37 - P+R_Beverwaard
2020-01-29,03:16,Wed,503,True,P37 - P+R_Beverwaard
2020-01-29,03:17,Wed,503,True,P37 - P+R_Beverwaard
2020-01-29,03:18,Wed,503,True,P37 - P+R_Beverwaard
2020-01-29,03:19,Wed,503,True,P37 - P+R_Beverwaard
2020-01-29,03:20,Wed,503,True,P37 - P+R_Beverwaard
2020-01-29,03:21,Wed,503,True,P37 - P+R_Beverwaard
2020-01-29,03:22,Wed,503,True,P37 - P+R_Beverwaard
2020-01-29,03:23,Wed,503,True,P37 - P+R_Beverwaard
2020-01-29,03:24,Wed,503,True,P37 - P+R_Beverwaard
2020-01-29,03:25,Wed,503,True,P37 - P+R_Beverwaard
2020-01-29,03:26,Wed,503,True,P37 - P+R_Beverwaard
2020-01-29,03:27,Wed,503,True,P37 - P+R_Beverwaard
2020-01-29,03:28,Wed,503,True,P37 - P+R_Beverwaard
2020-01-29,03:29,Wed,503,True,P37 - P+R_Beverwaard
2020-01-29,03:30,Wed,503,True,P37 - P+R_Beverwaard
2020-01-29,03:31,Wed,503,True,P37 - P+R_Beverwaard
2020-01-29,03:32,Wed,503,True,P37 - P+R_Beverwaard
2020-01-29,03:33,Wed,503,True,P37 - P+R_Beverwaard
2020-01-29,03:34,Wed,503,True,P37 - P+R_Beverwaard
2020-01-29,03:35,Wed,503,True,P37 - P+R_Beverwaard
2020-01-29,03:36,Wed,503,True,P37 - P+R_Beverwaard
2020-01-29,03:37,Wed,503,True,P37 - P+R_Beverwaard
2020-01-29,03:38,Wed,503,True,P37 - P+R_Beverwaard
2020-01-29,03:39,Wed,503,True,P37 - P+R_Beverwaard
2020-01-29,03:40,Wed,503,True,P37 - P+R_Beverwaard
2020-01-29,03:41,Wed,503,True,P37 - P+R_Beverwaard
2020-01-29,03:42,Wed,503,True,P37 - P+R_Beverwaard
2020-01-29,03:43,Wed,503,True,P37 - P+R_Beverwaard
2020-01-29,03:44,Wed,503,True,P37 - P+R_Beverwaard
2020-01-29,03:45,Wed,503,True,P37 - P+R_Beverwaard
2020-01-29,03:46,Wed,503,True,P37 - P+R_Beverwaard
2020-01-29,03:47,Wed,503,True,P37 - P+R_Beverwaard
2020-01-29,03:48,Wed,503,True,P37 - P+R_Beverwaard
2020-01-29,03:49,Wed,503,True,P37 - P+R_Beverwaard
2020-01-29,03:50,Wed,503,True,P37 - P+R_Beverwaard
2020-01-29,03:51,Wed,503,True,P37 - P+R_Beverwaard
2020-01-29,03:52,Wed,503,True,P37 - P+R_Beverwaard
2020-01-29,03:53,Wed,503,True,P37 - P+R_Beverwaard
2020-01-29,03:54,Wed,503,True,P37 - P+R_Beverwaard
2020-01-29,03:55,Wed,503,True,P37 - P+R_Beverwaard
2020-01-29,03:56,Wed,503,True,P37 - P+R_Beverwaard
2020-01-29,03:57,Wed,503,True,P37 - P+R_Beverwaard
2020-01-29,03:58,Wed,503,True,P37 - P+R_Beverwaard
2020-01-29,03:59,Wed,503,True,P37 - P+R_Beverwaard
2020-01-29,04:00,Wed,503,True,P37 - P+R_Beverwaard
2020-01-29,04:01,Wed,503,True,P37 - P+R_Beverwaard
2020-01-29,04:02,Wed,503,True,P37 - P+R_Beverwaard
2020-01-29,04:03,Wed,503,True,P37 - P+R_Beverwaard
2020-01-29,04:04,Wed,503,True,P37 - P+R_Beverwaard
2020-01-29,04:05,Wed,503,True,P37 - P+R_Beverwaard
2020-01-29,04:06,Wed,503,True,P37 - P+R_Beverwaard
2020-01-29,04:07,Wed,503,True,P37 - P+R_Beverwaard
2020-01-29,04:08,Wed,503,True,P37 - P+R_Beverwaard
2020-01-29,04:09,Wed,503,True,P37 - P+R_Beverwaard
2020-01-29,04:10,Wed,503,True,P37 - P+R_Beverwaard
2020-01-29,04:11,Wed,503,True,P37 - P+R_Beverwaard
2020-01-29,04:12,Wed,503,True,P37 - P+R_Beverwaard
2020-01-29,04:13,Wed,503,True,P37 - P+R_Beverwaard
2020-01-29,04:14,Wed,503,True,P37 - P+R_Beverwaard
2020-01-29,04:15,Wed,503,True,P37 - P+R_Beverwaard
2020-01-29,04:16,Wed,503,True,P37 - P+R_Beverwaard
2020-01-29,04:17,Wed,503,True,P37 - P+R_Beverwaard
2020-01-29,04:18,Wed,503,True,P37 - P+R_Beverwaard
2020-01-29,04:19,Wed,503,True,P37 - P+R_Beverwaard
2020-01-29,04:20,Wed,503,True,P37 - P+R_Beverwaard
2020-01-29,04:21,Wed,503,True,P37 - P+R_Beverwaard
2020-01-29,04:22,Wed,503,True,P37 - P+R_Beverwaard
2020-01-29,04:23,Wed,503,True,P37 - P+R_Beverwaard
2020-01-29,04:24,Wed,503,True,P37 - P+R_Beverwaard
2020-01-29,04:25,Wed,503,True,P37 - P+R_Beverwaard
2020-01-29,04:26,Wed,503,True,P37 - P+R_Beverwaard
2020-01-29,04:27,Wed,503,True,P37 - P+R_Beverwaard
2020-01-29,04:28,Wed,503,True,P37 - P+R_Beverwaard
2020-01-29,04:29,Wed,503,True,P37 - P+R_Beverwaard
2020-01-29,04:30,Wed,503,True,P37 - P+R_Beverwaard
2020-01-29,04:31,Wed,503,True,P37 - P+R_Beverwaard
2020-01-29,04:32,Wed,503,True,P37 - P+R_Beverwaard
2020-01-29,04:33,Wed,503,True,P37 - P+R_Beverwaard
2020-01-29,04:34,Wed,503,True,P37 - P+R_Beverwaard
2020-01-29,04:35,Wed,503,True,P37 - P+R_Beverwaard
2020-01-29,04:36,Wed,503,True,P37 - P+R_Beverwaard
2020-01-29,04:37,Wed,503,True,P37 - P+R_Beverwaard
2020-01-29,04:38,Wed,503,True,P37 - P+R_Beverwaard
2020-01-29,04:39,Wed,503,True,P37 - P+R_Beverwaard
2020-01-29,04:40,Wed,503,True,P37 - P+R_Beverwaard
2020-01-29,04:41,Wed,503,True,P37 - P+R_Beverwaard
2020-01-29,04:42,Wed,503,True,P37 - P+R_Beverwaard
2020-01-29,04:43,Wed,503,True,P37 - P+R_Beverwaard
2020-01-29,04:44,Wed,503,True,P37 - P+R_Beverwaard
2020-01-29,04:45,Wed,503,True,P37 - P+R_Beverwaard
2020-01-29,04:46,Wed,503,True,P37 - P+R_Beverwaard
2020-01-29,04:47,Wed,503,True,P37 - P+R_Beverwaard
2020-01-29,04:48,Wed,503,True,P37 - P+R_Beverwaard
2020-01-29,04:49,Wed,503,True,P37 - P+R_Beverwaard
2020-01-29,04:50,Wed,503,True,P37 - P+R_Beverwaard
2020-01-29,04:51,Wed,503,True,P37 - P+R_Beverwaard
2020-01-29,04:52,Wed,503,True,P37 - P+R_Beverwaard
2020-01-29,04:53,Wed,503,True,P37 - P+R_Beverwaard
2020-01-29,04:54,Wed,503,True,P37 - P+R_Beverwaard
2020-01-29,04:55,Wed,503,True,P37 - P+R_Beverwaard
2020-01-29,04:56,Wed,503,True,P37 - P+R_Beverwaard
2020-01-29,04:57,Wed,503,True,P37 - P+R_Beverwaard
2020-01-29,04:58,Wed,503,True,P37 - P+R_Beverwaard
2020-01-29,04:59,Wed,503,True,P37 - P+R_Beverwaard
2020-01-29,05:00,Wed,503,True,P37 - P+R_Beverwaard
2020-01-29,05:01,Wed,503,True,P37 - P+R_Beverwaard
2020-01-29,05:02,Wed,503,True,P37 - P+R_Beverwaard
2020-01-29,05:03,Wed,503,True,P37 - P+R_Beverwaard
2020-01-29,05:04,Wed,503,True,P37 - P+R_Beverwaard
2020-01-29,05:05,Wed,503,True,P37 - P+R_Beverwaard
2020-01-29,05:06,Wed,503,True,P37 - P+R_Beverwaard
2020-01-29,05:07,Wed,503,True,P37 - P+R_Beverwaard
2020-01-29,05:08,Wed,503,True,P37 - P+R_Beverwaard
2020-01-29,05:09,Wed,503,True,P37 - P+R_Beverwaard
2020-01-29,05:10,Wed,503,True,P37 - P+R_Beverwaard
2020-01-29,05:11,Wed,503,True,P37 - P+R_Beverwaard
2020-01-29,05:12,Wed,503,True,P37 - P+R_Beverwaard
2020-01-29,05:13,Wed,503,True,P37 - P+R_Beverwaard
2020-01-29,05:14,Wed,503,True,P37 - P+R_Beverwaard
2020-01-29,05:15,Wed,503,True,P37 - P+R_Beverwaard
2020-01-29,05:16,Wed,503,True,P37 - P+R_Beverwaard
2020-01-29,05:17,Wed,503,True,P37 - P+R_Beverwaard
2020-01-29,05:18,Wed,503,True,P37 - P+R_Beverwaard
2020-01-29,05:19,Wed,503,True,P37 - P+R_Beverwaard
2020-01-29,05:20,Wed,503,True,P37 - P+R_Beverwaard
2020-01-29,05:21,Wed,503,True,P37 - P+R_Beverwaard
2020-01-29,05:22,Wed,503,True,P37 - P+R_Beverwaard
2020-01-29,05:23,Wed,503,True,P37 - P+R_Beverwaard
2020-01-29,05:24,Wed,503,True,P37 - P+R_Beverwaard
2020-01-29,05:25,Wed,503,True,P37 - P+R_Beverwaard
2020-01-29,05:26,Wed,503,True,P37 - P+R_Beverwaard
2020-01-29,05:27,Wed,503,True,P37 - P+R_Beverwaard
2020-01-29,05:28,Wed,503,True,P37 - P+R_Beverwaard
2020-01-29,05:29,Wed,503,True,P37 - P+R_Beverwaard
2020-01-29,05:30,Wed,503,True,P37 - P+R_Beverwaard
2020-01-29,05:31,Wed,503,True,P37 - P+R_Beverwaard
2020-01-29,05:32,Wed,503,True,P37 - P+R_Beverwaard
2020-01-29,05:33,Wed,503,True,P37 - P+R_Beverwaard
2020-01-29,05:34,Wed,503,True,P37 - P+R_Beverwaard
2020-01-29,05:35,Wed,503,True,P37 - P+R_Beverwaard
2020-01-29,05:36,Wed,503,True,P37 - P+R_Beverwaard
2020-01-29,05:37,Wed,503,True,P37 - P+R_Beverwaard
2020-01-29,05:38,Wed,503,True,P37 - P+R_Beverwaard
2020-01-29,05:39,Wed,503,True,P37 - P+R_Beverwaard
2020-01-29,05:40,Wed,503,True,P37 - P+R_Beverwaard
2020-01-29,05:41,Wed,503,True,P37 - P+R_Beverwaard
2020-01-29,05:42,Wed,503,True,P37 - P+R_Beverwaard
2020-01-29,05:43,Wed,503,True,P37 - P+R_Beverwaard
2020-01-29,05:44,Wed,503,True,P37 - P+R_Beverwaard
2020-01-29,05:45,Wed,503,True,P37 - P+R_Beverwaard
2020-01-29,05:46,Wed,503,True,P37 - P+R_Beverwaard
2020-01-29,05:47,Wed,503,True,P37 - P+R_Beverwaard
2020-01-29,05:48,Wed,503,True,P37 - P+R_Beverwaard
2020-01-29,05:49,Wed,503,True,P37 - P+R_Beverwaard
2020-01-29,05:50,Wed,503,True,P37 - P+R_Beverwaard
2020-01-29,05:51,Wed,503,True,P37 - P+R_Beverwaard
2020-01-29,05:52,Wed,503,True,P37 - P+R_Beverwaard
2020-01-29,05:53,Wed,503,True,P37 - P+R_Beverwaard
2020-01-29,05:54,Wed,503,True,P37 - P+R_Beverwaard
2020-01-29,05:55,Wed,503,True,P37 - P+R_Beverwaard
2020-01-29,05:56,Wed,503,True,P37 - P+R_Beverwaard
2020-01-29,05:57,Wed,503,True,P37 - P+R_Beverwaard
2020-01-29,05:58,Wed,503,True,P37 - P+R_Beverwaard
2020-01-29,05:59,Wed,503,True,P37 - P+R_Beverwaard
2020-01-29,06:00,Wed,503,True,P37 - P+R_Beverwaard
2020-01-29,06:01,Wed,503,True,P37 - P+R_Beverwaard
2020-01-29,06:02,Wed,503,True,P37 - P+R_Beverwaard
2020-01-29,06:03,Wed,503,True,P37 - P+R_Beverwaard
2020-01-29,06:04,Wed,503,True,P37 - P+R_Beverwaard
2020-01-29,06:05,Wed,503,True,P37 - P+R_Beverwaard
2020-01-29,06:06,Wed,503,True,P37 - P+R_Beverwaard
2020-01-29,06:07,Wed,503,True,P37 - P+R_Beverwaard
2020-01-29,06:08,Wed,503,True,P37 - P+R_Beverwaard
2020-01-29,06:09,Wed,503,True,P37 - P+R_Beverwaard
2020-01-29,06:10,Wed,503,True,P37 - P+R_Beverwaard
2020-01-29,06:11,Wed,503,True,P37 - P+R_Beverwaard
2020-01-29,06:12,Wed,503,True,P37 - P+R_Beverwaard
2020-01-29,06:13,Wed,503,True,P37 - P+R_Beverwaard
2020-01-29,06:14,Wed,503,True,P37 - P+R_Beverwaard
2020-01-29,06:15,Wed,503,True,P37 - P+R_Beverwaard
2020-01-29,06:16,Wed,503,True,P37 - P+R_Beverwaard
2020-01-29,06:17,Wed,503,True,P37 - P+R_Beverwaard
2020-01-29,06:18,Wed,503,True,P37 - P+R_Beverwaard
2020-01-29,06:19,Wed,503,True,P37 - P+R_Beverwaard
2020-01-29,06:20,Wed,503,True,P37 - P+R_Beverwaard
2020-01-29,06:21,Wed,503,True,P37 - P+R_Beverwaard
2020-01-29,06:22,Wed,503,True,P37 - P+R_Beverwaard
2020-01-29,06:23,Wed,503,True,P37 - P+R_Beverwaard
2020-01-29,06:24,Wed,503,True,P37 - P+R_Beverwaard
2020-01-29,06:25,Wed,503,True,P37 - P+R_Beverwaard
2020-01-29,06:26,Wed,503,True,P37 - P+R_Beverwaard
2020-01-29,06:27,Wed,503,True,P37 - P+R_Beverwaard
2020-01-29,06:28,Wed,503,True,P37 - P+R_Beverwaard
2020-01-29,06:29,Wed,503,True,P37 - P+R_Beverwaard
2020-01-29,06:30,Wed,503,True,P37 - P+R_Beverwaard
2020-01-29,06:31,Wed,503,True,P37 - P+R_Beverwaard
2020-01-29,06:32,Wed,503,True,P37 - P+R_Beverwaard
2020-01-29,06:33,Wed,503,True,P37 - P+R_Beverwaard
2020-01-29,06:34,Wed,503,True,P37 - P+R_Beverwaard
2020-01-29,06:35,Wed,503,True,P37 - P+R_Beverwaard
2020-01-29,06:36,Wed,503,True,P37 - P+R_Beverwaard
2020-01-29,06:37,Wed,503,True,P37 - P+R_Beverwaard
2020-01-29,06:38,Wed,503,True,P37 - P+R_Beverwaard
2020-01-29,06:39,Wed,503,True,P37 - P+R_Beverwaard
2020-01-29,06:40,Wed,503,True,P37 - P+R_Beverwaard
2020-01-29,06:41,Wed,503,True,P37 - P+R_Beverwaard
2020-01-29,06:42,Wed,503,True,P37 - P+R_Beverwaard
2020-01-29,06:43,Wed,503,True,P37 - P+R_Beverwaard
2020-01-29,06:44,Wed,503,True,P37 - P+R_Beverwaard
2020-01-29,06:45,Wed,503,True,P37 - P+R_Beverwaard
2020-01-29,06:46,Wed,503,True,P37 - P+R_Beverwaard
2020-01-29,06:47,Wed,503,True,P37 - P+R_Beverwaard
2020-01-29,06:48,Wed,503,True,P37 - P+R_Beverwaard
2020-01-29,06:49,Wed,503,True,P37 - P+R_Beverwaard
2020-01-29,06:50,Wed,503,True,P37 - P+R_Beverwaard
2020-01-29,06:51,Wed,503,True,P37 - P+R_Beverwaard
2020-01-29,06:52,Wed,503,True,P37 - P+R_Beverwaard
2020-01-29,06:53,Wed,503,True,P37 - P+R_Beverwaard
2020-01-29,06:54,Wed,503,True,P37 - P+R_Beverwaard
2020-01-29,06:55,Wed,503,True,P37 - P+R_Beverwaard
2020-01-29,06:56,Wed,503,True,P37 - P+R_Beverwaard
2020-01-29,06:57,Wed,503,True,P37 - P+R_Beverwaard
2020-01-29,06:58,Wed,503,True,P37 - P+R_Beverwaard
2020-01-29,06:59,Wed,503,True,P37 - P+R_Beverwaard
2020-01-29,07:00,Wed,503,True,P37 - P+R_Beverwaard
2020-01-29,07:01,Wed,503,True,P37 - P+R_Beverwaard
2020-01-29,07:02,Wed,503,True,P37 - P+R_Beverwaard
2020-01-29,07:03,Wed,503,True,P37 - P+R_Beverwaard
2020-01-29,07:04,Wed,503,True,P37 - P+R_Beverwaard
2020-01-29,07:05,Wed,503,True,P37 - P+R_Beverwaard
2020-01-29,07:06,Wed,503,True,P37 - P+R_Beverwaard
2020-01-29,07:07,Wed,503,True,P37 - P+R_Beverwaard
2020-01-29,07:08,Wed,503,True,P37 - P+R_Beverwaard
2020-01-29,07:09,Wed,503,True,P37 - P+R_Beverwaard
2020-01-29,07:10,Wed,503,True,P37 - P+R_Beverwaard
2020-01-29,07:11,Wed,503,True,P37 - P+R_Beverwaard
2020-01-29,07:12,Wed,503,True,P37 - P+R_Beverwaard
2020-01-29,07:13,Wed,503,True,P37 - P+R_Beverwaard
2020-01-29,07:14,Wed,503,True,P37 - P+R_Beverwaard
2020-01-29,07:15,Wed,503,True,P37 - P+R_Beverwaard
2020-01-29,07:16,Wed,503,True,P37 - P+R_Beverwaard
2020-01-29,07:17,Wed,503,True,P37 - P+R_Beverwaard
2020-01-29,07:18,Wed,503,True,P37 - P+R_Beverwaard
2020-01-29,07:19,Wed,503,True,P37 - P+R_Beverwaard
2020-01-29,07:20,Wed,503,True,P37 - P+R_Beverwaard
2020-01-29,07:21,Wed,503,True,P37 - P+R_Beverwaard
2020-01-29,07:22,Wed,503,True,P37 - P+R_Beverwaard
2020-01-29,07:23,Wed,503,True,P37 - P+R_Beverwaard
2020-01-29,07:24,Wed,503,True,P37 - P+R_Beverwaard
2020-01-29,07:25,Wed,503,True,P37 - P+R_Beverwaard
2020-01-29,07:26,Wed,503,True,P37 - P+R_Beverwaard
2020-01-29,07:27,Wed,503,True,P37 - P+R_Beverwaard
2020-01-29,07:28,Wed,503,True,P37 - P+R_Beverwaard
2020-01-29,07:29,Wed,503,True,P37 - P+R_Beverwaard
2020-01-29,07:30,Wed,503,True,P37 - P+R_Beverwaard
2020-01-29,07:31,Wed,503,True,P37 - P+R_Beverwaard
2020-01-29,07:32,Wed,503,True,P37 - P+R_Beverwaard
2020-01-29,07:33,Wed,503,True,P37 - P+R_Beverwaard
2020-01-29,07:34,Wed,503,True,P37 - P+R_Beverwaard
2020-01-29,07:35,Wed,503,True,P37 - P+R_Beverwaard
2020-01-29,07:36,Wed,503,True,P37 - P+R_Beverwaard
2020-01-29,07:37,Wed,503,True,P37 - P+R_Beverwaard
2020-01-29,07:38,Wed,503,True,P37 - P+R_Beverwaard
2020-01-29,07:39,Wed,503,True,P37 - P+R_Beverwaard
2020-01-29,07:40,Wed,503,True,P37 - P+R_Beverwaard
2020-01-29,07:41,Wed,503,True,P37 - P+R_Beverwaard
2020-01-29,07:42,Wed,503,True,P37 - P+R_Beverwaard
2020-01-29,07:43,Wed,503,True,P37 - P+R_Beverwaard
2020-01-29,07:44,Wed,503,True,P37 - P+R_Beverwaard
2020-01-29,07:45,Wed,503,True,P37 - P+R_Beverwaard
2020-01-29,07:46,Wed,503,True,P37 - P+R_Beverwaard
2020-01-29,07:47,Wed,503,True,P37 - P+R_Beverwaard
2020-01-29,07:48,Wed,503,True,P37 - P+R_Beverwaard
2020-01-29,07:49,Wed,503,True,P37 - P+R_Beverwaard
2020-01-29,07:50,Wed,503,True,P37 - P+R_Beverwaard
2020-01-29,07:51,Wed,503,True,P37 - P+R_Beverwaard
2020-01-29,07:52,Wed,503,True,P37 - P+R_Beverwaard
2020-01-29,07:53,Wed,503,True,P37 - P+R_Beverwaard
2020-01-29,07:54,Wed,503,True,P37 - P+R_Beverwaard
2020-01-29,07:55,Wed,503,True,P37 - P+R_Beverwaard
2020-01-29,07:56,Wed,503,True,P37 - P+R_Beverwaard
2020-01-29,07:57,Wed,503,True,P37 - P+R_Beverwaard
2020-01-29,07:58,Wed,503,True,P37 - P+R_Beverwaard
2020-01-29,07:59,Wed,503,True,P37 - P+R_Beverwaard
2020-01-29,08:00,Wed,503,True,P37 - P+R_Beverwaard
2020-01-29,08:01,Wed,503,True,P37 - P+R_Beverwaard
2020-01-29,08:02,Wed,503,True,P37 - P+R_Beverwaard
2020-01-29,08:03,Wed,503,True,P37 - P+R_Beverwaard
2020-01-29,08:04,Wed,503,True,P37 - P+R_Beverwaard
2020-01-29,08:05,Wed,503,True,P37 - P+R_Beverwaard
2020-01-29,08:06,Wed,503,True,P37 - P+R_Beverwaard
2020-01-29,08:07,Wed,503,True,P37 - P+R_Beverwaard
2020-01-29,08:08,Wed,503,True,P37 - P+R_Beverwaard
2020-01-29,08:09,Wed,503,True,P37 - P+R_Beverwaard
2020-01-29,08:10,Wed,503,True,P37 - P+R_Beverwaard
2020-01-29,08:11,Wed,503,True,P37 - P+R_Beverwaard
2020-01-29,08:12,Wed,503,True,P37 - P+R_Beverwaard
2020-01-29,08:13,Wed,503,True,P37 - P+R_Beverwaard
2020-01-29,08:14,Wed,503,True,P37 - P+R_Beverwaard
2020-01-29,08:15,Wed,503,True,P37 - P+R_Beverwaard
2020-01-29,08:16,Wed,503,True,P37 - P+R_Beverwaard
2020-01-29,08:17,Wed,503,True,P37 - P+R_Beverwaard
2020-01-29,08:18,Wed,503,True,P37 - P+R_Beverwaard
2020-01-29,08:19,Wed,503,True,P37 - P+R_Beverwaard
2020-01-29,08:20,Wed,503,True,P37 - P+R_Beverwaard
2020-01-29,08:21,Wed,503,True,P37 - P+R_Beverwaard
2020-01-29,08:22,Wed,503,True,P37 - P+R_Beverwaard
2020-01-29,08:23,Wed,503,True,P37 - P+R_Beverwaard
2020-01-29,08:24,Wed,503,True,P37 - P+R_Beverwaard
2020-01-29,08:25,Wed,503,True,P37 - P+R_Beverwaard
2020-01-29,08:26,Wed,503,True,P37 - P+R_Beverwaard
2020-01-29,08:27,Wed,503,True,P37 - P+R_Beverwaard
2020-01-29,08:28,Wed,503,True,P37 - P+R_Beverwaard
2020-01-29,08:29,Wed,503,True,P37 - P+R_Beverwaard
2020-01-29,08:30,Wed,503,True,P37 - P+R_Beverwaard
2020-01-29,08:31,Wed,503,True,P37 - P+R_Beverwaard
2020-01-29,08:32,Wed,503,True,P37 - P+R_Beverwaard
2020-01-29,08:33,Wed,503,True,P37 - P+R_Beverwaard
2020-01-29,08:34,Wed,503,True,P37 - P+R_Beverwaard
2020-01-29,08:35,Wed,503,True,P37 - P+R_Beverwaard
2020-01-29,08:36,Wed,503,True,P37 - P+R_Beverwaard
2020-01-29,08:37,Wed,503,True,P37 - P+R_Beverwaard
2020-01-29,08:38,Wed,503,True,P37 - P+R_Beverwaard
2020-01-29,08:39,Wed,503,True,P37 - P+R_Beverwaard
2020-01-29,08:40,Wed,503,True,P37 - P+R_Beverwaard
2020-01-29,08:41,Wed,503,True,P37 - P+R_Beverwaard
2020-01-29,08:42,Wed,503,True,P37 - P+R_Beverwaard
2020-01-29,08:43,Wed,503,True,P37 - P+R_Beverwaard
2020-01-29,08:44,Wed,503,True,P37 - P+R_Beverwaard
2020-01-29,08:45,Wed,503,True,P37 - P+R_Beverwaard
2020-01-29,08:46,Wed,503,True,P37 - P+R_Beverwaard
2020-01-29,08:47,Wed,503,True,P37 - P+R_Beverwaard
2020-01-29,08:48,Wed,503,True,P37 - P+R_Beverwaard
2020-01-29,08:49,Wed,503,True,P37 - P+R_Beverwaard
2020-01-29,08:50,Wed,503,True,P37 - P+R_Beverwaard
2020-01-29,08:51,Wed,503,True,P37 - P+R_Beverwaard
2020-01-29,08:52,Wed,503,True,P37 - P+R_Beverwaard
2020-01-29,08:53,Wed,503,True,P37 - P+R_Beverwaard
2020-01-29,08:54,Wed,503,True,P37 - P+R_Beverwaard
2020-01-29,08:55,Wed,503,True,P37 - P+R_Beverwaard
2020-01-29,08:56,Wed,503,True,P37 - P+R_Beverwaard
2020-01-29,08:57,Wed,503,True,P37 - P+R_Beverwaard
2020-01-29,08:58,Wed,503,True,P37 - P+R_Beverwaard
2020-01-29,08:59,Wed,503,True,P37 - P+R_Beverwaard
2020-01-29,09:00,Wed,503,True,P37 - P+R_Beverwaard
2020-01-29,09:01,Wed,503,True,P37 - P+R_Beverwaard
2020-01-29,09:02,Wed,503,True,P37 - P+R_Beverwaard
2020-01-29,09:03,Wed,503,True,P37 - P+R_Beverwaard
2020-01-29,09:04,Wed,503,True,P37 - P+R_Beverwaard
2020-01-29,09:05,Wed,503,True,P37 - P+R_Beverwaard
2020-01-29,09:06,Wed,503,True,P37 - P+R_Beverwaard
2020-01-29,09:07,Wed,503,True,P37 - P+R_Beverwaard
2020-01-29,09:08,Wed,503,True,P37 - P+R_Beverwaard
2020-01-29,09:09,Wed,503,True,P37 - P+R_Beverwaard
2020-01-29,09:10,Wed,503,True,P37 - P+R_Beverwaard
2020-01-29,09:11,Wed,503,True,P37 - P+R_Beverwaard
2020-01-29,09:12,Wed,503,True,P37 - P+R_Beverwaard
2020-01-29,09:13,Wed,503,True,P37 - P+R_Beverwaard
2020-01-29,09:14,Wed,503,True,P37 - P+R_Beverwaard
2020-01-29,09:15,Wed,503,True,P37 - P+R_Beverwaard
2020-01-29,09:16,Wed,503,True,P37 - P+R_Beverwaard
2020-01-29,09:17,Wed,503,True,P37 - P+R_Beverwaard
2020-01-29,09:18,Wed,503,True,P37 - P+R_Beverwaard
2020-01-29,09:19,Wed,503,True,P37 - P+R_Beverwaard
2020-01-29,09:20,Wed,503,True,P37 - P+R_Beverwaard
2020-01-29,09:21,Wed,503,True,P37 - P+R_Beverwaard
2020-01-29,09:22,Wed,503,True,P37 - P+R_Beverwaard
2020-01-29,09:23,Wed,503,True,P37 - P+R_Beverwaard
2020-01-29,09:24,Wed,503,True,P37 - P+R_Beverwaard
2020-01-29,09:25,Wed,503,True,P37 - P+R_Beverwaard
2020-01-29,09:26,Wed,503,True,P37 - P+R_Beverwaard
2020-01-29,09:27,Wed,503,True,P37 - P+R_Beverwaard
2020-01-29,09:28,Wed,503,True,P37 - P+R_Beverwaard
2020-01-29,09:29,Wed,503,True,P37 - P+R_Beverwaard
2020-01-29,09:30,Wed,503,True,P37 - P+R_Beverwaard
2020-01-29,09:31,Wed,503,True,P37 - P+R_Beverwaard
2020-01-29,09:32,Wed,503,True,P37 - P+R_Beverwaard
2020-01-29,09:33,Wed,503,True,P37 - P+R_Beverwaard
2020-01-29,09:34,Wed,503,True,P37 - P+R_Beverwaard
2020-01-29,09:35,Wed,503,True,P37 - P+R_Beverwaard
2020-01-29,09:36,Wed,503,True,P37 - P+R_Beverwaard
2020-01-29,09:37,Wed,503,True,P37 - P+R_Beverwaard
2020-01-29,09:38,Wed,503,True,P37 - P+R_Beverwaard
2020-01-29,09:39,Wed,503,True,P37 - P+R_Beverwaard
2020-01-29,09:40,Wed,503,True,P37 - P+R_Beverwaard
2020-01-29,09:41,Wed,503,True,P37 - P+R_Beverwaard
2020-01-29,09:42,Wed,503,True,P37 - P+R_Beverwaard
2020-01-29,09:43,Wed,503,True,P37 - P+R_Beverwaard
2020-01-29,09:44,Wed,503,True,P37 - P+R_Beverwaard
2020-01-29,09:45,Wed,503,True,P37 - P+R_Beverwaard
2020-01-29,09:46,Wed,503,True,P37 - P+R_Beverwaard
2020-01-29,09:47,Wed,503,True,P37 - P+R_Beverwaard
2020-01-29,09:48,Wed,503,True,P37 - P+R_Beverwaard
2020-01-29,09:49,Wed,503,True,P37 - P+R_Beverwaard
2020-01-29,09:50,Wed,503,True,P37 - P+R_Beverwaard
2020-01-29,09:51,Wed,503,True,P37 - P+R_Beverwaard
2020-01-29,09:52,Wed,503,True,P37 - P+R_Beverwaard
2020-01-29,09:53,Wed,503,True,P37 - P+R_Beverwaard
2020-01-29,09:54,Wed,503,True,P37 - P+R_Beverwaard
2020-01-29,09:55,Wed,503,True,P37 - P+R_Beverwaard
2020-01-29,09:56,Wed,503,True,P37 - P+R_Beverwaard
2020-01-29,09:57,Wed,503,True,P37 - P+R_Beverwaard
2020-01-29,09:58,Wed,503,True,P37 - P+R_Beverwaard
2020-01-29,09:59,Wed,503,True,P37 - P+R_Beverwaard
2020-01-29,10:00,Wed,503,True,P37 - P+R_Beverwaard
2020-01-29,10:01,Wed,503,True,P37 - P+R_Beverwaard
2020-01-29,10:02,Wed,503,True,P37 - P+R_Beverwaard
2020-01-29,10:03,Wed,503,True,P37 - P+R_Beverwaard
2020-01-29,10:04,Wed,503,True,P37 - P+R_Beverwaard
2020-01-29,10:05,Wed,503,True,P37 - P+R_Beverwaard
2020-01-29,10:06,Wed,503,True,P37 - P+R_Beverwaard
2020-01-29,10:07,Wed,503,True,P37 - P+R_Beverwaard
2020-01-29,10:08,Wed,503,True,P37 - P+R_Beverwaard
2020-01-29,10:09,Wed,503,True,P37 - P+R_Beverwaard
2020-01-29,10:10,Wed,503,True,P37 - P+R_Beverwaard
2020-01-29,10:11,Wed,503,True,P37 - P+R_Beverwaard
2020-01-29,10:12,Wed,503,True,P37 - P+R_Beverwaard
2020-01-29,10:13,Wed,503,True,P37 - P+R_Beverwaard
2020-01-29,10:14,Wed,503,True,P37 - P+R_Beverwaard
2020-01-29,10:15,Wed,503,True,P37 - P+R_Beverwaard
2020-01-29,10:16,Wed,503,True,P37 - P+R_Beverwaard
2020-01-29,10:17,Wed,503,True,P37 - P+R_Beverwaard
2020-01-29,10:18,Wed,503,True,P37 - P+R_Beverwaard
2020-01-29,10:19,Wed,503,True,P37 - P+R_Beverwaard
2020-01-29,10:20,Wed,503,True,P37 - P+R_Beverwaard
2020-01-29,10:21,Wed,503,True,P37 - P+R_Beverwaard
2020-01-29,10:22,Wed,503,True,P37 - P+R_Beverwaard
2020-01-29,10:23,Wed,503,True,P37 - P+R_Beverwaard
2020-01-29,10:24,Wed,503,True,P37 - P+R_Beverwaard
2020-01-29,10:25,Wed,503,True,P37 - P+R_Beverwaard
2020-01-29,10:26,Wed,503,True,P37 - P+R_Beverwaard
2020-01-29,10:27,Wed,503,True,P37 - P+R_Beverwaard
2020-01-29,10:28,Wed,503,True,P37 - P+R_Beverwaard
2020-01-29,10:29,Wed,503,True,P37 - P+R_Beverwaard
2020-01-29,10:30,Wed,503,True,P37 - P+R_Beverwaard
2020-01-29,10:31,Wed,503,True,P37 - P+R_Beverwaard
2020-01-29,10:32,Wed,503,True,P37 - P+R_Beverwaard
2020-01-29,10:33,Wed,503,True,P37 - P+R_Beverwaard
2020-01-29,10:34,Wed,503,True,P37 - P+R_Beverwaard
2020-01-29,10:35,Wed,503,True,P37 - P+R_Beverwaard
2020-01-29,10:36,Wed,503,True,P37 - P+R_Beverwaard
2020-01-29,10:37,Wed,503,True,P37 - P+R_Beverwaard
2020-01-29,10:38,Wed,503,True,P37 - P+R_Beverwaard
2020-01-29,10:39,Wed,503,True,P37 - P+R_Beverwaard
2020-01-29,10:40,Wed,503,True,P37 - P+R_Beverwaard
2020-01-29,10:41,Wed,503,True,P37 - P+R_Beverwaard
2020-01-29,10:42,Wed,503,True,P37 - P+R_Beverwaard
2020-01-29,10:43,Wed,503,True,P37 - P+R_Beverwaard
2020-01-29,10:44,Wed,503,True,P37 - P+R_Beverwaard
2020-01-29,10:45,Wed,503,True,P37 - P+R_Beverwaard
2020-01-29,10:46,Wed,503,True,P37 - P+R_Beverwaard
2020-01-29,10:47,Wed,503,True,P37 - P+R_Beverwaard
2020-01-29,10:48,Wed,503,True,P37 - P+R_Beverwaard
2020-01-29,10:49,Wed,503,True,P37 - P+R_Beverwaard
2020-01-29,10:50,Wed,503,True,P37 - P+R_Beverwaard
2020-01-29,10:51,Wed,503,True,P37 - P+R_Beverwaard
2020-01-29,10:52,Wed,503,True,P37 - P+R_Beverwaard
2020-01-29,10:53,Wed,503,True,P37 - P+R_Beverwaard
2020-01-29,10:54,Wed,503,True,P37 - P+R_Beverwaard
2020-01-29,10:55,Wed,503,True,P37 - P+R_Beverwaard
2020-01-29,10:56,Wed,503,True,P37 - P+R_Beverwaard
2020-01-29,10:57,Wed,503,True,P37 - P+R_Beverwaard
2020-01-29,10:58,Wed,503,True,P37 - P+R_Beverwaard
2020-01-29,10:59,Wed,503,True,P37 - P+R_Beverwaard
2020-01-29,11:00,Wed,503,True,P37 - P+R_Beverwaard
2020-01-29,11:01,Wed,503,True,P37 - P+R_Beverwaard
2020-01-29,11:02,Wed,503,True,P37 - P+R_Beverwaard
2020-01-29,11:03,Wed,503,True,P37 - P+R_Beverwaard
2020-01-29,11:04,Wed,503,True,P37 - P+R_Beverwaard
2020-01-29,11:05,Wed,503,True,P37 - P+R_Beverwaard
2020-01-29,11:06,Wed,503,True,P37 - P+R_Beverwaard
2020-01-29,11:07,Wed,503,True,P37 - P+R_Beverwaard
2020-01-29,11:08,Wed,503,True,P37 - P+R_Beverwaard
2020-01-29,11:09,Wed,503,True,P37 - P+R_Beverwaard
2020-01-29,11:10,Wed,503,True,P37 - P+R_Beverwaard
2020-01-29,11:11,Wed,503,True,P37 - P+R_Beverwaard
2020-01-29,11:12,Wed,503,True,P37 - P+R_Beverwaard
2020-01-29,11:13,Wed,503,True,P37 - P+R_Beverwaard
2020-01-29,11:14,Wed,503,True,P37 - P+R_Beverwaard
2020-01-29,11:15,Wed,503,True,P37 - P+R_Beverwaard
2020-01-29,11:16,Wed,503,True,P37 - P+R_Beverwaard
2020-01-29,11:17,Wed,503,True,P37 - P+R_Beverwaard
2020-01-29,11:18,Wed,503,True,P37 - P+R_Beverwaard
2020-01-29,11:19,Wed,503,True,P37 - P+R_Beverwaard
2020-01-29,11:20,Wed,503,True,P37 - P+R_Beverwaard
2020-01-29,11:21,Wed,503,True,P37 - P+R_Beverwaard
2020-01-29,11:22,Wed,503,True,P37 - P+R_Beverwaard
2020-01-29,11:23,Wed,503,True,P37 - P+R_Beverwaard
2020-01-29,11:24,Wed,503,True,P37 - P+R_Beverwaard
2020-01-29,11:25,Wed,503,True,P37 - P+R_Beverwaard
2020-01-29,11:26,Wed,503,True,P37 - P+R_Beverwaard
2020-01-29,11:27,Wed,503,True,P37 - P+R_Beverwaard
2020-01-29,11:28,Wed,503,True,P37 - P+R_Beverwaard
2020-01-29,11:29,Wed,503,True,P37 - P+R_Beverwaard
2020-01-29,11:30,Wed,503,True,P37 - P+R_Beverwaard
2020-01-29,11:31,Wed,503,True,P37 - P+R_Beverwaard
2020-01-29,11:32,Wed,503,True,P37 - P+R_Beverwaard
2020-01-29,11:33,Wed,503,True,P37 - P+R_Beverwaard
2020-01-29,11:34,Wed,503,True,P37 - P+R_Beverwaard
2020-01-29,11:35,Wed,503,True,P37 - P+R_Beverwaard
2020-01-29,11:36,Wed,503,True,P37 - P+R_Beverwaard
2020-01-29,11:37,Wed,503,True,P37 - P+R_Beverwaard
2020-01-29,11:38,Wed,503,True,P37 - P+R_Beverwaard
2020-01-29,11:39,Wed,503,True,P37 - P+R_Beverwaard
2020-01-29,11:40,Wed,503,True,P37 - P+R_Beverwaard
2020-01-29,11:41,Wed,503,True,P37 - P+R_Beverwaard
2020-01-29,11:42,Wed,503,True,P37 - P+R_Beverwaard
2020-01-29,11:43,Wed,503,True,P37 - P+R_Beverwaard
2020-01-29,11:44,Wed,503,True,P37 - P+R_Beverwaard
2020-01-29,11:45,Wed,503,True,P37 - P+R_Beverwaard
2020-01-29,11:46,Wed,503,True,P37 - P+R_Beverwaard
2020-01-29,11:47,Wed,503,True,P37 - P+R_Beverwaard
2020-01-29,11:48,Wed,503,True,P37 - P+R_Beverwaard
2020-01-29,11:49,Wed,503,True,P37 - P+R_Beverwaard
2020-01-29,11:50,Wed,503,True,P37 - P+R_Beverwaard
2020-01-29,11:51,Wed,503,True,P37 - P+R_Beverwaard
2020-01-29,11:52,Wed,503,True,P37 - P+R_Beverwaard
2020-01-29,11:53,Wed,503,True,P37 - P+R_Beverwaard
2020-01-29,11:54,Wed,503,True,P37 - P+R_Beverwaard
2020-01-29,11:55,Wed,503,True,P37 - P+R_Beverwaard
2020-01-29,11:56,Wed,503,True,P37 - P+R_Beverwaard
2020-01-29,11:57,Wed,503,True,P37 - P+R_Beverwaard
2020-01-29,11:58,Wed,503,True,P37 - P+R_Beverwaard
2020-01-29,11:59,Wed,503,True,P37 - P+R_Beverwaard
2020-01-29,12:00,Wed,503,True,P37 - P+R_Beverwaard
2020-01-29,12:01,Wed,503,True,P37 - P+R_Beverwaard
2020-01-29,12:02,Wed,503,True,P37 - P+R_Beverwaard
2020-01-29,12:03,Wed,503,True,P37 - P+R_Beverwaard
2020-01-29,12:04,Wed,503,True,P37 - P+R_Beverwaard
2020-01-29,12:05,Wed,503,True,P37 - P+R_Beverwaard
2020-01-29,12:06,Wed,503,True,P37 - P+R_Beverwaard
2020-01-29,12:07,Wed,503,True,P37 - P+R_Beverwaard
2020-01-29,12:08,Wed,503,True,P37 - P+R_Beverwaard
2020-01-29,12:09,Wed,503,True,P37 - P+R_Beverwaard
2020-01-29,12:10,Wed,503,True,P37 - P+R_Beverwaard
2020-01-29,12:11,Wed,503,True,P37 - P+R_Beverwaard
2020-01-29,12:12,Wed,503,True,P37 - P+R_Beverwaard
2020-01-29,12:13,Wed,503,True,P37 - P+R_Beverwaard
2020-01-29,12:14,Wed,503,True,P37 - P+R_Beverwaard
2020-01-29,12:15,Wed,503,True,P37 - P+R_Beverwaard
2020-01-29,12:16,Wed,503,True,P37 - P+R_Beverwaard
2020-01-29,12:17,Wed,503,True,P37 - P+R_Beverwaard
2020-01-29,12:18,Wed,503,True,P37 - P+R_Beverwaard
2020-01-29,12:19,Wed,503,True,P37 - P+R_Beverwaard
2020-01-29,12:20,Wed,503,True,P37 - P+R_Beverwaard
2020-01-29,12:21,Wed,503,True,P37 - P+R_Beverwaard
2020-01-29,12:22,Wed,503,True,P37 - P+R_Beverwaard
2020-01-29,12:23,Wed,503,True,P37 - P+R_Beverwaard
2020-01-29,12:24,Wed,503,True,P37 - P+R_Beverwaard
2020-01-29,12:25,Wed,503,True,P37 - P+R_Beverwaard
2020-01-29,12:26,Wed,503,True,P37 - P+R_Beverwaard
2020-01-29,12:27,Wed,503,True,P37 - P+R_Beverwaard
2020-01-29,12:28,Wed,503,True,P37 - P+R_Beverwaard
2020-01-29,12:29,Wed,503,True,P37 - P+R_Beverwaard
2020-01-29,12:30,Wed,503,True,P37 - P+R_Beverwaard
2020-01-29,12:31,Wed,503,True,P37 - P+R_Beverwaard
2020-01-29,12:32,Wed,503,True,P37 - P+R_Beverwaard
2020-01-29,12:33,Wed,503,True,P37 - P+R_Beverwaard
2020-01-29,12:34,Wed,503,True,P37 - P+R_Beverwaard
2020-01-29,12:35,Wed,503,True,P37 - P+R_Beverwaard
2020-01-29,12:36,Wed,503,True,P37 - P+R_Beverwaard
2020-01-29,12:37,Wed,503,True,P37 - P+R_Beverwaard
2020-01-29,12:38,Wed,503,True,P37 - P+R_Beverwaard
2020-01-29,12:39,Wed,503,True,P37 - P+R_Beverwaard
2020-01-29,12:40,Wed,503,True,P37 - P+R_Beverwaard
2020-01-29,12:41,Wed,503,True,P37 - P+R_Beverwaard
2020-01-29,12:42,Wed,503,True,P37 - P+R_Beverwaard
2020-01-29,12:43,Wed,503,True,P37 - P+R_Beverwaard
2020-01-29,12:44,Wed,503,True,P37 - P+R_Beverwaard
2020-01-29,12:45,Wed,503,True,P37 - P+R_Beverwaard
2020-01-29,12:46,Wed,503,True,P37 - P+R_Beverwaard
2020-01-29,12:47,Wed,503,True,P37 - P+R_Beverwaard
2020-01-29,12:48,Wed,503,True,P37 - P+R_Beverwaard
2020-01-29,12:49,Wed,503,True,P37 - P+R_Beverwaard
2020-01-29,12:50,Wed,503,True,P37 - P+R_Beverwaard
2020-01-29,12:51,Wed,503,True,P37 - P+R_Beverwaard
2020-01-29,12:52,Wed,503,True,P37 - P+R_Beverwaard
2020-01-29,12:53,Wed,503,True,P37 - P+R_Beverwaard
2020-01-29,12:54,Wed,503,True,P37 - P+R_Beverwaard
2020-01-29,12:55,Wed,503,True,P37 - P+R_Beverwaard
2020-01-29,12:56,Wed,503,True,P37 - P+R_Beverwaard
2020-01-29,12:57,Wed,503,True,P37 - P+R_Beverwaard
2020-01-29,12:58,Wed,503,True,P37 - P+R_Beverwaard
2020-01-29,12:59,Wed,503,True,P37 - P+R_Beverwaard
2020-01-29,13:00,Wed,503,True,P37 - P+R_Beverwaard
2020-01-29,13:01,Wed,503,True,P37 - P+R_Beverwaard
2020-01-29,13:02,Wed,503,True,P37 - P+R_Beverwaard
2020-01-29,13:03,Wed,503,True,P37 - P+R_Beverwaard
2020-01-29,13:04,Wed,503,True,P37 - P+R_Beverwaard
2020-01-29,13:05,Wed,503,True,P37 - P+R_Beverwaard
2020-01-29,13:06,Wed,503,True,P37 - P+R_Beverwaard
2020-01-29,13:07,Wed,503,True,P37 - P+R_Beverwaard
2020-01-29,13:08,Wed,503,True,P37 - P+R_Beverwaard
2020-01-29,13:09,Wed,503,True,P37 - P+R_Beverwaard
2020-01-29,13:10,Wed,503,True,P37 - P+R_Beverwaard
2020-01-29,13:11,Wed,503,True,P37 - P+R_Beverwaard
2020-01-29,13:12,Wed,503,True,P37 - P+R_Beverwaard
2020-01-29,13:13,Wed,503,True,P37 - P+R_Beverwaard
2020-01-29,13:14,Wed,503,True,P37 - P+R_Beverwaard
2020-01-29,13:15,Wed,503,True,P37 - P+R_Beverwaard
2020-01-29,13:16,Wed,503,True,P37 - P+R_Beverwaard
2020-01-29,13:17,Wed,503,True,P37 - P+R_Beverwaard
2020-01-29,13:18,Wed,503,True,P37 - P+R_Beverwaard
2020-01-29,13:19,Wed,503,True,P37 - P+R_Beverwaard
2020-01-29,13:20,Wed,503,True,P37 - P+R_Beverwaard
2020-01-29,13:21,Wed,503,True,P37 - P+R_Beverwaard
2020-01-29,13:22,Wed,503,True,P37 - P+R_Beverwaard
2020-01-29,13:23,Wed,503,True,P37 - P+R_Beverwaard
2020-01-29,13:24,Wed,503,True,P37 - P+R_Beverwaard
2020-01-29,13:25,Wed,503,True,P37 - P+R_Beverwaard
2020-01-29,13:26,Wed,503,True,P37 - P+R_Beverwaard
2020-01-29,13:27,Wed,503,True,P37 - P+R_Beverwaard
2020-01-29,13:28,Wed,503,True,P37 - P+R_Beverwaard
2020-01-29,13:29,Wed,503,True,P37 - P+R_Beverwaard
2020-01-29,13:30,Wed,503,True,P37 - P+R_Beverwaard
2020-01-29,13:31,Wed,503,True,P37 - P+R_Beverwaard
2020-01-29,13:33,Wed,503,True,P37 - P+R_Beverwaard
2020-01-29,13:34,Wed,503,True,P37 - P+R_Beverwaard
2020-01-29,13:35,Wed,503,True,P37 - P+R_Beverwaard
2020-01-29,13:36,Wed,503,True,P37 - P+R_Beverwaard
2020-01-29,13:37,Wed,503,True,P37 - P+R_Beverwaard
2020-01-29,13:38,Wed,503,True,P37 - P+R_Beverwaard
2020-01-29,13:39,Wed,503,True,P37 - P+R_Beverwaard
2020-01-29,13:40,Wed,503,True,P37 - P+R_Beverwaard
2020-01-29,13:41,Wed,503,True,P37 - P+R_Beverwaard
2020-01-29,13:42,Wed,503,True,P37 - P+R_Beverwaard
2020-01-29,13:43,Wed,503,True,P37 - P+R_Beverwaard
2020-01-29,13:44,Wed,503,True,P37 - P+R_Beverwaard
2020-01-29,13:45,Wed,503,True,P37 - P+R_Beverwaard
2020-01-29,13:46,Wed,503,True,P37 - P+R_Beverwaard
2020-01-29,13:47,Wed,503,True,P37 - P+R_Beverwaard
2020-01-29,13:48,Wed,503,True,P37 - P+R_Beverwaard
2020-01-29,13:49,Wed,503,True,P37 - P+R_Beverwaard
2020-01-29,13:50,Wed,503,True,P37 - P+R_Beverwaard
2020-01-29,13:51,Wed,503,True,P37 - P+R_Beverwaard
2020-01-29,13:52,Wed,503,True,P37 - P+R_Beverwaard
2020-01-29,13:53,Wed,503,True,P37 - P+R_Beverwaard
2020-01-29,13:54,Wed,503,True,P37 - P+R_Beverwaard
2020-01-29,13:55,Wed,503,True,P37 - P+R_Beverwaard
2020-01-29,13:56,Wed,503,True,P37 - P+R_Beverwaard
2020-01-29,13:57,Wed,503,True,P37 - P+R_Beverwaard
2020-01-29,13:58,Wed,503,True,P37 - P+R_Beverwaard
2020-01-29,13:59,Wed,503,True,P37 - P+R_Beverwaard
2020-01-29,14:00,Wed,503,True,P37 - P+R_Beverwaard
2020-01-29,14:01,Wed,503,True,P37 - P+R_Beverwaard
2020-01-29,14:02,Wed,503,True,P37 - P+R_Beverwaard
2020-01-29,14:03,Wed,503,True,P37 - P+R_Beverwaard
2020-01-29,14:04,Wed,503,True,P37 - P+R_Beverwaard
2020-01-29,14:05,Wed,503,True,P37 - P+R_Beverwaard
2020-01-29,14:06,Wed,503,True,P37 - P+R_Beverwaard
2020-01-29,14:07,Wed,503,True,P37 - P+R_Beverwaard
2020-01-29,14:08,Wed,503,True,P37 - P+R_Beverwaard
2020-01-29,14:09,Wed,503,True,P37 - P+R_Beverwaard
2020-01-29,14:10,Wed,503,True,P37 - P+R_Beverwaard
2020-01-29,14:11,Wed,503,True,P37 - P+R_Beverwaard
2020-01-29,14:12,Wed,503,True,P37 - P+R_Beverwaard
2020-01-29,14:13,Wed,503,True,P37 - P+R_Beverwaard
2020-01-29,14:14,Wed,503,True,P37 - P+R_Beverwaard
2020-01-29,14:15,Wed,503,True,P37 - P+R_Beverwaard
2020-01-29,14:16,Wed,503,True,P37 - P+R_Beverwaard
2020-01-29,14:17,Wed,503,True,P37 - P+R_Beverwaard
2020-01-29,14:18,Wed,503,True,P37 - P+R_Beverwaard
2020-01-29,14:19,Wed,503,True,P37 - P+R_Beverwaard
2020-01-29,14:20,Wed,503,True,P37 - P+R_Beverwaard
2020-01-29,14:21,Wed,503,True,P37 - P+R_Beverwaard
2020-01-29,14:22,Wed,503,True,P37 - P+R_Beverwaard
2020-01-29,14:23,Wed,503,True,P37 - P+R_Beverwaard
2020-01-29,14:24,Wed,503,True,P37 - P+R_Beverwaard
2020-01-29,14:25,Wed,503,True,P37 - P+R_Beverwaard
2020-01-29,14:26,Wed,503,True,P37 - P+R_Beverwaard
2020-01-29,14:27,Wed,503,True,P37 - P+R_Beverwaard
2020-01-29,14:28,Wed,503,True,P37 - P+R_Beverwaard
2020-01-29,14:29,Wed,503,True,P37 - P+R_Beverwaard
2020-01-29,14:30,Wed,503,True,P37 - P+R_Beverwaard
2020-01-29,14:31,Wed,503,True,P37 - P+R_Beverwaard
2020-01-29,14:32,Wed,503,True,P37 - P+R_Beverwaard
2020-01-29,14:33,Wed,503,True,P37 - P+R_Beverwaard
2020-01-29,14:34,Wed,503,True,P37 - P+R_Beverwaard
2020-01-29,14:35,Wed,503,True,P37 - P+R_Beverwaard
2020-01-29,14:36,Wed,503,True,P37 - P+R_Beverwaard
2020-01-29,14:37,Wed,503,True,P37 - P+R_Beverwaard
2020-01-29,14:38,Wed,503,True,P37 - P+R_Beverwaard
2020-01-29,14:39,Wed,503,True,P37 - P+R_Beverwaard
2020-01-29,14:40,Wed,503,True,P37 - P+R_Beverwaard
2020-01-29,14:41,Wed,503,True,P37 - P+R_Beverwaard
2020-01-29,14:42,Wed,503,True,P37 - P+R_Beverwaard
2020-01-29,14:43,Wed,503,True,P37 - P+R_Beverwaard
2020-01-29,14:44,Wed,503,True,P37 - P+R_Beverwaard
2020-01-29,14:45,Wed,503,True,P37 - P+R_Beverwaard
2020-01-29,14:46,Wed,503,True,P37 - P+R_Beverwaard
2020-01-29,14:47,Wed,503,True,P37 - P+R_Beverwaard
2020-01-29,14:48,Wed,503,True,P37 - P+R_Beverwaard
2020-01-29,14:49,Wed,503,True,P37 - P+R_Beverwaard
2020-01-29,14:50,Wed,503,True,P37 - P+R_Beverwaard
2020-01-29,14:51,Wed,503,True,P37 - P+R_Beverwaard
2020-01-29,14:52,Wed,503,True,P37 - P+R_Beverwaard
2020-01-29,14:53,Wed,503,True,P37 - P+R_Beverwaard
2020-01-29,14:54,Wed,503,True,P37 - P+R_Beverwaard
2020-01-29,14:55,Wed,503,True,P37 - P+R_Beverwaard
2020-01-29,14:56,Wed,503,True,P37 - P+R_Beverwaard
2020-01-29,14:57,Wed,503,True,P37 - P+R_Beverwaard
2020-01-29,14:58,Wed,503,True,P37 - P+R_Beverwaard
2020-01-29,14:59,Wed,503,True,P37 - P+R_Beverwaard
